Date,Region,Manufacturer,Measure,Frequency,Value,DateLabel,DateKey
2023-02-28,EU + EFTA + UK,Alfa Romeo,TTM,M,3405,2023-02,1677542400000
2023-02-28,EU + EFTA + UK,Alfa Romeo,UNITS,M,3405,2023-02,1677542400000
2023-02-28,EU + EFTA + UK,Alfa Romeo,YTD,M,3405,2023-02,1677542400000
2023-02-28,EU + EFTA + UK,Alpine,TTM,M,110,2023-02,1677542400000
2023-02-28,EU + EFTA + UK,Alpine,UNITS,M,110,2023-02,1677542400000
2023-02-28,EU + EFTA + UK,Alpine,YTD,M,110,2023-02,1677542400000
2023-02-28,EU + EFTA + UK,Audi,TTM,M,49456,2023-02,1677542400000
2023-02-28,EU + EFTA + UK,Audi,UNITS,M,49456,2023-02,1677542400000
2023-02-28,EU + EFTA + UK,Audi,YTD,M,49456,2023-02,1677542400000
2023-02-28,EU + EFTA + UK,BMW,TTM,M,45432,2023-02,1677542400000
2023-02-28,EU + EFTA + UK,BMW,UNITS,M,45432,2023-02,1677542400000
2023-02-28,EU + EFTA + UK,BMW,YTD,M,45432,2023-02,1677542400000
2023-02-28,EU + EFTA + UK,BMW Group,TTM,M,57526,2023-02,1677542400000
2023-02-28,EU + EFTA + UK,BMW Group,UNITS,M,57526,2023-02,1677542400000
2023-02-28,EU + EFTA + UK,BMW Group,YTD,M,57526,2023-02,1677542400000
2023-02-28,EU + EFTA + UK,Citroen,TTM,M,28931,2023-02,1677542400000
2023-02-28,EU + EFTA + UK,Citroen,UNITS,M,28931,2023-02,1677542400000
2023-02-28,EU + EFTA + UK,Citroen,YTD,M,28931,2023-02,1677542400000
2023-02-28,EU + EFTA + UK,Cupra,TTM,M,10588,2023-02,1677542400000
2023-02-28,EU + EFTA + UK,Cupra,UNITS,M,10588,2023-02,1677542400000
2023-02-28,EU + EFTA + UK,Cupra,YTD,M,10588,2023-02,1677542400000
2023-02-28,EU + EFTA + UK,DS,TTM,M,4103,2023-02,1677542400000
2023-02-28,EU + EFTA + UK,DS,UNITS,M,4103,2023-02,1677542400000
2023-02-28,EU + EFTA + UK,DS,YTD,M,4103,2023-02,1677542400000
2023-02-28,EU + EFTA + UK,Dacia,TTM,M,44742,2023-02,1677542400000
2023-02-28,EU + EFTA + UK,Dacia,UNITS,M,44742,2023-02,1677542400000
2023-02-28,EU + EFTA + UK,Dacia,YTD,M,44742,2023-02,1677542400000
2023-02-28,EU + EFTA + UK,Fiat,TTM,M,30616,2023-02,1677542400000
2023-02-28,EU + EFTA + UK,Fiat,UNITS,M,30616,2023-02,1677542400000
2023-02-28,EU + EFTA + UK,Fiat,YTD,M,30616,2023-02,1677542400000
2023-02-28,EU + EFTA + UK,Ford,TTM,M,39176,2023-02,1677542400000
2023-02-28,EU + EFTA + UK,Ford,UNITS,M,39176,2023-02,1677542400000
2023-02-28,EU + EFTA + UK,Ford,YTD,M,39176,2023-02,1677542400000
2023-02-28,EU + EFTA + UK,Honda,TTM,M,3681,2023-02,1677542400000
2023-02-28,EU + EFTA + UK,Honda,UNITS,M,3681,2023-02,1677542400000
2023-02-28,EU + EFTA + UK,Honda,YTD,M,3681,2023-02,1677542400000
2023-02-28,EU + EFTA + UK,Hyundai,TTM,M,37925,2023-02,1677542400000
2023-02-28,EU + EFTA + UK,Hyundai,UNITS,M,37925,2023-02,1677542400000
2023-02-28,EU + EFTA + UK,Hyundai,YTD,M,37925,2023-02,1677542400000
2023-02-28,EU + EFTA + UK,Hyundai Group,TTM,M,77349,2023-02,1677542400000
2023-02-28,EU + EFTA + UK,Hyundai Group,UNITS,M,77349,2023-02,1677542400000
2023-02-28,EU + EFTA + UK,Hyundai Group,YTD,M,77349,2023-02,1677542400000
2023-02-28,EU + EFTA + UK,Jaguar,TTM,M,1113,2023-02,1677542400000
2023-02-28,EU + EFTA + UK,Jaguar,UNITS,M,1113,2023-02,1677542400000
2023-02-28,EU + EFTA + UK,Jaguar,YTD,M,1113,2023-02,1677542400000
2023-02-28,EU + EFTA + UK,Jaguar Land Rover Group,TTM,M,7006,2023-02,1677542400000
2023-02-28,EU + EFTA + UK,Jaguar Land Rover Group,UNITS,M,7006,2023-02,1677542400000
2023-02-28,EU + EFTA + UK,Jaguar Land Rover Group,YTD,M,7006,2023-02,1677542400000
2023-02-28,EU + EFTA + UK,Jeep,TTM,M,9712,2023-02,1677542400000
2023-02-28,EU + EFTA + UK,Jeep,UNITS,M,9712,2023-02,1677542400000
2023-02-28,EU + EFTA + UK,Jeep,YTD,M,9712,2023-02,1677542400000
2023-02-28,EU + EFTA + UK,Kia,TTM,M,39424,2023-02,1677542400000
2023-02-28,EU + EFTA + UK,Kia,UNITS,M,39424,2023-02,1677542400000
2023-02-28,EU + EFTA + UK,Kia,YTD,M,39424,2023-02,1677542400000
2023-02-28,EU + EFTA + UK,Lancia/Chrysler,TTM,M,2466,2023-02,1677542400000
2023-02-28,EU + EFTA + UK,Lancia/Chrysler,UNITS,M,2466,2023-02,1677542400000
2023-02-28,EU + EFTA + UK,Lancia/Chrysler,YTD,M,2466,2023-02,1677542400000
2023-02-28,EU + EFTA + UK,Land Rover,TTM,M,5893,2023-02,1677542400000
2023-02-28,EU + EFTA + UK,Land Rover,UNITS,M,5893,2023-02,1677542400000
2023-02-28,EU + EFTA + UK,Land Rover,YTD,M,5893,2023-02,1677542400000
2023-02-28,EU + EFTA + UK,Lexus,TTM,M,3055,2023-02,1677542400000
2023-02-28,EU + EFTA + UK,Lexus,UNITS,M,3055,2023-02,1677542400000
2023-02-28,EU + EFTA + UK,Lexus,YTD,M,3055,2023-02,1677542400000
2023-02-28,EU + EFTA + UK,Mazda,TTM,M,12489,2023-02,1677542400000
2023-02-28,EU + EFTA + UK,Mazda,UNITS,M,12489,2023-02,1677542400000
2023-02-28,EU + EFTA + UK,Mazda,YTD,M,12489,2023-02,1677542400000
2023-02-28,EU + EFTA + UK,Mercedes,TTM,M,48565,2023-02,1677542400000
2023-02-28,EU + EFTA + UK,Mercedes,UNITS,M,48565,2023-02,1677542400000
2023-02-28,EU + EFTA + UK,Mercedes,YTD,M,48565,2023-02,1677542400000
2023-02-28,EU + EFTA + UK,Mercedes-Benz,TTM,M,50017,2023-02,1677542400000
2023-02-28,EU + EFTA + UK,Mercedes-Benz,UNITS,M,50017,2023-02,1677542400000
2023-02-28,EU + EFTA + UK,Mercedes-Benz,YTD,M,50017,2023-02,1677542400000
2023-02-28,EU + EFTA + UK,Mini,TTM,M,12094,2023-02,1677542400000
2023-02-28,EU + EFTA + UK,Mini,UNITS,M,12094,2023-02,1677542400000
2023-02-28,EU + EFTA + UK,Mini,YTD,M,12094,2023-02,1677542400000
2023-02-28,EU + EFTA + UK,Mitsubishi,TTM,M,2397,2023-02,1677542400000
2023-02-28,EU + EFTA + UK,Mitsubishi,UNITS,M,2397,2023-02,1677542400000
2023-02-28,EU + EFTA + UK,Mitsubishi,YTD,M,2397,2023-02,1677542400000
2023-02-28,EU + EFTA + UK,Nissan,TTM,M,19421,2023-02,1677542400000
2023-02-28,EU + EFTA + UK,Nissan,UNITS,M,19421,2023-02,1677542400000
2023-02-28,EU + EFTA + UK,Nissan,YTD,M,19421,2023-02,1677542400000
2023-02-28,EU + EFTA + UK,Opel/Vauxhall,TTM,M,33776,2023-02,1677542400000
2023-02-28,EU + EFTA + UK,Opel/Vauxhall,UNITS,M,33776,2023-02,1677542400000
2023-02-28,EU + EFTA + UK,Opel/Vauxhall,YTD,M,33776,2023-02,1677542400000
2023-02-28,EU + EFTA + UK,Peugeot,TTM,M,53542,2023-02,1677542400000
2023-02-28,EU + EFTA + UK,Peugeot,UNITS,M,53542,2023-02,1677542400000
2023-02-28,EU + EFTA + UK,Peugeot,YTD,M,53542,2023-02,1677542400000
2023-02-28,EU + EFTA + UK,Porsche,TTM,M,6557,2023-02,1677542400000
2023-02-28,EU + EFTA + UK,Porsche,UNITS,M,6557,2023-02,1677542400000
2023-02-28,EU + EFTA + UK,Porsche,YTD,M,6557,2023-02,1677542400000
2023-02-28,EU + EFTA + UK,Renault,TTM,M,46446,2023-02,1677542400000
2023-02-28,EU + EFTA + UK,Renault,UNITS,M,46446,2023-02,1677542400000
2023-02-28,EU + EFTA + UK,Renault,YTD,M,46446,2023-02,1677542400000
2023-02-28,EU + EFTA + UK,Renault Group,TTM,M,91298,2023-02,1677542400000
2023-02-28,EU + EFTA + UK,Renault Group,UNITS,M,91298,2023-02,1677542400000
2023-02-28,EU + EFTA + UK,Renault Group,YTD,M,91298,2023-02,1677542400000
2023-02-28,EU + EFTA + UK,SAIC Motor,TTM,M,7736,2023-02,1677542400000
2023-02-28,EU + EFTA + UK,SAIC Motor,UNITS,M,7736,2023-02,1677542400000
2023-02-28,EU + EFTA + UK,SAIC Motor,YTD,M,7736,2023-02,1677542400000
2023-02-28,EU + EFTA + UK,Seat,TTM,M,20671,2023-02,1677542400000
2023-02-28,EU + EFTA + UK,Seat,UNITS,M,20671,2023-02,1677542400000
2023-02-28,EU + EFTA + UK,Seat,YTD,M,20671,2023-02,1677542400000
2023-02-28,EU + EFTA + UK,Skoda,TTM,M,50851,2023-02,1677542400000
2023-02-28,EU + EFTA + UK,Skoda,UNITS,M,50851,2023-02,1677542400000
2023-02-28,EU + EFTA + UK,Skoda,YTD,M,50851,2023-02,1677542400000
2023-02-28,EU + EFTA + UK,Smart,TTM,M,1452,2023-02,1677542400000
2023-02-28,EU + EFTA + UK,Smart,UNITS,M,1452,2023-02,1677542400000
2023-02-28,EU + EFTA + UK,Smart,YTD,M,1452,2023-02,1677542400000
2023-02-28,EU + EFTA + UK,Stellantis,TTM,M,167180,2023-02,1677542400000
2023-02-28,EU + EFTA + UK,Stellantis,UNITS,M,167180,2023-02,1677542400000
2023-02-28,EU + EFTA + UK,Stellantis,YTD,M,167180,2023-02,1677542400000
2023-02-28,EU + EFTA + UK,Suzuki,TTM,M,12034,2023-02,1677542400000
2023-02-28,EU + EFTA + UK,Suzuki,UNITS,M,12034,2023-02,1677542400000
2023-02-28,EU + EFTA + UK,Suzuki,YTD,M,12034,2023-02,1677542400000
2023-02-28,EU + EFTA + UK,Tesla,TTM,M,23485,2023-02,1677542400000
2023-02-28,EU + EFTA + UK,Tesla,UNITS,M,23485,2023-02,1677542400000
2023-02-28,EU + EFTA + UK,Tesla,YTD,M,23485,2023-02,1677542400000
2023-02-28,EU + EFTA + UK,Toyota,TTM,M,62431,2023-02,1677542400000
2023-02-28,EU + EFTA + UK,Toyota,UNITS,M,62431,2023-02,1677542400000
2023-02-28,EU + EFTA + UK,Toyota,YTD,M,62431,2023-02,1677542400000
2023-02-28,EU + EFTA + UK,Toyota Group,TTM,M,65486,2023-02,1677542400000
2023-02-28,EU + EFTA + UK,Toyota Group,UNITS,M,65486,2023-02,1677542400000
2023-02-28,EU + EFTA + UK,Toyota Group,YTD,M,65486,2023-02,1677542400000
2023-02-28,EU + EFTA + UK,Volkswagen,TTM,M,96864,2023-02,1677542400000
2023-02-28,EU + EFTA + UK,Volkswagen,UNITS,M,96864,2023-02,1677542400000
2023-02-28,EU + EFTA + UK,Volkswagen,YTD,M,96864,2023-02,1677542400000
2023-02-28,EU + EFTA + UK,Volkswagen Group,TTM,M,235404,2023-02,1677542400000
2023-02-28,EU + EFTA + UK,Volkswagen Group,UNITS,M,235404,2023-02,1677542400000
2023-02-28,EU + EFTA + UK,Volkswagen Group,YTD,M,235404,2023-02,1677542400000
2023-02-28,EU + EFTA + UK,Volvo Cars,TTM,M,20074,2023-02,1677542400000
2023-02-28,EU + EFTA + UK,Volvo Cars,UNITS,M,20074,2023-02,1677542400000
2023-02-28,EU + EFTA + UK,Volvo Cars,YTD,M,20074,2023-02,1677542400000
2023-02-28,European Union (EU),Alfa Romeo,TTM,M,3289,2023-02,1677542400000
2023-02-28,European Union (EU),Alfa Romeo,UNITS,M,3289,2023-02,1677542400000
2023-02-28,European Union (EU),Alfa Romeo,YTD,M,3289,2023-02,1677542400000
2023-02-28,European Union (EU),Alpine,TTM,M,94,2023-02,1677542400000
2023-02-28,European Union (EU),Alpine,UNITS,M,94,2023-02,1677542400000
2023-02-28,European Union (EU),Alpine,YTD,M,94,2023-02,1677542400000
2023-02-28,European Union (EU),Audi,TTM,M,43004,2023-02,1677542400000
2023-02-28,European Union (EU),Audi,UNITS,M,43004,2023-02,1677542400000
2023-02-28,European Union (EU),Audi,YTD,M,43004,2023-02,1677542400000
2023-02-28,European Union (EU),BMW,TTM,M,39841,2023-02,1677542400000
2023-02-28,European Union (EU),BMW,UNITS,M,39841,2023-02,1677542400000
2023-02-28,European Union (EU),BMW,YTD,M,39841,2023-02,1677542400000
2023-02-28,European Union (EU),BMW Group,TTM,M,49709,2023-02,1677542400000
2023-02-28,European Union (EU),BMW Group,UNITS,M,49709,2023-02,1677542400000
2023-02-28,European Union (EU),BMW Group,YTD,M,49709,2023-02,1677542400000
2023-02-28,European Union (EU),Citroen,TTM,M,26851,2023-02,1677542400000
2023-02-28,European Union (EU),Citroen,UNITS,M,26851,2023-02,1677542400000
2023-02-28,European Union (EU),Citroen,YTD,M,26851,2023-02,1677542400000
2023-02-28,European Union (EU),Cupra,TTM,M,9276,2023-02,1677542400000
2023-02-28,European Union (EU),Cupra,UNITS,M,9276,2023-02,1677542400000
2023-02-28,European Union (EU),Cupra,YTD,M,9276,2023-02,1677542400000
2023-02-28,European Union (EU),DS,TTM,M,3851,2023-02,1677542400000
2023-02-28,European Union (EU),DS,UNITS,M,3851,2023-02,1677542400000
2023-02-28,European Union (EU),DS,YTD,M,3851,2023-02,1677542400000
2023-02-28,European Union (EU),Dacia,TTM,M,42372,2023-02,1677542400000
2023-02-28,European Union (EU),Dacia,UNITS,M,42372,2023-02,1677542400000
2023-02-28,European Union (EU),Dacia,YTD,M,42372,2023-02,1677542400000
2023-02-28,European Union (EU),Fiat,TTM,M,29519,2023-02,1677542400000
2023-02-28,European Union (EU),Fiat,UNITS,M,29519,2023-02,1677542400000
2023-02-28,European Union (EU),Fiat,YTD,M,29519,2023-02,1677542400000
2023-02-28,European Union (EU),Ford,TTM,M,31504,2023-02,1677542400000
2023-02-28,European Union (EU),Ford,UNITS,M,31504,2023-02,1677542400000
2023-02-28,European Union (EU),Ford,YTD,M,31504,2023-02,1677542400000
2023-02-28,European Union (EU),Honda,TTM,M,1772,2023-02,1677542400000
2023-02-28,European Union (EU),Honda,UNITS,M,1772,2023-02,1677542400000
2023-02-28,European Union (EU),Honda,YTD,M,1772,2023-02,1677542400000
2023-02-28,European Union (EU),Hyundai,TTM,M,32819,2023-02,1677542400000
2023-02-28,European Union (EU),Hyundai,UNITS,M,32819,2023-02,1677542400000
2023-02-28,European Union (EU),Hyundai,YTD,M,32819,2023-02,1677542400000
2023-02-28,European Union (EU),Hyundai Group,TTM,M,67738,2023-02,1677542400000
2023-02-28,European Union (EU),Hyundai Group,UNITS,M,67738,2023-02,1677542400000
2023-02-28,European Union (EU),Hyundai Group,YTD,M,67738,2023-02,1677542400000
2023-02-28,European Union (EU),Jaguar,TTM,M,750,2023-02,1677542400000
2023-02-28,European Union (EU),Jaguar,UNITS,M,750,2023-02,1677542400000
2023-02-28,European Union (EU),Jaguar,YTD,M,750,2023-02,1677542400000
2023-02-28,European Union (EU),Jaguar Land Rover Group,TTM,M,4948,2023-02,1677542400000
2023-02-28,European Union (EU),Jaguar Land Rover Group,UNITS,M,4948,2023-02,1677542400000
2023-02-28,European Union (EU),Jaguar Land Rover Group,YTD,M,4948,2023-02,1677542400000
2023-02-28,European Union (EU),Jeep,TTM,M,9217,2023-02,1677542400000
2023-02-28,European Union (EU),Jeep,UNITS,M,9217,2023-02,1677542400000
2023-02-28,European Union (EU),Jeep,YTD,M,9217,2023-02,1677542400000
2023-02-28,European Union (EU),Kia,TTM,M,34919,2023-02,1677542400000
2023-02-28,European Union (EU),Kia,UNITS,M,34919,2023-02,1677542400000
2023-02-28,European Union (EU),Kia,YTD,M,34919,2023-02,1677542400000
2023-02-28,European Union (EU),Lancia/Chrysler,TTM,M,2465,2023-02,1677542400000
2023-02-28,European Union (EU),Lancia/Chrysler,UNITS,M,2465,2023-02,1677542400000
2023-02-28,European Union (EU),Lancia/Chrysler,YTD,M,2465,2023-02,1677542400000
2023-02-28,European Union (EU),Land Rover,TTM,M,4198,2023-02,1677542400000
2023-02-28,European Union (EU),Land Rover,UNITS,M,4198,2023-02,1677542400000
2023-02-28,European Union (EU),Land Rover,YTD,M,4198,2023-02,1677542400000
2023-02-28,European Union (EU),Lexus,TTM,M,2539,2023-02,1677542400000
2023-02-28,European Union (EU),Lexus,UNITS,M,2539,2023-02,1677542400000
2023-02-28,European Union (EU),Lexus,YTD,M,2539,2023-02,1677542400000
2023-02-28,European Union (EU),Mazda,TTM,M,10976,2023-02,1677542400000
2023-02-28,European Union (EU),Mazda,UNITS,M,10976,2023-02,1677542400000
2023-02-28,European Union (EU),Mazda,YTD,M,10976,2023-02,1677542400000
2023-02-28,European Union (EU),Mercedes,TTM,M,44690,2023-02,1677542400000
2023-02-28,European Union (EU),Mercedes,UNITS,M,44690,2023-02,1677542400000
2023-02-28,European Union (EU),Mercedes,YTD,M,44690,2023-02,1677542400000
2023-02-28,European Union (EU),Mercedes-Benz,TTM,M,46122,2023-02,1677542400000
2023-02-28,European Union (EU),Mercedes-Benz,UNITS,M,46122,2023-02,1677542400000
2023-02-28,European Union (EU),Mercedes-Benz,YTD,M,46122,2023-02,1677542400000
2023-02-28,European Union (EU),Mini,TTM,M,9868,2023-02,1677542400000
2023-02-28,European Union (EU),Mini,UNITS,M,9868,2023-02,1677542400000
2023-02-28,European Union (EU),Mini,YTD,M,9868,2023-02,1677542400000
2023-02-28,European Union (EU),Mitsubishi,TTM,M,2303,2023-02,1677542400000
2023-02-28,European Union (EU),Mitsubishi,UNITS,M,2303,2023-02,1677542400000
2023-02-28,European Union (EU),Mitsubishi,YTD,M,2303,2023-02,1677542400000
2023-02-28,European Union (EU),Nissan,TTM,M,15841,2023-02,1677542400000
2023-02-28,European Union (EU),Nissan,UNITS,M,15841,2023-02,1677542400000
2023-02-28,European Union (EU),Nissan,YTD,M,15841,2023-02,1677542400000
2023-02-28,European Union (EU),Opel/Vauxhall,TTM,M,27911,2023-02,1677542400000
2023-02-28,European Union (EU),Opel/Vauxhall,UNITS,M,27911,2023-02,1677542400000
2023-02-28,European Union (EU),Opel/Vauxhall,YTD,M,27911,2023-02,1677542400000
2023-02-28,European Union (EU),Peugeot,TTM,M,50196,2023-02,1677542400000
2023-02-28,European Union (EU),Peugeot,UNITS,M,50196,2023-02,1677542400000
2023-02-28,European Union (EU),Peugeot,YTD,M,50196,2023-02,1677542400000
2023-02-28,European Union (EU),Porsche,TTM,M,5570,2023-02,1677542400000
2023-02-28,European Union (EU),Porsche,UNITS,M,5570,2023-02,1677542400000
2023-02-28,European Union (EU),Porsche,YTD,M,5570,2023-02,1677542400000
2023-02-28,European Union (EU),Renault,TTM,M,44259,2023-02,1677542400000
2023-02-28,European Union (EU),Renault,UNITS,M,44259,2023-02,1677542400000
2023-02-28,European Union (EU),Renault,YTD,M,44259,2023-02,1677542400000
2023-02-28,European Union (EU),Renault Group,TTM,M,86725,2023-02,1677542400000
2023-02-28,European Union (EU),Renault Group,UNITS,M,86725,2023-02,1677542400000
2023-02-28,European Union (EU),Renault Group,YTD,M,86725,2023-02,1677542400000
2023-02-28,European Union (EU),SAIC Motor,TTM,M,6520,2023-02,1677542400000
2023-02-28,European Union (EU),SAIC Motor,UNITS,M,6520,2023-02,1677542400000
2023-02-28,European Union (EU),SAIC Motor,YTD,M,6520,2023-02,1677542400000
2023-02-28,European Union (EU),Seat,TTM,M,18537,2023-02,1677542400000
2023-02-28,European Union (EU),Seat,UNITS,M,18537,2023-02,1677542400000
2023-02-28,European Union (EU),Seat,YTD,M,18537,2023-02,1677542400000
2023-02-28,European Union (EU),Skoda,TTM,M,44993,2023-02,1677542400000
2023-02-28,European Union (EU),Skoda,UNITS,M,44993,2023-02,1677542400000
2023-02-28,European Union (EU),Skoda,YTD,M,44993,2023-02,1677542400000
2023-02-28,European Union (EU),Smart,TTM,M,1432,2023-02,1677542400000
2023-02-28,European Union (EU),Smart,UNITS,M,1432,2023-02,1677542400000
2023-02-28,European Union (EU),Smart,YTD,M,1432,2023-02,1677542400000
2023-02-28,European Union (EU),Stellantis,TTM,M,153862,2023-02,1677542400000
2023-02-28,European Union (EU),Stellantis,UNITS,M,153862,2023-02,1677542400000
2023-02-28,European Union (EU),Stellantis,YTD,M,153862,2023-02,1677542400000
2023-02-28,European Union (EU),Suzuki,TTM,M,10720,2023-02,1677542400000
2023-02-28,European Union (EU),Suzuki,UNITS,M,10720,2023-02,1677542400000
2023-02-28,European Union (EU),Suzuki,YTD,M,10720,2023-02,1677542400000
2023-02-28,European Union (EU),Tesla,TTM,M,19284,2023-02,1677542400000
2023-02-28,European Union (EU),Tesla,UNITS,M,19284,2023-02,1677542400000
2023-02-28,European Union (EU),Tesla,YTD,M,19284,2023-02,1677542400000
2023-02-28,European Union (EU),Toyota,TTM,M,56408,2023-02,1677542400000
2023-02-28,European Union (EU),Toyota,UNITS,M,56408,2023-02,1677542400000
2023-02-28,European Union (EU),Toyota,YTD,M,56408,2023-02,1677542400000
2023-02-28,European Union (EU),Toyota Group,TTM,M,58947,2023-02,1677542400000
2023-02-28,European Union (EU),Toyota Group,UNITS,M,58947,2023-02,1677542400000
2023-02-28,European Union (EU),Toyota Group,YTD,M,58947,2023-02,1677542400000
2023-02-28,European Union (EU),Volkswagen,TTM,M,86820,2023-02,1677542400000
2023-02-28,European Union (EU),Volkswagen,UNITS,M,86820,2023-02,1677542400000
2023-02-28,European Union (EU),Volkswagen,YTD,M,86820,2023-02,1677542400000
2023-02-28,European Union (EU),Volkswagen Group,TTM,M,208503,2023-02,1677542400000
2023-02-28,European Union (EU),Volkswagen Group,UNITS,M,208503,2023-02,1677542400000
2023-02-28,European Union (EU),Volkswagen Group,YTD,M,208503,2023-02,1677542400000
2023-02-28,European Union (EU),Volvo Cars,TTM,M,16749,2023-02,1677542400000
2023-02-28,European Union (EU),Volvo Cars,UNITS,M,16749,2023-02,1677542400000
2023-02-28,European Union (EU),Volvo Cars,YTD,M,16749,2023-02,1677542400000
2023-03-31,EU + EFTA + UK,Alfa Romeo,TTM,M,9045,2023-03,1680220800000
2023-03-31,EU + EFTA + UK,Alfa Romeo,UNITS,M,5640,2023-03,1680220800000
2023-03-31,EU + EFTA + UK,Alfa Romeo,YTD,M,9045,2023-03,1680220800000
2023-03-31,EU + EFTA + UK,Alpine,TTM,M,306,2023-03,1680220800000
2023-03-31,EU + EFTA + UK,Alpine,UNITS,M,196,2023-03,1680220800000
2023-03-31,EU + EFTA + UK,Alpine,YTD,M,306,2023-03,1680220800000
2023-03-31,EU + EFTA + UK,Audi,TTM,M,130965,2023-03,1680220800000
2023-03-31,EU + EFTA + UK,Audi,UNITS,M,81509,2023-03,1680220800000
2023-03-31,EU + EFTA + UK,Audi,YTD,M,130965,2023-03,1680220800000
2023-03-31,EU + EFTA + UK,BMW,TTM,M,120063,2023-03,1680220800000
2023-03-31,EU + EFTA + UK,BMW,UNITS,M,74631,2023-03,1680220800000
2023-03-31,EU + EFTA + UK,BMW,YTD,M,120063,2023-03,1680220800000
2023-03-31,EU + EFTA + UK,BMW Group,TTM,M,155372,2023-03,1680220800000
2023-03-31,EU + EFTA + UK,BMW Group,UNITS,M,97846,2023-03,1680220800000
2023-03-31,EU + EFTA + UK,BMW Group,YTD,M,155372,2023-03,1680220800000
2023-03-31,EU + EFTA + UK,Citroen,TTM,M,75866,2023-03,1680220800000
2023-03-31,EU + EFTA + UK,Citroen,UNITS,M,46935,2023-03,1680220800000
2023-03-31,EU + EFTA + UK,Citroen,YTD,M,75866,2023-03,1680220800000
2023-03-31,EU + EFTA + UK,Cupra,TTM,M,30508,2023-03,1680220800000
2023-03-31,EU + EFTA + UK,Cupra,UNITS,M,19920,2023-03,1680220800000
2023-03-31,EU + EFTA + UK,Cupra,YTD,M,30508,2023-03,1680220800000
2023-03-31,EU + EFTA + UK,DS,TTM,M,9776,2023-03,1680220800000
2023-03-31,EU + EFTA + UK,DS,UNITS,M,5673,2023-03,1680220800000
2023-03-31,EU + EFTA + UK,DS,YTD,M,9776,2023-03,1680220800000
2023-03-31,EU + EFTA + UK,Dacia,TTM,M,98907,2023-03,1680220800000
2023-03-31,EU + EFTA + UK,Dacia,UNITS,M,54165,2023-03,1680220800000
2023-03-31,EU + EFTA + UK,Dacia,YTD,M,98907,2023-03,1680220800000
2023-03-31,EU + EFTA + UK,Fiat,TTM,M,71692,2023-03,1680220800000
2023-03-31,EU + EFTA + UK,Fiat,UNITS,M,41076,2023-03,1680220800000
2023-03-31,EU + EFTA + UK,Fiat,YTD,M,71692,2023-03,1680220800000
2023-03-31,EU + EFTA + UK,Ford,TTM,M,100716,2023-03,1680220800000
2023-03-31,EU + EFTA + UK,Ford,UNITS,M,61540,2023-03,1680220800000
2023-03-31,EU + EFTA + UK,Ford,YTD,M,100716,2023-03,1680220800000
2023-03-31,EU + EFTA + UK,Honda,TTM,M,11456,2023-03,1680220800000
2023-03-31,EU + EFTA + UK,Honda,UNITS,M,7775,2023-03,1680220800000
2023-03-31,EU + EFTA + UK,Honda,YTD,M,11456,2023-03,1680220800000
2023-03-31,EU + EFTA + UK,Hyundai,TTM,M,94221,2023-03,1680220800000
2023-03-31,EU + EFTA + UK,Hyundai,UNITS,M,56296,2023-03,1680220800000
2023-03-31,EU + EFTA + UK,Hyundai,YTD,M,94221,2023-03,1680220800000
2023-03-31,EU + EFTA + UK,Hyundai Group,TTM,M,196698,2023-03,1680220800000
2023-03-31,EU + EFTA + UK,Hyundai Group,UNITS,M,119349,2023-03,1680220800000
2023-03-31,EU + EFTA + UK,Hyundai Group,YTD,M,196698,2023-03,1680220800000
2023-03-31,EU + EFTA + UK,Jaguar,TTM,M,4393,2023-03,1680220800000
2023-03-31,EU + EFTA + UK,Jaguar,UNITS,M,3280,2023-03,1680220800000
2023-03-31,EU + EFTA + UK,Jaguar,YTD,M,4393,2023-03,1680220800000
2023-03-31,EU + EFTA + UK,Jaguar Land Rover Group,TTM,M,28697,2023-03,1680220800000
2023-03-31,EU + EFTA + UK,Jaguar Land Rover Group,UNITS,M,21691,2023-03,1680220800000
2023-03-31,EU + EFTA + UK,Jaguar Land Rover Group,YTD,M,28697,2023-03,1680220800000
2023-03-31,EU + EFTA + UK,Jeep,TTM,M,22242,2023-03,1680220800000
2023-03-31,EU + EFTA + UK,Jeep,UNITS,M,12530,2023-03,1680220800000
2023-03-31,EU + EFTA + UK,Jeep,YTD,M,22242,2023-03,1680220800000
2023-03-31,EU + EFTA + UK,Kia,TTM,M,102477,2023-03,1680220800000
2023-03-31,EU + EFTA + UK,Kia,UNITS,M,63053,2023-03,1680220800000
2023-03-31,EU + EFTA + UK,Kia,YTD,M,102477,2023-03,1680220800000
2023-03-31,EU + EFTA + UK,Lancia/Chrysler,TTM,M,7548,2023-03,1680220800000
2023-03-31,EU + EFTA + UK,Lancia/Chrysler,UNITS,M,5082,2023-03,1680220800000
2023-03-31,EU + EFTA + UK,Lancia/Chrysler,YTD,M,7548,2023-03,1680220800000
2023-03-31,EU + EFTA + UK,Land Rover,TTM,M,24304,2023-03,1680220800000
2023-03-31,EU + EFTA + UK,Land Rover,UNITS,M,18411,2023-03,1680220800000
2023-03-31,EU + EFTA + UK,Land Rover,YTD,M,24304,2023-03,1680220800000
2023-03-31,EU + EFTA + UK,Lexus,TTM,M,7578,2023-03,1680220800000
2023-03-31,EU + EFTA + UK,Lexus,UNITS,M,4523,2023-03,1680220800000
2023-03-31,EU + EFTA + UK,Lexus,YTD,M,7578,2023-03,1680220800000
2023-03-31,EU + EFTA + UK,Mazda,TTM,M,36150,2023-03,1680220800000
2023-03-31,EU + EFTA + UK,Mazda,UNITS,M,23661,2023-03,1680220800000
2023-03-31,EU + EFTA + UK,Mazda,YTD,M,36150,2023-03,1680220800000
2023-03-31,EU + EFTA + UK,Mercedes,TTM,M,125520,2023-03,1680220800000
2023-03-31,EU + EFTA + UK,Mercedes,UNITS,M,76955,2023-03,1680220800000
2023-03-31,EU + EFTA + UK,Mercedes,YTD,M,125520,2023-03,1680220800000
2023-03-31,EU + EFTA + UK,Mercedes-Benz,TTM,M,129537,2023-03,1680220800000
2023-03-31,EU + EFTA + UK,Mercedes-Benz,UNITS,M,79520,2023-03,1680220800000
2023-03-31,EU + EFTA + UK,Mercedes-Benz,YTD,M,129537,2023-03,1680220800000
2023-03-31,EU + EFTA + UK,Mini,TTM,M,35309,2023-03,1680220800000
2023-03-31,EU + EFTA + UK,Mini,UNITS,M,23215,2023-03,1680220800000
2023-03-31,EU + EFTA + UK,Mini,YTD,M,35309,2023-03,1680220800000
2023-03-31,EU + EFTA + UK,Mitsubishi,TTM,M,6176,2023-03,1680220800000
2023-03-31,EU + EFTA + UK,Mitsubishi,UNITS,M,3779,2023-03,1680220800000
2023-03-31,EU + EFTA + UK,Mitsubishi,YTD,M,6176,2023-03,1680220800000
2023-03-31,EU + EFTA + UK,Nissan,TTM,M,63015,2023-03,1680220800000
2023-03-31,EU + EFTA + UK,Nissan,UNITS,M,43594,2023-03,1680220800000
2023-03-31,EU + EFTA + UK,Nissan,YTD,M,63015,2023-03,1680220800000
2023-03-31,EU + EFTA + UK,Opel/Vauxhall,TTM,M,87596,2023-03,1680220800000
2023-03-31,EU + EFTA + UK,Opel/Vauxhall,UNITS,M,53820,2023-03,1680220800000
2023-03-31,EU + EFTA + UK,Opel/Vauxhall,YTD,M,87596,2023-03,1680220800000
2023-03-31,EU + EFTA + UK,Peugeot,TTM,M,132346,2023-03,1680220800000
2023-03-31,EU + EFTA + UK,Peugeot,UNITS,M,78804,2023-03,1680220800000
2023-03-31,EU + EFTA + UK,Peugeot,YTD,M,132346,2023-03,1680220800000
2023-03-31,EU + EFTA + UK,Porsche,TTM,M,18006,2023-03,1680220800000
2023-03-31,EU + EFTA + UK,Porsche,UNITS,M,11449,2023-03,1680220800000
2023-03-31,EU + EFTA + UK,Porsche,YTD,M,18006,2023-03,1680220800000
2023-03-31,EU + EFTA + UK,Renault,TTM,M,112437,2023-03,1680220800000
2023-03-31,EU + EFTA + UK,Renault,UNITS,M,65991,2023-03,1680220800000
2023-03-31,EU + EFTA + UK,Renault,YTD,M,112437,2023-03,1680220800000
2023-03-31,EU + EFTA + UK,Renault Group,TTM,M,211650,2023-03,1680220800000
2023-03-31,EU + EFTA + UK,Renault Group,UNITS,M,120352,2023-03,1680220800000
2023-03-31,EU + EFTA + UK,Renault Group,YTD,M,211650,2023-03,1680220800000
2023-03-31,EU + EFTA + UK,SAIC Motor,TTM,M,31688,2023-03,1680220800000
2023-03-31,EU + EFTA + UK,SAIC Motor,UNITS,M,23952,2023-03,1680220800000
2023-03-31,EU + EFTA + UK,SAIC Motor,YTD,M,31688,2023-03,1680220800000
2023-03-31,EU + EFTA + UK,Seat,TTM,M,49066,2023-03,1680220800000
2023-03-31,EU + EFTA + UK,Seat,UNITS,M,28395,2023-03,1680220800000
2023-03-31,EU + EFTA + UK,Seat,YTD,M,49066,2023-03,1680220800000
2023-03-31,EU + EFTA + UK,Skoda,TTM,M,117079,2023-03,1680220800000
2023-03-31,EU + EFTA + UK,Skoda,UNITS,M,66228,2023-03,1680220800000
2023-03-31,EU + EFTA + UK,Skoda,YTD,M,117079,2023-03,1680220800000
2023-03-31,EU + EFTA + UK,Smart,TTM,M,4017,2023-03,1680220800000
2023-03-31,EU + EFTA + UK,Smart,UNITS,M,2565,2023-03,1680220800000
2023-03-31,EU + EFTA + UK,Smart,YTD,M,4017,2023-03,1680220800000
2023-03-31,EU + EFTA + UK,Stellantis,TTM,M,417853,2023-03,1680220800000
2023-03-31,EU + EFTA + UK,Stellantis,UNITS,M,250673,2023-03,1680220800000
2023-03-31,EU + EFTA + UK,Stellantis,YTD,M,417853,2023-03,1680220800000
2023-03-31,EU + EFTA + UK,Suzuki,TTM,M,32140,2023-03,1680220800000
2023-03-31,EU + EFTA + UK,Suzuki,UNITS,M,20106,2023-03,1680220800000
2023-03-31,EU + EFTA + UK,Suzuki,YTD,M,32140,2023-03,1680220800000
2023-03-31,EU + EFTA + UK,Tesla,TTM,M,85098,2023-03,1680220800000
2023-03-31,EU + EFTA + UK,Tesla,UNITS,M,61613,2023-03,1680220800000
2023-03-31,EU + EFTA + UK,Tesla,YTD,M,85098,2023-03,1680220800000
2023-03-31,EU + EFTA + UK,Toyota,TTM,M,150209,2023-03,1680220800000
2023-03-31,EU + EFTA + UK,Toyota,UNITS,M,87778,2023-03,1680220800000
2023-03-31,EU + EFTA + UK,Toyota,YTD,M,150209,2023-03,1680220800000
2023-03-31,EU + EFTA + UK,Toyota Group,TTM,M,157787,2023-03,1680220800000
2023-03-31,EU + EFTA + UK,Toyota Group,UNITS,M,92301,2023-03,1680220800000
2023-03-31,EU + EFTA + UK,Toyota Group,YTD,M,157787,2023-03,1680220800000
2023-03-31,EU + EFTA + UK,Volkswagen,TTM,M,234950,2023-03,1680220800000
2023-03-31,EU + EFTA + UK,Volkswagen,UNITS,M,138086,2023-03,1680220800000
2023-03-31,EU + EFTA + UK,Volkswagen,YTD,M,234950,2023-03,1680220800000
2023-03-31,EU + EFTA + UK,Volkswagen Group,TTM,M,582210,2023-03,1680220800000
2023-03-31,EU + EFTA + UK,Volkswagen Group,UNITS,M,346806,2023-03,1680220800000
2023-03-31,EU + EFTA + UK,Volkswagen Group,YTD,M,582210,2023-03,1680220800000
2023-03-31,EU + EFTA + UK,Volvo Cars,TTM,M,49186,2023-03,1680220800000
2023-03-31,EU + EFTA + UK,Volvo Cars,UNITS,M,29112,2023-03,1680220800000
2023-03-31,EU + EFTA + UK,Volvo Cars,YTD,M,49186,2023-03,1680220800000
2023-03-31,European Union (EU),Alfa Romeo,TTM,M,8536,2023-03,1680220800000
2023-03-31,European Union (EU),Alfa Romeo,UNITS,M,5247,2023-03,1680220800000
2023-03-31,European Union (EU),Alfa Romeo,YTD,M,8536,2023-03,1680220800000
2023-03-31,European Union (EU),Alpine,TTM,M,239,2023-03,1680220800000
2023-03-31,European Union (EU),Alpine,UNITS,M,145,2023-03,1680220800000
2023-03-31,European Union (EU),Alpine,YTD,M,239,2023-03,1680220800000
2023-03-31,European Union (EU),Audi,TTM,M,103156,2023-03,1680220800000
2023-03-31,European Union (EU),Audi,UNITS,M,60152,2023-03,1680220800000
2023-03-31,European Union (EU),Audi,YTD,M,103156,2023-03,1680220800000
2023-03-31,European Union (EU),BMW,TTM,M,97203,2023-03,1680220800000
2023-03-31,European Union (EU),BMW,UNITS,M,57362,2023-03,1680220800000
2023-03-31,European Union (EU),BMW,YTD,M,97203,2023-03,1680220800000
2023-03-31,European Union (EU),BMW Group,TTM,M,122310,2023-03,1680220800000
2023-03-31,European Union (EU),BMW Group,UNITS,M,72601,2023-03,1680220800000
2023-03-31,European Union (EU),BMW Group,YTD,M,122310,2023-03,1680220800000
2023-03-31,European Union (EU),Citroen,TTM,M,67918,2023-03,1680220800000
2023-03-31,European Union (EU),Citroen,UNITS,M,41067,2023-03,1680220800000
2023-03-31,European Union (EU),Citroen,YTD,M,67918,2023-03,1680220800000
2023-03-31,European Union (EU),Cupra,TTM,M,25489,2023-03,1680220800000
2023-03-31,European Union (EU),Cupra,UNITS,M,16213,2023-03,1680220800000
2023-03-31,European Union (EU),Cupra,YTD,M,25489,2023-03,1680220800000
2023-03-31,European Union (EU),DS,TTM,M,9082,2023-03,1680220800000
2023-03-31,European Union (EU),DS,UNITS,M,5231,2023-03,1680220800000
2023-03-31,European Union (EU),DS,YTD,M,9082,2023-03,1680220800000
2023-03-31,European Union (EU),Dacia,TTM,M,91363,2023-03,1680220800000
2023-03-31,European Union (EU),Dacia,UNITS,M,48991,2023-03,1680220800000
2023-03-31,European Union (EU),Dacia,YTD,M,91363,2023-03,1680220800000
2023-03-31,European Union (EU),Fiat,TTM,M,66705,2023-03,1680220800000
2023-03-31,European Union (EU),Fiat,UNITS,M,37186,2023-03,1680220800000
2023-03-31,European Union (EU),Fiat,YTD,M,66705,2023-03,1680220800000
2023-03-31,European Union (EU),Ford,TTM,M,71234,2023-03,1680220800000
2023-03-31,European Union (EU),Ford,UNITS,M,39730,2023-03,1680220800000
2023-03-31,European Union (EU),Ford,YTD,M,71234,2023-03,1680220800000
2023-03-31,European Union (EU),Honda,TTM,M,4578,2023-03,1680220800000
2023-03-31,European Union (EU),Honda,UNITS,M,2806,2023-03,1680220800000
2023-03-31,European Union (EU),Honda,YTD,M,4578,2023-03,1680220800000
2023-03-31,European Union (EU),Hyundai,TTM,M,74022,2023-03,1680220800000
2023-03-31,European Union (EU),Hyundai,UNITS,M,41203,2023-03,1680220800000
2023-03-31,European Union (EU),Hyundai,YTD,M,74022,2023-03,1680220800000
2023-03-31,European Union (EU),Hyundai Group,TTM,M,151069,2023-03,1680220800000
2023-03-31,European Union (EU),Hyundai Group,UNITS,M,83331,2023-03,1680220800000
2023-03-31,European Union (EU),Hyundai Group,YTD,M,151069,2023-03,1680220800000
2023-03-31,European Union (EU),Jaguar,TTM,M,2028,2023-03,1680220800000
2023-03-31,European Union (EU),Jaguar,UNITS,M,1278,2023-03,1680220800000
2023-03-31,European Union (EU),Jaguar,YTD,M,2028,2023-03,1680220800000
2023-03-31,European Union (EU),Jaguar Land Rover Group,TTM,M,12084,2023-03,1680220800000
2023-03-31,European Union (EU),Jaguar Land Rover Group,UNITS,M,7136,2023-03,1680220800000
2023-03-31,European Union (EU),Jaguar Land Rover Group,YTD,M,12084,2023-03,1680220800000
2023-03-31,European Union (EU),Jeep,TTM,M,20984,2023-03,1680220800000
2023-03-31,European Union (EU),Jeep,UNITS,M,11767,2023-03,1680220800000
2023-03-31,European Union (EU),Jeep,YTD,M,20984,2023-03,1680220800000
2023-03-31,European Union (EU),Kia,TTM,M,77047,2023-03,1680220800000
2023-03-31,European Union (EU),Kia,UNITS,M,42128,2023-03,1680220800000
2023-03-31,European Union (EU),Kia,YTD,M,77047,2023-03,1680220800000
2023-03-31,European Union (EU),Lancia/Chrysler,TTM,M,7546,2023-03,1680220800000
2023-03-31,European Union (EU),Lancia/Chrysler,UNITS,M,5081,2023-03,1680220800000
2023-03-31,European Union (EU),Lancia/Chrysler,YTD,M,7546,2023-03,1680220800000
2023-03-31,European Union (EU),Land Rover,TTM,M,10056,2023-03,1680220800000
2023-03-31,European Union (EU),Land Rover,UNITS,M,5858,2023-03,1680220800000
2023-03-31,European Union (EU),Land Rover,YTD,M,10056,2023-03,1680220800000
2023-03-31,European Union (EU),Lexus,TTM,M,5470,2023-03,1680220800000
2023-03-31,European Union (EU),Lexus,UNITS,M,2931,2023-03,1680220800000
2023-03-31,European Union (EU),Lexus,YTD,M,5470,2023-03,1680220800000
2023-03-31,European Union (EU),Mazda,TTM,M,28884,2023-03,1680220800000
2023-03-31,European Union (EU),Mazda,UNITS,M,17908,2023-03,1680220800000
2023-03-31,European Union (EU),Mazda,YTD,M,28884,2023-03,1680220800000
2023-03-31,European Union (EU),Mercedes,TTM,M,102746,2023-03,1680220800000
2023-03-31,European Union (EU),Mercedes,UNITS,M,58056,2023-03,1680220800000
2023-03-31,European Union (EU),Mercedes,YTD,M,102746,2023-03,1680220800000
2023-03-31,European Union (EU),Mercedes-Benz,TTM,M,106692,2023-03,1680220800000
2023-03-31,European Union (EU),Mercedes-Benz,UNITS,M,60570,2023-03,1680220800000
2023-03-31,European Union (EU),Mercedes-Benz,YTD,M,106692,2023-03,1680220800000
2023-03-31,European Union (EU),Mini,TTM,M,25107,2023-03,1680220800000
2023-03-31,European Union (EU),Mini,UNITS,M,15239,2023-03,1680220800000
2023-03-31,European Union (EU),Mini,YTD,M,25107,2023-03,1680220800000
2023-03-31,European Union (EU),Mitsubishi,TTM,M,5853,2023-03,1680220800000
2023-03-31,European Union (EU),Mitsubishi,UNITS,M,3550,2023-03,1680220800000
2023-03-31,European Union (EU),Mitsubishi,YTD,M,5853,2023-03,1680220800000
2023-03-31,European Union (EU),Nissan,TTM,M,41318,2023-03,1680220800000
2023-03-31,European Union (EU),Nissan,UNITS,M,25477,2023-03,1680220800000
2023-03-31,European Union (EU),Nissan,YTD,M,41318,2023-03,1680220800000
2023-03-31,European Union (EU),Opel/Vauxhall,TTM,M,69016,2023-03,1680220800000
2023-03-31,European Union (EU),Opel/Vauxhall,UNITS,M,41105,2023-03,1680220800000
2023-03-31,European Union (EU),Opel/Vauxhall,YTD,M,69016,2023-03,1680220800000
2023-03-31,European Union (EU),Peugeot,TTM,M,119035,2023-03,1680220800000
2023-03-31,European Union (EU),Peugeot,UNITS,M,68839,2023-03,1680220800000
2023-03-31,European Union (EU),Peugeot,YTD,M,119035,2023-03,1680220800000
2023-03-31,European Union (EU),Porsche,TTM,M,12816,2023-03,1680220800000
2023-03-31,European Union (EU),Porsche,UNITS,M,7246,2023-03,1680220800000
2023-03-31,European Union (EU),Porsche,YTD,M,12816,2023-03,1680220800000
2023-03-31,European Union (EU),Renault,TTM,M,105650,2023-03,1680220800000
2023-03-31,European Union (EU),Renault,UNITS,M,61391,2023-03,1680220800000
2023-03-31,European Union (EU),Renault,YTD,M,105650,2023-03,1680220800000
2023-03-31,European Union (EU),Renault Group,TTM,M,197252,2023-03,1680220800000
2023-03-31,European Union (EU),Renault Group,UNITS,M,110527,2023-03,1680220800000
2023-03-31,European Union (EU),Renault Group,YTD,M,197252,2023-03,1680220800000
2023-03-31,European Union (EU),SAIC Motor,TTM,M,17992,2023-03,1680220800000
2023-03-31,European Union (EU),SAIC Motor,UNITS,M,11472,2023-03,1680220800000
2023-03-31,European Union (EU),SAIC Motor,YTD,M,17992,2023-03,1680220800000
2023-03-31,European Union (EU),Seat,TTM,M,41616,2023-03,1680220800000
2023-03-31,European Union (EU),Seat,UNITS,M,23079,2023-03,1680220800000
2023-03-31,European Union (EU),Seat,YTD,M,41616,2023-03,1680220800000
2023-03-31,European Union (EU),Skoda,TTM,M,101481,2023-03,1680220800000
2023-03-31,European Union (EU),Skoda,UNITS,M,56488,2023-03,1680220800000
2023-03-31,European Union (EU),Skoda,YTD,M,101481,2023-03,1680220800000
2023-03-31,European Union (EU),Smart,TTM,M,3946,2023-03,1680220800000
2023-03-31,European Union (EU),Smart,UNITS,M,2514,2023-03,1680220800000
2023-03-31,European Union (EU),Smart,YTD,M,3946,2023-03,1680220800000
2023-03-31,European Union (EU),Stellantis,TTM,M,370245,2023-03,1680220800000
2023-03-31,European Union (EU),Stellantis,UNITS,M,216383,2023-03,1680220800000
2023-03-31,European Union (EU),Stellantis,YTD,M,370245,2023-03,1680220800000
2023-03-31,European Union (EU),Suzuki,TTM,M,25939,2023-03,1680220800000
2023-03-31,European Union (EU),Suzuki,UNITS,M,15219,2023-03,1680220800000
2023-03-31,European Union (EU),Suzuki,YTD,M,25939,2023-03,1680220800000
2023-03-31,European Union (EU),Tesla,TTM,M,60796,2023-03,1680220800000
2023-03-31,European Union (EU),Tesla,UNITS,M,41512,2023-03,1680220800000
2023-03-31,European Union (EU),Tesla,YTD,M,60796,2023-03,1680220800000
2023-03-31,European Union (EU),Toyota,TTM,M,120861,2023-03,1680220800000
2023-03-31,European Union (EU),Toyota,UNITS,M,64453,2023-03,1680220800000
2023-03-31,European Union (EU),Toyota,YTD,M,120861,2023-03,1680220800000
2023-03-31,European Union (EU),Toyota Group,TTM,M,126331,2023-03,1680220800000
2023-03-31,European Union (EU),Toyota Group,UNITS,M,67384,2023-03,1680220800000
2023-03-31,European Union (EU),Toyota Group,YTD,M,126331,2023-03,1680220800000
2023-03-31,European Union (EU),Volkswagen,TTM,M,198591,2023-03,1680220800000
2023-03-31,European Union (EU),Volkswagen,UNITS,M,111771,2023-03,1680220800000
2023-03-31,European Union (EU),Volkswagen,YTD,M,198591,2023-03,1680220800000
2023-03-31,European Union (EU),Volkswagen Group,TTM,M,484252,2023-03,1680220800000
2023-03-31,European Union (EU),Volkswagen Group,UNITS,M,275749,2023-03,1680220800000
2023-03-31,European Union (EU),Volkswagen Group,YTD,M,484252,2023-03,1680220800000
2023-03-31,European Union (EU),Volvo Cars,TTM,M,38132,2023-03,1680220800000
2023-03-31,European Union (EU),Volvo Cars,UNITS,M,21383,2023-03,1680220800000
2023-03-31,European Union (EU),Volvo Cars,YTD,M,38132,2023-03,1680220800000
2023-04-30,EU + EFTA + UK,Alfa Romeo,TTM,M,14685,2023-04,1682812800000
2023-04-30,EU + EFTA + UK,Alfa Romeo,UNITS,M,5640,2023-04,1682812800000
2023-04-30,EU + EFTA + UK,Alfa Romeo,YTD,M,14685,2023-04,1682812800000
2023-04-30,EU + EFTA + UK,Alpine,TTM,M,502,2023-04,1682812800000
2023-04-30,EU + EFTA + UK,Alpine,UNITS,M,196,2023-04,1682812800000
2023-04-30,EU + EFTA + UK,Alpine,YTD,M,502,2023-04,1682812800000
2023-04-30,EU + EFTA + UK,Audi,TTM,M,212474,2023-04,1682812800000
2023-04-30,EU + EFTA + UK,Audi,UNITS,M,81509,2023-04,1682812800000
2023-04-30,EU + EFTA + UK,Audi,YTD,M,212474,2023-04,1682812800000
2023-04-30,EU + EFTA + UK,BMW,TTM,M,194694,2023-04,1682812800000
2023-04-30,EU + EFTA + UK,BMW,UNITS,M,74631,2023-04,1682812800000
2023-04-30,EU + EFTA + UK,BMW,YTD,M,194694,2023-04,1682812800000
2023-04-30,EU + EFTA + UK,BMW Group,TTM,M,253218,2023-04,1682812800000
2023-04-30,EU + EFTA + UK,BMW Group,UNITS,M,97846,2023-04,1682812800000
2023-04-30,EU + EFTA + UK,BMW Group,YTD,M,253218,2023-04,1682812800000
2023-04-30,EU + EFTA + UK,Citroen,TTM,M,122801,2023-04,1682812800000
2023-04-30,EU + EFTA + UK,Citroen,UNITS,M,46935,2023-04,1682812800000
2023-04-30,EU + EFTA + UK,Citroen,YTD,M,122801,2023-04,1682812800000
2023-04-30,EU + EFTA + UK,Cupra,TTM,M,50428,2023-04,1682812800000
2023-04-30,EU + EFTA + UK,Cupra,UNITS,M,19920,2023-04,1682812800000
2023-04-30,EU + EFTA + UK,Cupra,YTD,M,50428,2023-04,1682812800000
2023-04-30,EU + EFTA + UK,DS,TTM,M,15449,2023-04,1682812800000
2023-04-30,EU + EFTA + UK,DS,UNITS,M,5673,2023-04,1682812800000
2023-04-30,EU + EFTA + UK,DS,YTD,M,15449,2023-04,1682812800000
2023-04-30,EU + EFTA + UK,Dacia,TTM,M,153072,2023-04,1682812800000
2023-04-30,EU + EFTA + UK,Dacia,UNITS,M,54165,2023-04,1682812800000
2023-04-30,EU + EFTA + UK,Dacia,YTD,M,153072,2023-04,1682812800000
2023-04-30,EU + EFTA + UK,Fiat,TTM,M,112768,2023-04,1682812800000
2023-04-30,EU + EFTA + UK,Fiat,UNITS,M,41076,2023-04,1682812800000
2023-04-30,EU + EFTA + UK,Fiat,YTD,M,112768,2023-04,1682812800000
2023-04-30,EU + EFTA + UK,Ford,TTM,M,162256,2023-04,1682812800000
2023-04-30,EU + EFTA + UK,Ford,UNITS,M,61540,2023-04,1682812800000
2023-04-30,EU + EFTA + UK,Ford,YTD,M,162256,2023-04,1682812800000
2023-04-30,EU + EFTA + UK,Honda,TTM,M,19231,2023-04,1682812800000
2023-04-30,EU + EFTA + UK,Honda,UNITS,M,7775,2023-04,1682812800000
2023-04-30,EU + EFTA + UK,Honda,YTD,M,19231,2023-04,1682812800000
2023-04-30,EU + EFTA + UK,Hyundai,TTM,M,150517,2023-04,1682812800000
2023-04-30,EU + EFTA + UK,Hyundai,UNITS,M,56296,2023-04,1682812800000
2023-04-30,EU + EFTA + UK,Hyundai,YTD,M,150517,2023-04,1682812800000
2023-04-30,EU + EFTA + UK,Hyundai Group,TTM,M,316047,2023-04,1682812800000
2023-04-30,EU + EFTA + UK,Hyundai Group,UNITS,M,119349,2023-04,1682812800000
2023-04-30,EU + EFTA + UK,Hyundai Group,YTD,M,316047,2023-04,1682812800000
2023-04-30,EU + EFTA + UK,Jaguar,TTM,M,7673,2023-04,1682812800000
2023-04-30,EU + EFTA + UK,Jaguar,UNITS,M,3280,2023-04,1682812800000
2023-04-30,EU + EFTA + UK,Jaguar,YTD,M,7673,2023-04,1682812800000
2023-04-30,EU + EFTA + UK,Jaguar Land Rover Group,TTM,M,50388,2023-04,1682812800000
2023-04-30,EU + EFTA + UK,Jaguar Land Rover Group,UNITS,M,21691,2023-04,1682812800000
2023-04-30,EU + EFTA + UK,Jaguar Land Rover Group,YTD,M,50388,2023-04,1682812800000
2023-04-30,EU + EFTA + UK,Jeep,TTM,M,34772,2023-04,1682812800000
2023-04-30,EU + EFTA + UK,Jeep,UNITS,M,12530,2023-04,1682812800000
2023-04-30,EU + EFTA + UK,Jeep,YTD,M,34772,2023-04,1682812800000
2023-04-30,EU + EFTA + UK,Kia,TTM,M,165530,2023-04,1682812800000
2023-04-30,EU + EFTA + UK,Kia,UNITS,M,63053,2023-04,1682812800000
2023-04-30,EU + EFTA + UK,Kia,YTD,M,165530,2023-04,1682812800000
2023-04-30,EU + EFTA + UK,Lancia/Chrysler,TTM,M,12630,2023-04,1682812800000
2023-04-30,EU + EFTA + UK,Lancia/Chrysler,UNITS,M,5082,2023-04,1682812800000
2023-04-30,EU + EFTA + UK,Lancia/Chrysler,YTD,M,12630,2023-04,1682812800000
2023-04-30,EU + EFTA + UK,Land Rover,TTM,M,42715,2023-04,1682812800000
2023-04-30,EU + EFTA + UK,Land Rover,UNITS,M,18411,2023-04,1682812800000
2023-04-30,EU + EFTA + UK,Land Rover,YTD,M,42715,2023-04,1682812800000
2023-04-30,EU + EFTA + UK,Lexus,TTM,M,12101,2023-04,1682812800000
2023-04-30,EU + EFTA + UK,Lexus,UNITS,M,4523,2023-04,1682812800000
2023-04-30,EU + EFTA + UK,Lexus,YTD,M,12101,2023-04,1682812800000
2023-04-30,EU + EFTA + UK,Mazda,TTM,M,59811,2023-04,1682812800000
2023-04-30,EU + EFTA + UK,Mazda,UNITS,M,23661,2023-04,1682812800000
2023-04-30,EU + EFTA + UK,Mazda,YTD,M,59811,2023-04,1682812800000
2023-04-30,EU + EFTA + UK,Mercedes,TTM,M,202475,2023-04,1682812800000
2023-04-30,EU + EFTA + UK,Mercedes,UNITS,M,76955,2023-04,1682812800000
2023-04-30,EU + EFTA + UK,Mercedes,YTD,M,202475,2023-04,1682812800000
2023-04-30,EU + EFTA + UK,Mercedes-Benz,TTM,M,209057,2023-04,1682812800000
2023-04-30,EU + EFTA + UK,Mercedes-Benz,UNITS,M,79520,2023-04,1682812800000
2023-04-30,EU + EFTA + UK,Mercedes-Benz,YTD,M,209057,2023-04,1682812800000
2023-04-30,EU + EFTA + UK,Mini,TTM,M,58524,2023-04,1682812800000
2023-04-30,EU + EFTA + UK,Mini,UNITS,M,23215,2023-04,1682812800000
2023-04-30,EU + EFTA + UK,Mini,YTD,M,58524,2023-04,1682812800000
2023-04-30,EU + EFTA + UK,Mitsubishi,TTM,M,9955,2023-04,1682812800000
2023-04-30,EU + EFTA + UK,Mitsubishi,UNITS,M,3779,2023-04,1682812800000
2023-04-30,EU + EFTA + UK,Mitsubishi,YTD,M,9955,2023-04,1682812800000
2023-04-30,EU + EFTA + UK,Nissan,TTM,M,106609,2023-04,1682812800000
2023-04-30,EU + EFTA + UK,Nissan,UNITS,M,43594,2023-04,1682812800000
2023-04-30,EU + EFTA + UK,Nissan,YTD,M,106609,2023-04,1682812800000
2023-04-30,EU + EFTA + UK,Opel/Vauxhall,TTM,M,141416,2023-04,1682812800000
2023-04-30,EU + EFTA + UK,Opel/Vauxhall,UNITS,M,53820,2023-04,1682812800000
2023-04-30,EU + EFTA + UK,Opel/Vauxhall,YTD,M,141416,2023-04,1682812800000
2023-04-30,EU + EFTA + UK,Peugeot,TTM,M,211150,2023-04,1682812800000
2023-04-30,EU + EFTA + UK,Peugeot,UNITS,M,78804,2023-04,1682812800000
2023-04-30,EU + EFTA + UK,Peugeot,YTD,M,211150,2023-04,1682812800000
2023-04-30,EU + EFTA + UK,Porsche,TTM,M,29455,2023-04,1682812800000
2023-04-30,EU + EFTA + UK,Porsche,UNITS,M,11449,2023-04,1682812800000
2023-04-30,EU + EFTA + UK,Porsche,YTD,M,29455,2023-04,1682812800000
2023-04-30,EU + EFTA + UK,Renault,TTM,M,178428,2023-04,1682812800000
2023-04-30,EU + EFTA + UK,Renault,UNITS,M,65991,2023-04,1682812800000
2023-04-30,EU + EFTA + UK,Renault,YTD,M,178428,2023-04,1682812800000
2023-04-30,EU + EFTA + UK,Renault Group,TTM,M,332002,2023-04,1682812800000
2023-04-30,EU + EFTA + UK,Renault Group,UNITS,M,120352,2023-04,1682812800000
2023-04-30,EU + EFTA + UK,Renault Group,YTD,M,332002,2023-04,1682812800000
2023-04-30,EU + EFTA + UK,SAIC Motor,TTM,M,55640,2023-04,1682812800000
2023-04-30,EU + EFTA + UK,SAIC Motor,UNITS,M,23952,2023-04,1682812800000
2023-04-30,EU + EFTA + UK,SAIC Motor,YTD,M,55640,2023-04,1682812800000
2023-04-30,EU + EFTA + UK,Seat,TTM,M,77461,2023-04,1682812800000
2023-04-30,EU + EFTA + UK,Seat,UNITS,M,28395,2023-04,1682812800000
2023-04-30,EU + EFTA + UK,Seat,YTD,M,77461,2023-04,1682812800000
2023-04-30,EU + EFTA + UK,Skoda,TTM,M,183307,2023-04,1682812800000
2023-04-30,EU + EFTA + UK,Skoda,UNITS,M,66228,2023-04,1682812800000
2023-04-30,EU + EFTA + UK,Skoda,YTD,M,183307,2023-04,1682812800000
2023-04-30,EU + EFTA + UK,Smart,TTM,M,6582,2023-04,1682812800000
2023-04-30,EU + EFTA + UK,Smart,UNITS,M,2565,2023-04,1682812800000
2023-04-30,EU + EFTA + UK,Smart,YTD,M,6582,2023-04,1682812800000
2023-04-30,EU + EFTA + UK,Stellantis,TTM,M,668526,2023-04,1682812800000
2023-04-30,EU + EFTA + UK,Stellantis,UNITS,M,250673,2023-04,1682812800000
2023-04-30,EU + EFTA + UK,Stellantis,YTD,M,668526,2023-04,1682812800000
2023-04-30,EU + EFTA + UK,Suzuki,TTM,M,52246,2023-04,1682812800000
2023-04-30,EU + EFTA + UK,Suzuki,UNITS,M,20106,2023-04,1682812800000
2023-04-30,EU + EFTA + UK,Suzuki,YTD,M,52246,2023-04,1682812800000
2023-04-30,EU + EFTA + UK,Tesla,TTM,M,146711,2023-04,1682812800000
2023-04-30,EU + EFTA + UK,Tesla,UNITS,M,61613,2023-04,1682812800000
2023-04-30,EU + EFTA + UK,Tesla,YTD,M,146711,2023-04,1682812800000
2023-04-30,EU + EFTA + UK,Toyota,TTM,M,237987,2023-04,1682812800000
2023-04-30,EU + EFTA + UK,Toyota,UNITS,M,87778,2023-04,1682812800000
2023-04-30,EU + EFTA + UK,Toyota,YTD,M,237987,2023-04,1682812800000
2023-04-30,EU + EFTA + UK,Toyota Group,TTM,M,250088,2023-04,1682812800000
2023-04-30,EU + EFTA + UK,Toyota Group,UNITS,M,92301,2023-04,1682812800000
2023-04-30,EU + EFTA + UK,Toyota Group,YTD,M,250088,2023-04,1682812800000
2023-04-30,EU + EFTA + UK,Volkswagen,TTM,M,373036,2023-04,1682812800000
2023-04-30,EU + EFTA + UK,Volkswagen,UNITS,M,138086,2023-04,1682812800000
2023-04-30,EU + EFTA + UK,Volkswagen,YTD,M,373036,2023-04,1682812800000
2023-04-30,EU + EFTA + UK,Volkswagen Group,TTM,M,929016,2023-04,1682812800000
2023-04-30,EU + EFTA + UK,Volkswagen Group,UNITS,M,346806,2023-04,1682812800000
2023-04-30,EU + EFTA + UK,Volkswagen Group,YTD,M,929016,2023-04,1682812800000
2023-04-30,EU + EFTA + UK,Volvo Cars,TTM,M,78298,2023-04,1682812800000
2023-04-30,EU + EFTA + UK,Volvo Cars,UNITS,M,29112,2023-04,1682812800000
2023-04-30,EU + EFTA + UK,Volvo Cars,YTD,M,78298,2023-04,1682812800000
2023-04-30,European Union (EU),Alfa Romeo,TTM,M,13783,2023-04,1682812800000
2023-04-30,European Union (EU),Alfa Romeo,UNITS,M,5247,2023-04,1682812800000
2023-04-30,European Union (EU),Alfa Romeo,YTD,M,13783,2023-04,1682812800000
2023-04-30,European Union (EU),Alpine,TTM,M,384,2023-04,1682812800000
2023-04-30,European Union (EU),Alpine,UNITS,M,145,2023-04,1682812800000
2023-04-30,European Union (EU),Alpine,YTD,M,384,2023-04,1682812800000
2023-04-30,European Union (EU),Audi,TTM,M,163308,2023-04,1682812800000
2023-04-30,European Union (EU),Audi,UNITS,M,60152,2023-04,1682812800000
2023-04-30,European Union (EU),Audi,YTD,M,163308,2023-04,1682812800000
2023-04-30,European Union (EU),BMW,TTM,M,154565,2023-04,1682812800000
2023-04-30,European Union (EU),BMW,UNITS,M,57362,2023-04,1682812800000
2023-04-30,European Union (EU),BMW,YTD,M,154565,2023-04,1682812800000
2023-04-30,European Union (EU),BMW Group,TTM,M,194911,2023-04,1682812800000
2023-04-30,European Union (EU),BMW Group,UNITS,M,72601,2023-04,1682812800000
2023-04-30,European Union (EU),BMW Group,YTD,M,194911,2023-04,1682812800000
2023-04-30,European Union (EU),Citroen,TTM,M,108985,2023-04,1682812800000
2023-04-30,European Union (EU),Citroen,UNITS,M,41067,2023-04,1682812800000
2023-04-30,European Union (EU),Citroen,YTD,M,108985,2023-04,1682812800000
2023-04-30,European Union (EU),Cupra,TTM,M,41702,2023-04,1682812800000
2023-04-30,European Union (EU),Cupra,UNITS,M,16213,2023-04,1682812800000
2023-04-30,European Union (EU),Cupra,YTD,M,41702,2023-04,1682812800000
2023-04-30,European Union (EU),DS,TTM,M,14313,2023-04,1682812800000
2023-04-30,European Union (EU),DS,UNITS,M,5231,2023-04,1682812800000
2023-04-30,European Union (EU),DS,YTD,M,14313,2023-04,1682812800000
2023-04-30,European Union (EU),Dacia,TTM,M,140354,2023-04,1682812800000
2023-04-30,European Union (EU),Dacia,UNITS,M,48991,2023-04,1682812800000
2023-04-30,European Union (EU),Dacia,YTD,M,140354,2023-04,1682812800000
2023-04-30,European Union (EU),Fiat,TTM,M,103891,2023-04,1682812800000
2023-04-30,European Union (EU),Fiat,UNITS,M,37186,2023-04,1682812800000
2023-04-30,European Union (EU),Fiat,YTD,M,103891,2023-04,1682812800000
2023-04-30,European Union (EU),Ford,TTM,M,110964,2023-04,1682812800000
2023-04-30,European Union (EU),Ford,UNITS,M,39730,2023-04,1682812800000
2023-04-30,European Union (EU),Ford,YTD,M,110964,2023-04,1682812800000
2023-04-30,European Union (EU),Honda,TTM,M,7384,2023-04,1682812800000
2023-04-30,European Union (EU),Honda,UNITS,M,2806,2023-04,1682812800000
2023-04-30,European Union (EU),Honda,YTD,M,7384,2023-04,1682812800000
2023-04-30,European Union (EU),Hyundai,TTM,M,115225,2023-04,1682812800000
2023-04-30,European Union (EU),Hyundai,UNITS,M,41203,2023-04,1682812800000
2023-04-30,European Union (EU),Hyundai,YTD,M,115225,2023-04,1682812800000
2023-04-30,European Union (EU),Hyundai Group,TTM,M,234400,2023-04,1682812800000
2023-04-30,European Union (EU),Hyundai Group,UNITS,M,83331,2023-04,1682812800000
2023-04-30,European Union (EU),Hyundai Group,YTD,M,234400,2023-04,1682812800000
2023-04-30,European Union (EU),Jaguar,TTM,M,3306,2023-04,1682812800000
2023-04-30,European Union (EU),Jaguar,UNITS,M,1278,2023-04,1682812800000
2023-04-30,European Union (EU),Jaguar,YTD,M,3306,2023-04,1682812800000
2023-04-30,European Union (EU),Jaguar Land Rover Group,TTM,M,19220,2023-04,1682812800000
2023-04-30,European Union (EU),Jaguar Land Rover Group,UNITS,M,7136,2023-04,1682812800000
2023-04-30,European Union (EU),Jaguar Land Rover Group,YTD,M,19220,2023-04,1682812800000
2023-04-30,European Union (EU),Jeep,TTM,M,32751,2023-04,1682812800000
2023-04-30,European Union (EU),Jeep,UNITS,M,11767,2023-04,1682812800000
2023-04-30,European Union (EU),Jeep,YTD,M,32751,2023-04,1682812800000
2023-04-30,European Union (EU),Kia,TTM,M,119175,2023-04,1682812800000
2023-04-30,European Union (EU),Kia,UNITS,M,42128,2023-04,1682812800000
2023-04-30,European Union (EU),Kia,YTD,M,119175,2023-04,1682812800000
2023-04-30,European Union (EU),Lancia/Chrysler,TTM,M,12627,2023-04,1682812800000
2023-04-30,European Union (EU),Lancia/Chrysler,UNITS,M,5081,2023-04,1682812800000
2023-04-30,European Union (EU),Lancia/Chrysler,YTD,M,12627,2023-04,1682812800000
2023-04-30,European Union (EU),Land Rover,TTM,M,15914,2023-04,1682812800000
2023-04-30,European Union (EU),Land Rover,UNITS,M,5858,2023-04,1682812800000
2023-04-30,European Union (EU),Land Rover,YTD,M,15914,2023-04,1682812800000
2023-04-30,European Union (EU),Lexus,TTM,M,8401,2023-04,1682812800000
2023-04-30,European Union (EU),Lexus,UNITS,M,2931,2023-04,1682812800000
2023-04-30,European Union (EU),Lexus,YTD,M,8401,2023-04,1682812800000
2023-04-30,European Union (EU),Mazda,TTM,M,46792,2023-04,1682812800000
2023-04-30,European Union (EU),Mazda,UNITS,M,17908,2023-04,1682812800000
2023-04-30,European Union (EU),Mazda,YTD,M,46792,2023-04,1682812800000
2023-04-30,European Union (EU),Mercedes,TTM,M,160802,2023-04,1682812800000
2023-04-30,European Union (EU),Mercedes,UNITS,M,58056,2023-04,1682812800000
2023-04-30,European Union (EU),Mercedes,YTD,M,160802,2023-04,1682812800000
2023-04-30,European Union (EU),Mercedes-Benz,TTM,M,167262,2023-04,1682812800000
2023-04-30,European Union (EU),Mercedes-Benz,UNITS,M,60570,2023-04,1682812800000
2023-04-30,European Union (EU),Mercedes-Benz,YTD,M,167262,2023-04,1682812800000
2023-04-30,European Union (EU),Mini,TTM,M,40346,2023-04,1682812800000
2023-04-30,European Union (EU),Mini,UNITS,M,15239,2023-04,1682812800000
2023-04-30,European Union (EU),Mini,YTD,M,40346,2023-04,1682812800000
2023-04-30,European Union (EU),Mitsubishi,TTM,M,9403,2023-04,1682812800000
2023-04-30,European Union (EU),Mitsubishi,UNITS,M,3550,2023-04,1682812800000
2023-04-30,European Union (EU),Mitsubishi,YTD,M,9403,2023-04,1682812800000
2023-04-30,European Union (EU),Nissan,TTM,M,66795,2023-04,1682812800000
2023-04-30,European Union (EU),Nissan,UNITS,M,25477,2023-04,1682812800000
2023-04-30,European Union (EU),Nissan,YTD,M,66795,2023-04,1682812800000
2023-04-30,European Union (EU),Opel/Vauxhall,TTM,M,110121,2023-04,1682812800000
2023-04-30,European Union (EU),Opel/Vauxhall,UNITS,M,41105,2023-04,1682812800000
2023-04-30,European Union (EU),Opel/Vauxhall,YTD,M,110121,2023-04,1682812800000
2023-04-30,European Union (EU),Peugeot,TTM,M,187874,2023-04,1682812800000
2023-04-30,European Union (EU),Peugeot,UNITS,M,68839,2023-04,1682812800000
2023-04-30,European Union (EU),Peugeot,YTD,M,187874,2023-04,1682812800000
2023-04-30,European Union (EU),Porsche,TTM,M,20062,2023-04,1682812800000
2023-04-30,European Union (EU),Porsche,UNITS,M,7246,2023-04,1682812800000
2023-04-30,European Union (EU),Porsche,YTD,M,20062,2023-04,1682812800000
2023-04-30,European Union (EU),Renault,TTM,M,167041,2023-04,1682812800000
2023-04-30,European Union (EU),Renault,UNITS,M,61391,2023-04,1682812800000
2023-04-30,European Union (EU),Renault,YTD,M,167041,2023-04,1682812800000
2023-04-30,European Union (EU),Renault Group,TTM,M,307779,2023-04,1682812800000
2023-04-30,European Union (EU),Renault Group,UNITS,M,110527,2023-04,1682812800000
2023-04-30,European Union (EU),Renault Group,YTD,M,307779,2023-04,1682812800000
2023-04-30,European Union (EU),SAIC Motor,TTM,M,29464,2023-04,1682812800000
2023-04-30,European Union (EU),SAIC Motor,UNITS,M,11472,2023-04,1682812800000
2023-04-30,European Union (EU),SAIC Motor,YTD,M,29464,2023-04,1682812800000
2023-04-30,European Union (EU),Seat,TTM,M,64695,2023-04,1682812800000
2023-04-30,European Union (EU),Seat,UNITS,M,23079,2023-04,1682812800000
2023-04-30,European Union (EU),Seat,YTD,M,64695,2023-04,1682812800000
2023-04-30,European Union (EU),Skoda,TTM,M,157969,2023-04,1682812800000
2023-04-30,European Union (EU),Skoda,UNITS,M,56488,2023-04,1682812800000
2023-04-30,European Union (EU),Skoda,YTD,M,157969,2023-04,1682812800000
2023-04-30,European Union (EU),Smart,TTM,M,6460,2023-04,1682812800000
2023-04-30,European Union (EU),Smart,UNITS,M,2514,2023-04,1682812800000
2023-04-30,European Union (EU),Smart,YTD,M,6460,2023-04,1682812800000
2023-04-30,European Union (EU),Stellantis,TTM,M,586628,2023-04,1682812800000
2023-04-30,European Union (EU),Stellantis,UNITS,M,216383,2023-04,1682812800000
2023-04-30,European Union (EU),Stellantis,YTD,M,586628,2023-04,1682812800000
2023-04-30,European Union (EU),Suzuki,TTM,M,41158,2023-04,1682812800000
2023-04-30,European Union (EU),Suzuki,UNITS,M,15219,2023-04,1682812800000
2023-04-30,European Union (EU),Suzuki,YTD,M,41158,2023-04,1682812800000
2023-04-30,European Union (EU),Tesla,TTM,M,102308,2023-04,1682812800000
2023-04-30,European Union (EU),Tesla,UNITS,M,41512,2023-04,1682812800000
2023-04-30,European Union (EU),Tesla,YTD,M,102308,2023-04,1682812800000
2023-04-30,European Union (EU),Toyota,TTM,M,185314,2023-04,1682812800000
2023-04-30,European Union (EU),Toyota,UNITS,M,64453,2023-04,1682812800000
2023-04-30,European Union (EU),Toyota,YTD,M,185314,2023-04,1682812800000
2023-04-30,European Union (EU),Toyota Group,TTM,M,193715,2023-04,1682812800000
2023-04-30,European Union (EU),Toyota Group,UNITS,M,67384,2023-04,1682812800000
2023-04-30,European Union (EU),Toyota Group,YTD,M,193715,2023-04,1682812800000
2023-04-30,European Union (EU),Volkswagen,TTM,M,310362,2023-04,1682812800000
2023-04-30,European Union (EU),Volkswagen,UNITS,M,111771,2023-04,1682812800000
2023-04-30,European Union (EU),Volkswagen,YTD,M,310362,2023-04,1682812800000
2023-04-30,European Union (EU),Volkswagen Group,TTM,M,760001,2023-04,1682812800000
2023-04-30,European Union (EU),Volkswagen Group,UNITS,M,275749,2023-04,1682812800000
2023-04-30,European Union (EU),Volkswagen Group,YTD,M,760001,2023-04,1682812800000
2023-04-30,European Union (EU),Volvo Cars,TTM,M,59515,2023-04,1682812800000
2023-04-30,European Union (EU),Volvo Cars,UNITS,M,21383,2023-04,1682812800000
2023-04-30,European Union (EU),Volvo Cars,YTD,M,59515,2023-04,1682812800000
2023-05-31,EU + EFTA + UK,Alfa Romeo,TTM,M,19421,2023-05,1685491200000
2023-05-31,EU + EFTA + UK,Alfa Romeo,UNITS,M,4736,2023-05,1685491200000
2023-05-31,EU + EFTA + UK,Alfa Romeo,YTD,M,19421,2023-05,1685491200000
2023-05-31,EU + EFTA + UK,Alpine,TTM,M,949,2023-05,1685491200000
2023-05-31,EU + EFTA + UK,Alpine,UNITS,M,447,2023-05,1685491200000
2023-05-31,EU + EFTA + UK,Alpine,YTD,M,949,2023-05,1685491200000
2023-05-31,EU + EFTA + UK,Audi,TTM,M,278242,2023-05,1685491200000
2023-05-31,EU + EFTA + UK,Audi,UNITS,M,65768,2023-05,1685491200000
2023-05-31,EU + EFTA + UK,Audi,YTD,M,278242,2023-05,1685491200000
2023-05-31,EU + EFTA + UK,BMW,TTM,M,264490,2023-05,1685491200000
2023-05-31,EU + EFTA + UK,BMW,UNITS,M,69796,2023-05,1685491200000
2023-05-31,EU + EFTA + UK,BMW,YTD,M,264490,2023-05,1685491200000
2023-05-31,EU + EFTA + UK,BMW Group,TTM,M,338312,2023-05,1685491200000
2023-05-31,EU + EFTA + UK,BMW Group,UNITS,M,85094,2023-05,1685491200000
2023-05-31,EU + EFTA + UK,BMW Group,YTD,M,338312,2023-05,1685491200000
2023-05-31,EU + EFTA + UK,Citroen,TTM,M,153032,2023-05,1685491200000
2023-05-31,EU + EFTA + UK,Citroen,UNITS,M,30231,2023-05,1685491200000
2023-05-31,EU + EFTA + UK,Citroen,YTD,M,153032,2023-05,1685491200000
2023-05-31,EU + EFTA + UK,Cupra,TTM,M,68161,2023-05,1685491200000
2023-05-31,EU + EFTA + UK,Cupra,UNITS,M,17733,2023-05,1685491200000
2023-05-31,EU + EFTA + UK,Cupra,YTD,M,68161,2023-05,1685491200000
2023-05-31,EU + EFTA + UK,DS,TTM,M,20452,2023-05,1685491200000
2023-05-31,EU + EFTA + UK,DS,UNITS,M,5003,2023-05,1685491200000
2023-05-31,EU + EFTA + UK,DS,YTD,M,20452,2023-05,1685491200000
2023-05-31,EU + EFTA + UK,Dacia,TTM,M,201018,2023-05,1685491200000
2023-05-31,EU + EFTA + UK,Dacia,UNITS,M,47946,2023-05,1685491200000
2023-05-31,EU + EFTA + UK,Dacia,YTD,M,201018,2023-05,1685491200000
2023-05-31,EU + EFTA + UK,Fiat,TTM,M,144534,2023-05,1685491200000
2023-05-31,EU + EFTA + UK,Fiat,UNITS,M,31766,2023-05,1685491200000
2023-05-31,EU + EFTA + UK,Fiat,YTD,M,144534,2023-05,1685491200000
2023-05-31,EU + EFTA + UK,Ford,TTM,M,207253,2023-05,1685491200000
2023-05-31,EU + EFTA + UK,Ford,UNITS,M,44997,2023-05,1685491200000
2023-05-31,EU + EFTA + UK,Ford,YTD,M,207253,2023-05,1685491200000
2023-05-31,EU + EFTA + UK,Honda,TTM,M,22960,2023-05,1685491200000
2023-05-31,EU + EFTA + UK,Honda,UNITS,M,3729,2023-05,1685491200000
2023-05-31,EU + EFTA + UK,Honda,YTD,M,22960,2023-05,1685491200000
2023-05-31,EU + EFTA + UK,Hyundai,TTM,M,195921,2023-05,1685491200000
2023-05-31,EU + EFTA + UK,Hyundai,UNITS,M,45404,2023-05,1685491200000
2023-05-31,EU + EFTA + UK,Hyundai,YTD,M,195921,2023-05,1685491200000
2023-05-31,EU + EFTA + UK,Hyundai Group,TTM,M,412964,2023-05,1685491200000
2023-05-31,EU + EFTA + UK,Hyundai Group,UNITS,M,96917,2023-05,1685491200000
2023-05-31,EU + EFTA + UK,Hyundai Group,YTD,M,412964,2023-05,1685491200000
2023-05-31,EU + EFTA + UK,Jaguar,TTM,M,9882,2023-05,1685491200000
2023-05-31,EU + EFTA + UK,Jaguar,UNITS,M,2209,2023-05,1685491200000
2023-05-31,EU + EFTA + UK,Jaguar,YTD,M,9882,2023-05,1685491200000
2023-05-31,EU + EFTA + UK,Jaguar Land Rover Group,TTM,M,61073,2023-05,1685491200000
2023-05-31,EU + EFTA + UK,Jaguar Land Rover Group,UNITS,M,10685,2023-05,1685491200000
2023-05-31,EU + EFTA + UK,Jaguar Land Rover Group,YTD,M,61073,2023-05,1685491200000
2023-05-31,EU + EFTA + UK,Jeep,TTM,M,45932,2023-05,1685491200000
2023-05-31,EU + EFTA + UK,Jeep,UNITS,M,11160,2023-05,1685491200000
2023-05-31,EU + EFTA + UK,Jeep,YTD,M,45932,2023-05,1685491200000
2023-05-31,EU + EFTA + UK,Kia,TTM,M,217043,2023-05,1685491200000
2023-05-31,EU + EFTA + UK,Kia,UNITS,M,51513,2023-05,1685491200000
2023-05-31,EU + EFTA + UK,Kia,YTD,M,217043,2023-05,1685491200000
2023-05-31,EU + EFTA + UK,Lancia/Chrysler,TTM,M,17342,2023-05,1685491200000
2023-05-31,EU + EFTA + UK,Lancia/Chrysler,UNITS,M,4712,2023-05,1685491200000
2023-05-31,EU + EFTA + UK,Lancia/Chrysler,YTD,M,17342,2023-05,1685491200000
2023-05-31,EU + EFTA + UK,Land Rover,TTM,M,51191,2023-05,1685491200000
2023-05-31,EU + EFTA + UK,Land Rover,UNITS,M,8476,2023-05,1685491200000
2023-05-31,EU + EFTA + UK,Land Rover,YTD,M,51191,2023-05,1685491200000
2023-05-31,EU + EFTA + UK,Lexus,TTM,M,17826,2023-05,1685491200000
2023-05-31,EU + EFTA + UK,Lexus,UNITS,M,5725,2023-05,1685491200000
2023-05-31,EU + EFTA + UK,Lexus,YTD,M,17826,2023-05,1685491200000
2023-05-31,EU + EFTA + UK,Mazda,TTM,M,73381,2023-05,1685491200000
2023-05-31,EU + EFTA + UK,Mazda,UNITS,M,13570,2023-05,1685491200000
2023-05-31,EU + EFTA + UK,Mazda,YTD,M,73381,2023-05,1685491200000
2023-05-31,EU + EFTA + UK,Mercedes,TTM,M,255520,2023-05,1685491200000
2023-05-31,EU + EFTA + UK,Mercedes,UNITS,M,53045,2023-05,1685491200000
2023-05-31,EU + EFTA + UK,Mercedes,YTD,M,255520,2023-05,1685491200000
2023-05-31,EU + EFTA + UK,Mercedes-Benz,TTM,M,264381,2023-05,1685491200000
2023-05-31,EU + EFTA + UK,Mercedes-Benz,UNITS,M,55324,2023-05,1685491200000
2023-05-31,EU + EFTA + UK,Mercedes-Benz,YTD,M,264381,2023-05,1685491200000
2023-05-31,EU + EFTA + UK,Mini,TTM,M,73822,2023-05,1685491200000
2023-05-31,EU + EFTA + UK,Mini,UNITS,M,15298,2023-05,1685491200000
2023-05-31,EU + EFTA + UK,Mini,YTD,M,73822,2023-05,1685491200000
2023-05-31,EU + EFTA + UK,Mitsubishi,TTM,M,13769,2023-05,1685491200000
2023-05-31,EU + EFTA + UK,Mitsubishi,UNITS,M,3814,2023-05,1685491200000
2023-05-31,EU + EFTA + UK,Mitsubishi,YTD,M,13769,2023-05,1685491200000
2023-05-31,EU + EFTA + UK,Nissan,TTM,M,127577,2023-05,1685491200000
2023-05-31,EU + EFTA + UK,Nissan,UNITS,M,20968,2023-05,1685491200000
2023-05-31,EU + EFTA + UK,Nissan,YTD,M,127577,2023-05,1685491200000
2023-05-31,EU + EFTA + UK,Opel/Vauxhall,TTM,M,182032,2023-05,1685491200000
2023-05-31,EU + EFTA + UK,Opel/Vauxhall,UNITS,M,40616,2023-05,1685491200000
2023-05-31,EU + EFTA + UK,Opel/Vauxhall,YTD,M,182032,2023-05,1685491200000
2023-05-31,EU + EFTA + UK,Peugeot,TTM,M,272718,2023-05,1685491200000
2023-05-31,EU + EFTA + UK,Peugeot,UNITS,M,61568,2023-05,1685491200000
2023-05-31,EU + EFTA + UK,Peugeot,YTD,M,272718,2023-05,1685491200000
2023-05-31,EU + EFTA + UK,Porsche,TTM,M,38009,2023-05,1685491200000
2023-05-31,EU + EFTA + UK,Porsche,UNITS,M,8554,2023-05,1685491200000
2023-05-31,EU + EFTA + UK,Porsche,YTD,M,38009,2023-05,1685491200000
2023-05-31,EU + EFTA + UK,Renault,TTM,M,240267,2023-05,1685491200000
2023-05-31,EU + EFTA + UK,Renault,UNITS,M,61839,2023-05,1685491200000
2023-05-31,EU + EFTA + UK,Renault,YTD,M,240267,2023-05,1685491200000
2023-05-31,EU + EFTA + UK,Renault Group,TTM,M,442234,2023-05,1685491200000
2023-05-31,EU + EFTA + UK,Renault Group,UNITS,M,110232,2023-05,1685491200000
2023-05-31,EU + EFTA + UK,Renault Group,YTD,M,442234,2023-05,1685491200000
2023-05-31,EU + EFTA + UK,SAIC Motor,TTM,M,75599,2023-05,1685491200000
2023-05-31,EU + EFTA + UK,SAIC Motor,UNITS,M,19959,2023-05,1685491200000
2023-05-31,EU + EFTA + UK,SAIC Motor,YTD,M,75599,2023-05,1685491200000
2023-05-31,EU + EFTA + UK,Seat,TTM,M,98238,2023-05,1685491200000
2023-05-31,EU + EFTA + UK,Seat,UNITS,M,20777,2023-05,1685491200000
2023-05-31,EU + EFTA + UK,Seat,YTD,M,98238,2023-05,1685491200000
2023-05-31,EU + EFTA + UK,Skoda,TTM,M,241561,2023-05,1685491200000
2023-05-31,EU + EFTA + UK,Skoda,UNITS,M,58254,2023-05,1685491200000
2023-05-31,EU + EFTA + UK,Skoda,YTD,M,241561,2023-05,1685491200000
2023-05-31,EU + EFTA + UK,Smart,TTM,M,8861,2023-05,1685491200000
2023-05-31,EU + EFTA + UK,Smart,UNITS,M,2279,2023-05,1685491200000
2023-05-31,EU + EFTA + UK,Smart,YTD,M,8861,2023-05,1685491200000
2023-05-31,EU + EFTA + UK,Stellantis,TTM,M,859132,2023-05,1685491200000
2023-05-31,EU + EFTA + UK,Stellantis,UNITS,M,190606,2023-05,1685491200000
2023-05-31,EU + EFTA + UK,Stellantis,YTD,M,859132,2023-05,1685491200000
2023-05-31,EU + EFTA + UK,Suzuki,TTM,M,68210,2023-05,1685491200000
2023-05-31,EU + EFTA + UK,Suzuki,UNITS,M,15964,2023-05,1685491200000
2023-05-31,EU + EFTA + UK,Suzuki,YTD,M,68210,2023-05,1685491200000
2023-05-31,EU + EFTA + UK,Tesla,TTM,M,176530,2023-05,1685491200000
2023-05-31,EU + EFTA + UK,Tesla,UNITS,M,29819,2023-05,1685491200000
2023-05-31,EU + EFTA + UK,Tesla,YTD,M,176530,2023-05,1685491200000
2023-05-31,EU + EFTA + UK,Toyota,TTM,M,307297,2023-05,1685491200000
2023-05-31,EU + EFTA + UK,Toyota,UNITS,M,69310,2023-05,1685491200000
2023-05-31,EU + EFTA + UK,Toyota,YTD,M,307297,2023-05,1685491200000
2023-05-31,EU + EFTA + UK,Toyota Group,TTM,M,325123,2023-05,1685491200000
2023-05-31,EU + EFTA + UK,Toyota Group,UNITS,M,75035,2023-05,1685491200000
2023-05-31,EU + EFTA + UK,Toyota Group,YTD,M,325123,2023-05,1685491200000
2023-05-31,EU + EFTA + UK,Volkswagen,TTM,M,492164,2023-05,1685491200000
2023-05-31,EU + EFTA + UK,Volkswagen,UNITS,M,119128,2023-05,1685491200000
2023-05-31,EU + EFTA + UK,Volkswagen,YTD,M,492164,2023-05,1685491200000
2023-05-31,EU + EFTA + UK,Volkswagen Group,TTM,M,1220129,2023-05,1685491200000
2023-05-31,EU + EFTA + UK,Volkswagen Group,UNITS,M,291113,2023-05,1685491200000
2023-05-31,EU + EFTA + UK,Volkswagen Group,YTD,M,1220129,2023-05,1685491200000
2023-05-31,EU + EFTA + UK,Volvo Cars,TTM,M,105282,2023-05,1685491200000
2023-05-31,EU + EFTA + UK,Volvo Cars,UNITS,M,26984,2023-05,1685491200000
2023-05-31,EU + EFTA + UK,Volvo Cars,YTD,M,105282,2023-05,1685491200000
2023-05-31,European Union (EU),Alfa Romeo,TTM,M,18227,2023-05,1685491200000
2023-05-31,European Union (EU),Alfa Romeo,UNITS,M,4444,2023-05,1685491200000
2023-05-31,European Union (EU),Alfa Romeo,YTD,M,18227,2023-05,1685491200000
2023-05-31,European Union (EU),Alpine,TTM,M,777,2023-05,1685491200000
2023-05-31,European Union (EU),Alpine,UNITS,M,393,2023-05,1685491200000
2023-05-31,European Union (EU),Alpine,YTD,M,777,2023-05,1685491200000
2023-05-31,European Union (EU),Audi,TTM,M,214760,2023-05,1685491200000
2023-05-31,European Union (EU),Audi,UNITS,M,51452,2023-05,1685491200000
2023-05-31,European Union (EU),Audi,YTD,M,214760,2023-05,1685491200000
2023-05-31,European Union (EU),BMW,TTM,M,213568,2023-05,1685491200000
2023-05-31,European Union (EU),BMW,UNITS,M,59003,2023-05,1685491200000
2023-05-31,European Union (EU),BMW,YTD,M,213568,2023-05,1685491200000
2023-05-31,European Union (EU),BMW Group,TTM,M,265665,2023-05,1685491200000
2023-05-31,European Union (EU),BMW Group,UNITS,M,70754,2023-05,1685491200000
2023-05-31,European Union (EU),BMW Group,YTD,M,265665,2023-05,1685491200000
2023-05-31,European Union (EU),Citroen,TTM,M,136599,2023-05,1685491200000
2023-05-31,European Union (EU),Citroen,UNITS,M,27614,2023-05,1685491200000
2023-05-31,European Union (EU),Citroen,YTD,M,136599,2023-05,1685491200000
2023-05-31,European Union (EU),Cupra,TTM,M,56943,2023-05,1685491200000
2023-05-31,European Union (EU),Cupra,UNITS,M,15241,2023-05,1685491200000
2023-05-31,European Union (EU),Cupra,YTD,M,56943,2023-05,1685491200000
2023-05-31,European Union (EU),DS,TTM,M,19034,2023-05,1685491200000
2023-05-31,European Union (EU),DS,UNITS,M,4721,2023-05,1685491200000
2023-05-31,European Union (EU),DS,YTD,M,19034,2023-05,1685491200000
2023-05-31,European Union (EU),Dacia,TTM,M,185051,2023-05,1685491200000
2023-05-31,European Union (EU),Dacia,UNITS,M,44697,2023-05,1685491200000
2023-05-31,European Union (EU),Dacia,YTD,M,185051,2023-05,1685491200000
2023-05-31,European Union (EU),Fiat,TTM,M,134198,2023-05,1685491200000
2023-05-31,European Union (EU),Fiat,UNITS,M,30307,2023-05,1685491200000
2023-05-31,European Union (EU),Fiat,YTD,M,134198,2023-05,1685491200000
2023-05-31,European Union (EU),Ford,TTM,M,143772,2023-05,1685491200000
2023-05-31,European Union (EU),Ford,UNITS,M,32808,2023-05,1685491200000
2023-05-31,European Union (EU),Ford,YTD,M,143772,2023-05,1685491200000
2023-05-31,European Union (EU),Honda,TTM,M,9427,2023-05,1685491200000
2023-05-31,European Union (EU),Honda,UNITS,M,2043,2023-05,1685491200000
2023-05-31,European Union (EU),Honda,YTD,M,9427,2023-05,1685491200000
2023-05-31,European Union (EU),Hyundai,TTM,M,151959,2023-05,1685491200000
2023-05-31,European Union (EU),Hyundai,UNITS,M,36734,2023-05,1685491200000
2023-05-31,European Union (EU),Hyundai,YTD,M,151959,2023-05,1685491200000
2023-05-31,European Union (EU),Hyundai Group,TTM,M,312709,2023-05,1685491200000
2023-05-31,European Union (EU),Hyundai Group,UNITS,M,78309,2023-05,1685491200000
2023-05-31,European Union (EU),Hyundai Group,YTD,M,312709,2023-05,1685491200000
2023-05-31,European Union (EU),Jaguar,TTM,M,4168,2023-05,1685491200000
2023-05-31,European Union (EU),Jaguar,UNITS,M,862,2023-05,1685491200000
2023-05-31,European Union (EU),Jaguar,YTD,M,4168,2023-05,1685491200000
2023-05-31,European Union (EU),Jaguar Land Rover Group,TTM,M,24512,2023-05,1685491200000
2023-05-31,European Union (EU),Jaguar Land Rover Group,UNITS,M,5292,2023-05,1685491200000
2023-05-31,European Union (EU),Jaguar Land Rover Group,YTD,M,24512,2023-05,1685491200000
2023-05-31,European Union (EU),Jeep,TTM,M,43613,2023-05,1685491200000
2023-05-31,European Union (EU),Jeep,UNITS,M,10862,2023-05,1685491200000
2023-05-31,European Union (EU),Jeep,YTD,M,43613,2023-05,1685491200000
2023-05-31,European Union (EU),Kia,TTM,M,160750,2023-05,1685491200000
2023-05-31,European Union (EU),Kia,UNITS,M,41575,2023-05,1685491200000
2023-05-31,European Union (EU),Kia,YTD,M,160750,2023-05,1685491200000
2023-05-31,European Union (EU),Lancia/Chrysler,TTM,M,17339,2023-05,1685491200000
2023-05-31,European Union (EU),Lancia/Chrysler,UNITS,M,4712,2023-05,1685491200000
2023-05-31,European Union (EU),Lancia/Chrysler,YTD,M,17339,2023-05,1685491200000
2023-05-31,European Union (EU),Land Rover,TTM,M,20344,2023-05,1685491200000
2023-05-31,European Union (EU),Land Rover,UNITS,M,4430,2023-05,1685491200000
2023-05-31,European Union (EU),Land Rover,YTD,M,20344,2023-05,1685491200000
2023-05-31,European Union (EU),Lexus,TTM,M,12442,2023-05,1685491200000
2023-05-31,European Union (EU),Lexus,UNITS,M,4041,2023-05,1685491200000
2023-05-31,European Union (EU),Lexus,YTD,M,12442,2023-05,1685491200000
2023-05-31,European Union (EU),Mazda,TTM,M,57461,2023-05,1685491200000
2023-05-31,European Union (EU),Mazda,UNITS,M,10669,2023-05,1685491200000
2023-05-31,European Union (EU),Mazda,YTD,M,57461,2023-05,1685491200000
2023-05-31,European Union (EU),Mercedes,TTM,M,206175,2023-05,1685491200000
2023-05-31,European Union (EU),Mercedes,UNITS,M,45373,2023-05,1685491200000
2023-05-31,European Union (EU),Mercedes,YTD,M,206175,2023-05,1685491200000
2023-05-31,European Union (EU),Mercedes-Benz,TTM,M,214869,2023-05,1685491200000
2023-05-31,European Union (EU),Mercedes-Benz,UNITS,M,47607,2023-05,1685491200000
2023-05-31,European Union (EU),Mercedes-Benz,YTD,M,214869,2023-05,1685491200000
2023-05-31,European Union (EU),Mini,TTM,M,52097,2023-05,1685491200000
2023-05-31,European Union (EU),Mini,UNITS,M,11751,2023-05,1685491200000
2023-05-31,European Union (EU),Mini,YTD,M,52097,2023-05,1685491200000
2023-05-31,European Union (EU),Mitsubishi,TTM,M,13033,2023-05,1685491200000
2023-05-31,European Union (EU),Mitsubishi,UNITS,M,3630,2023-05,1685491200000
2023-05-31,European Union (EU),Mitsubishi,YTD,M,13033,2023-05,1685491200000
2023-05-31,European Union (EU),Nissan,TTM,M,80417,2023-05,1685491200000
2023-05-31,European Union (EU),Nissan,UNITS,M,13622,2023-05,1685491200000
2023-05-31,European Union (EU),Nissan,YTD,M,80417,2023-05,1685491200000
2023-05-31,European Union (EU),Opel/Vauxhall,TTM,M,141248,2023-05,1685491200000
2023-05-31,European Union (EU),Opel/Vauxhall,UNITS,M,31127,2023-05,1685491200000
2023-05-31,European Union (EU),Opel/Vauxhall,YTD,M,141248,2023-05,1685491200000
2023-05-31,European Union (EU),Peugeot,TTM,M,243580,2023-05,1685491200000
2023-05-31,European Union (EU),Peugeot,UNITS,M,55706,2023-05,1685491200000
2023-05-31,European Union (EU),Peugeot,YTD,M,243580,2023-05,1685491200000
2023-05-31,European Union (EU),Porsche,TTM,M,26286,2023-05,1685491200000
2023-05-31,European Union (EU),Porsche,UNITS,M,6224,2023-05,1685491200000
2023-05-31,European Union (EU),Porsche,YTD,M,26286,2023-05,1685491200000
2023-05-31,European Union (EU),Renault,TTM,M,225722,2023-05,1685491200000
2023-05-31,European Union (EU),Renault,UNITS,M,58681,2023-05,1685491200000
2023-05-31,European Union (EU),Renault,YTD,M,225722,2023-05,1685491200000
2023-05-31,European Union (EU),Renault Group,TTM,M,411550,2023-05,1685491200000
2023-05-31,European Union (EU),Renault Group,UNITS,M,103771,2023-05,1685491200000
2023-05-31,European Union (EU),Renault Group,YTD,M,411550,2023-05,1685491200000
2023-05-31,European Union (EU),SAIC Motor,TTM,M,42716,2023-05,1685491200000
2023-05-31,European Union (EU),SAIC Motor,UNITS,M,13252,2023-05,1685491200000
2023-05-31,European Union (EU),SAIC Motor,YTD,M,42716,2023-05,1685491200000
2023-05-31,European Union (EU),Seat,TTM,M,82977,2023-05,1685491200000
2023-05-31,European Union (EU),Seat,UNITS,M,18282,2023-05,1685491200000
2023-05-31,European Union (EU),Seat,YTD,M,82977,2023-05,1685491200000
2023-05-31,European Union (EU),Skoda,TTM,M,207684,2023-05,1685491200000
2023-05-31,European Union (EU),Skoda,UNITS,M,49715,2023-05,1685491200000
2023-05-31,European Union (EU),Skoda,YTD,M,207684,2023-05,1685491200000
2023-05-31,European Union (EU),Smart,TTM,M,8694,2023-05,1685491200000
2023-05-31,European Union (EU),Smart,UNITS,M,2234,2023-05,1685491200000
2023-05-31,European Union (EU),Smart,YTD,M,8694,2023-05,1685491200000
2023-05-31,European Union (EU),Stellantis,TTM,M,756808,2023-05,1685491200000
2023-05-31,European Union (EU),Stellantis,UNITS,M,170180,2023-05,1685491200000
2023-05-31,European Union (EU),Stellantis,YTD,M,756808,2023-05,1685491200000
2023-05-31,European Union (EU),Suzuki,TTM,M,54674,2023-05,1685491200000
2023-05-31,European Union (EU),Suzuki,UNITS,M,13516,2023-05,1685491200000
2023-05-31,European Union (EU),Suzuki,YTD,M,54674,2023-05,1685491200000
2023-05-31,European Union (EU),Tesla,TTM,M,124446,2023-05,1685491200000
2023-05-31,European Union (EU),Tesla,UNITS,M,22138,2023-05,1685491200000
2023-05-31,European Union (EU),Tesla,YTD,M,124446,2023-05,1685491200000
2023-05-31,European Union (EU),Toyota,TTM,M,243015,2023-05,1685491200000
2023-05-31,European Union (EU),Toyota,UNITS,M,57701,2023-05,1685491200000
2023-05-31,European Union (EU),Toyota,YTD,M,243015,2023-05,1685491200000
2023-05-31,European Union (EU),Toyota Group,TTM,M,255457,2023-05,1685491200000
2023-05-31,European Union (EU),Toyota Group,UNITS,M,61742,2023-05,1685491200000
2023-05-31,European Union (EU),Toyota Group,YTD,M,255457,2023-05,1685491200000
2023-05-31,European Union (EU),Volkswagen,TTM,M,413474,2023-05,1685491200000
2023-05-31,European Union (EU),Volkswagen,UNITS,M,103112,2023-05,1685491200000
2023-05-31,European Union (EU),Volkswagen,YTD,M,413474,2023-05,1685491200000
2023-05-31,European Union (EU),Volkswagen Group,TTM,M,1004707,2023-05,1685491200000
2023-05-31,European Union (EU),Volkswagen Group,UNITS,M,244706,2023-05,1685491200000
2023-05-31,European Union (EU),Volkswagen Group,YTD,M,1004707,2023-05,1685491200000
2023-05-31,European Union (EU),Volvo Cars,TTM,M,80105,2023-05,1685491200000
2023-05-31,European Union (EU),Volvo Cars,UNITS,M,20590,2023-05,1685491200000
2023-05-31,European Union (EU),Volvo Cars,YTD,M,80105,2023-05,1685491200000
2023-06-30,EU + EFTA + UK,Alfa Romeo,TTM,M,24917,2023-06,1688083200000
2023-06-30,EU + EFTA + UK,Alfa Romeo,UNITS,M,5496,2023-06,1688083200000
2023-06-30,EU + EFTA + UK,Alfa Romeo,YTD,M,24917,2023-06,1688083200000
2023-06-30,EU + EFTA + UK,Alpine,TTM,M,1531,2023-06,1688083200000
2023-06-30,EU + EFTA + UK,Alpine,UNITS,M,582,2023-06,1688083200000
2023-06-30,EU + EFTA + UK,Alpine,YTD,M,1531,2023-06,1688083200000
2023-06-30,EU + EFTA + UK,Audi,TTM,M,350611,2023-06,1688083200000
2023-06-30,EU + EFTA + UK,Audi,UNITS,M,72369,2023-06,1688083200000
2023-06-30,EU + EFTA + UK,Audi,YTD,M,350611,2023-06,1688083200000
2023-06-30,EU + EFTA + UK,BMW,TTM,M,330886,2023-06,1688083200000
2023-06-30,EU + EFTA + UK,BMW,UNITS,M,66396,2023-06,1688083200000
2023-06-30,EU + EFTA + UK,BMW,YTD,M,330886,2023-06,1688083200000
2023-06-30,EU + EFTA + UK,BMW Group,TTM,M,422188,2023-06,1688083200000
2023-06-30,EU + EFTA + UK,BMW Group,UNITS,M,83876,2023-06,1688083200000
2023-06-30,EU + EFTA + UK,BMW Group,YTD,M,422188,2023-06,1688083200000
2023-06-30,EU + EFTA + UK,Citroen,TTM,M,188201,2023-06,1688083200000
2023-06-30,EU + EFTA + UK,Citroen,UNITS,M,35169,2023-06,1688083200000
2023-06-30,EU + EFTA + UK,Citroen,YTD,M,188201,2023-06,1688083200000
2023-06-30,EU + EFTA + UK,Cupra,TTM,M,87769,2023-06,1688083200000
2023-06-30,EU + EFTA + UK,Cupra,UNITS,M,19608,2023-06,1688083200000
2023-06-30,EU + EFTA + UK,Cupra,YTD,M,87769,2023-06,1688083200000
2023-06-30,EU + EFTA + UK,DS,TTM,M,25744,2023-06,1688083200000
2023-06-30,EU + EFTA + UK,DS,UNITS,M,5292,2023-06,1688083200000
2023-06-30,EU + EFTA + UK,DS,YTD,M,25744,2023-06,1688083200000
2023-06-30,EU + EFTA + UK,Dacia,TTM,M,256612,2023-06,1688083200000
2023-06-30,EU + EFTA + UK,Dacia,UNITS,M,55594,2023-06,1688083200000
2023-06-30,EU + EFTA + UK,Dacia,YTD,M,256612,2023-06,1688083200000
2023-06-30,EU + EFTA + UK,Fiat,TTM,M,179672,2023-06,1688083200000
2023-06-30,EU + EFTA + UK,Fiat,UNITS,M,35138,2023-06,1688083200000
2023-06-30,EU + EFTA + UK,Fiat,YTD,M,179672,2023-06,1688083200000
2023-06-30,EU + EFTA + UK,Ford,TTM,M,258120,2023-06,1688083200000
2023-06-30,EU + EFTA + UK,Ford,UNITS,M,50867,2023-06,1688083200000
2023-06-30,EU + EFTA + UK,Ford,YTD,M,258120,2023-06,1688083200000
2023-06-30,EU + EFTA + UK,Honda,TTM,M,27785,2023-06,1688083200000
2023-06-30,EU + EFTA + UK,Honda,UNITS,M,4825,2023-06,1688083200000
2023-06-30,EU + EFTA + UK,Honda,YTD,M,27785,2023-06,1688083200000
2023-06-30,EU + EFTA + UK,Hyundai,TTM,M,247851,2023-06,1688083200000
2023-06-30,EU + EFTA + UK,Hyundai,UNITS,M,51930,2023-06,1688083200000
2023-06-30,EU + EFTA + UK,Hyundai,YTD,M,247851,2023-06,1688083200000
2023-06-30,EU + EFTA + UK,Hyundai Group,TTM,M,519505,2023-06,1688083200000
2023-06-30,EU + EFTA + UK,Hyundai Group,UNITS,M,106541,2023-06,1688083200000
2023-06-30,EU + EFTA + UK,Hyundai Group,YTD,M,519505,2023-06,1688083200000
2023-06-30,EU + EFTA + UK,Jaguar,TTM,M,12500,2023-06,1688083200000
2023-06-30,EU + EFTA + UK,Jaguar,UNITS,M,2618,2023-06,1688083200000
2023-06-30,EU + EFTA + UK,Jaguar,YTD,M,12500,2023-06,1688083200000
2023-06-30,EU + EFTA + UK,Jaguar Land Rover Group,TTM,M,74721,2023-06,1688083200000
2023-06-30,EU + EFTA + UK,Jaguar Land Rover Group,UNITS,M,13648,2023-06,1688083200000
2023-06-30,EU + EFTA + UK,Jaguar Land Rover Group,YTD,M,74721,2023-06,1688083200000
2023-06-30,EU + EFTA + UK,Jeep,TTM,M,57880,2023-06,1688083200000
2023-06-30,EU + EFTA + UK,Jeep,UNITS,M,11948,2023-06,1688083200000
2023-06-30,EU + EFTA + UK,Jeep,YTD,M,57880,2023-06,1688083200000
2023-06-30,EU + EFTA + UK,Kia,TTM,M,271654,2023-06,1688083200000
2023-06-30,EU + EFTA + UK,Kia,UNITS,M,54611,2023-06,1688083200000
2023-06-30,EU + EFTA + UK,Kia,YTD,M,271654,2023-06,1688083200000
2023-06-30,EU + EFTA + UK,Lancia/Chrysler,TTM,M,21861,2023-06,1688083200000
2023-06-30,EU + EFTA + UK,Lancia/Chrysler,UNITS,M,4519,2023-06,1688083200000
2023-06-30,EU + EFTA + UK,Lancia/Chrysler,YTD,M,21861,2023-06,1688083200000
2023-06-30,EU + EFTA + UK,Land Rover,TTM,M,62221,2023-06,1688083200000
2023-06-30,EU + EFTA + UK,Land Rover,UNITS,M,11030,2023-06,1688083200000
2023-06-30,EU + EFTA + UK,Land Rover,YTD,M,62221,2023-06,1688083200000
2023-06-30,EU + EFTA + UK,Lexus,TTM,M,24308,2023-06,1688083200000
2023-06-30,EU + EFTA + UK,Lexus,UNITS,M,6482,2023-06,1688083200000
2023-06-30,EU + EFTA + UK,Lexus,YTD,M,24308,2023-06,1688083200000
2023-06-30,EU + EFTA + UK,Mazda,TTM,M,90728,2023-06,1688083200000
2023-06-30,EU + EFTA + UK,Mazda,UNITS,M,17347,2023-06,1688083200000
2023-06-30,EU + EFTA + UK,Mazda,YTD,M,90728,2023-06,1688083200000
2023-06-30,EU + EFTA + UK,Mercedes,TTM,M,316486,2023-06,1688083200000
2023-06-30,EU + EFTA + UK,Mercedes,UNITS,M,60966,2023-06,1688083200000
2023-06-30,EU + EFTA + UK,Mercedes,YTD,M,316486,2023-06,1688083200000
2023-06-30,EU + EFTA + UK,Mercedes-Benz,TTM,M,327620,2023-06,1688083200000
2023-06-30,EU + EFTA + UK,Mercedes-Benz,UNITS,M,63239,2023-06,1688083200000
2023-06-30,EU + EFTA + UK,Mercedes-Benz,YTD,M,327620,2023-06,1688083200000
2023-06-30,EU + EFTA + UK,Mini,TTM,M,91302,2023-06,1688083200000
2023-06-30,EU + EFTA + UK,Mini,UNITS,M,17480,2023-06,1688083200000
2023-06-30,EU + EFTA + UK,Mini,YTD,M,91302,2023-06,1688083200000
2023-06-30,EU + EFTA + UK,Mitsubishi,TTM,M,18158,2023-06,1688083200000
2023-06-30,EU + EFTA + UK,Mitsubishi,UNITS,M,4389,2023-06,1688083200000
2023-06-30,EU + EFTA + UK,Mitsubishi,YTD,M,18158,2023-06,1688083200000
2023-06-30,EU + EFTA + UK,Nissan,TTM,M,154442,2023-06,1688083200000
2023-06-30,EU + EFTA + UK,Nissan,UNITS,M,26865,2023-06,1688083200000
2023-06-30,EU + EFTA + UK,Nissan,YTD,M,154442,2023-06,1688083200000
2023-06-30,EU + EFTA + UK,Opel/Vauxhall,TTM,M,229120,2023-06,1688083200000
2023-06-30,EU + EFTA + UK,Opel/Vauxhall,UNITS,M,47088,2023-06,1688083200000
2023-06-30,EU + EFTA + UK,Opel/Vauxhall,YTD,M,229120,2023-06,1688083200000
2023-06-30,EU + EFTA + UK,Peugeot,TTM,M,336835,2023-06,1688083200000
2023-06-30,EU + EFTA + UK,Peugeot,UNITS,M,64117,2023-06,1688083200000
2023-06-30,EU + EFTA + UK,Peugeot,YTD,M,336835,2023-06,1688083200000
2023-06-30,EU + EFTA + UK,Porsche,TTM,M,47391,2023-06,1688083200000
2023-06-30,EU + EFTA + UK,Porsche,UNITS,M,9382,2023-06,1688083200000
2023-06-30,EU + EFTA + UK,Porsche,YTD,M,47391,2023-06,1688083200000
2023-06-30,EU + EFTA + UK,Renault,TTM,M,317101,2023-06,1688083200000
2023-06-30,EU + EFTA + UK,Renault,UNITS,M,76834,2023-06,1688083200000
2023-06-30,EU + EFTA + UK,Renault,YTD,M,317101,2023-06,1688083200000
2023-06-30,EU + EFTA + UK,Renault Group,TTM,M,575244,2023-06,1688083200000
2023-06-30,EU + EFTA + UK,Renault Group,UNITS,M,133010,2023-06,1688083200000
2023-06-30,EU + EFTA + UK,Renault Group,YTD,M,575244,2023-06,1688083200000
2023-06-30,EU + EFTA + UK,SAIC Motor,TTM,M,101183,2023-06,1688083200000
2023-06-30,EU + EFTA + UK,SAIC Motor,UNITS,M,25584,2023-06,1688083200000
2023-06-30,EU + EFTA + UK,SAIC Motor,YTD,M,101183,2023-06,1688083200000
2023-06-30,EU + EFTA + UK,Seat,TTM,M,122402,2023-06,1688083200000
2023-06-30,EU + EFTA + UK,Seat,UNITS,M,24164,2023-06,1688083200000
2023-06-30,EU + EFTA + UK,Seat,YTD,M,122402,2023-06,1688083200000
2023-06-30,EU + EFTA + UK,Skoda,TTM,M,303820,2023-06,1688083200000
2023-06-30,EU + EFTA + UK,Skoda,UNITS,M,62259,2023-06,1688083200000
2023-06-30,EU + EFTA + UK,Skoda,YTD,M,303820,2023-06,1688083200000
2023-06-30,EU + EFTA + UK,Smart,TTM,M,11134,2023-06,1688083200000
2023-06-30,EU + EFTA + UK,Smart,UNITS,M,2273,2023-06,1688083200000
2023-06-30,EU + EFTA + UK,Smart,YTD,M,11134,2023-06,1688083200000
2023-06-30,EU + EFTA + UK,Stellantis,TTM,M,1068851,2023-06,1688083200000
2023-06-30,EU + EFTA + UK,Stellantis,UNITS,M,209719,2023-06,1688083200000
2023-06-30,EU + EFTA + UK,Stellantis,YTD,M,1068851,2023-06,1688083200000
2023-06-30,EU + EFTA + UK,Suzuki,TTM,M,84893,2023-06,1688083200000
2023-06-30,EU + EFTA + UK,Suzuki,UNITS,M,16683,2023-06,1688083200000
2023-06-30,EU + EFTA + UK,Suzuki,YTD,M,84893,2023-06,1688083200000
2023-06-30,EU + EFTA + UK,Tesla,TTM,M,225169,2023-06,1688083200000
2023-06-30,EU + EFTA + UK,Tesla,UNITS,M,48639,2023-06,1688083200000
2023-06-30,EU + EFTA + UK,Tesla,YTD,M,225169,2023-06,1688083200000
2023-06-30,EU + EFTA + UK,Toyota,TTM,M,382534,2023-06,1688083200000
2023-06-30,EU + EFTA + UK,Toyota,UNITS,M,75237,2023-06,1688083200000
2023-06-30,EU + EFTA + UK,Toyota,YTD,M,382534,2023-06,1688083200000
2023-06-30,EU + EFTA + UK,Toyota Group,TTM,M,406842,2023-06,1688083200000
2023-06-30,EU + EFTA + UK,Toyota Group,UNITS,M,81719,2023-06,1688083200000
2023-06-30,EU + EFTA + UK,Toyota Group,YTD,M,406842,2023-06,1688083200000
2023-06-30,EU + EFTA + UK,Volkswagen,TTM,M,630738,2023-06,1688083200000
2023-06-30,EU + EFTA + UK,Volkswagen,UNITS,M,138574,2023-06,1688083200000
2023-06-30,EU + EFTA + UK,Volkswagen,YTD,M,630738,2023-06,1688083200000
2023-06-30,EU + EFTA + UK,Volkswagen Group,TTM,M,1547420,2023-06,1688083200000
2023-06-30,EU + EFTA + UK,Volkswagen Group,UNITS,M,327291,2023-06,1688083200000
2023-06-30,EU + EFTA + UK,Volkswagen Group,YTD,M,1547420,2023-06,1688083200000
2023-06-30,EU + EFTA + UK,Volvo Cars,TTM,M,131533,2023-06,1688083200000
2023-06-30,EU + EFTA + UK,Volvo Cars,UNITS,M,26251,2023-06,1688083200000
2023-06-30,EU + EFTA + UK,Volvo Cars,YTD,M,131533,2023-06,1688083200000
2023-06-30,European Union (EU),Alfa Romeo,TTM,M,23396,2023-06,1688083200000
2023-06-30,European Union (EU),Alfa Romeo,UNITS,M,5169,2023-06,1688083200000
2023-06-30,European Union (EU),Alfa Romeo,YTD,M,23396,2023-06,1688083200000
2023-06-30,European Union (EU),Alpine,TTM,M,1303,2023-06,1688083200000
2023-06-30,European Union (EU),Alpine,UNITS,M,526,2023-06,1688083200000
2023-06-30,European Union (EU),Alpine,YTD,M,1303,2023-06,1688083200000
2023-06-30,European Union (EU),Audi,TTM,M,272218,2023-06,1688083200000
2023-06-30,European Union (EU),Audi,UNITS,M,57458,2023-06,1688083200000
2023-06-30,European Union (EU),Audi,YTD,M,272218,2023-06,1688083200000
2023-06-30,European Union (EU),BMW,TTM,M,265613,2023-06,1688083200000
2023-06-30,European Union (EU),BMW,UNITS,M,52045,2023-06,1688083200000
2023-06-30,European Union (EU),BMW,YTD,M,265613,2023-06,1688083200000
2023-06-30,European Union (EU),BMW Group,TTM,M,330596,2023-06,1688083200000
2023-06-30,European Union (EU),BMW Group,UNITS,M,64931,2023-06,1688083200000
2023-06-30,European Union (EU),BMW Group,YTD,M,330596,2023-06,1688083200000
2023-06-30,European Union (EU),Citroen,TTM,M,169725,2023-06,1688083200000
2023-06-30,European Union (EU),Citroen,UNITS,M,33126,2023-06,1688083200000
2023-06-30,European Union (EU),Citroen,YTD,M,169725,2023-06,1688083200000
2023-06-30,European Union (EU),Cupra,TTM,M,73492,2023-06,1688083200000
2023-06-30,European Union (EU),Cupra,UNITS,M,16549,2023-06,1688083200000
2023-06-30,European Union (EU),Cupra,YTD,M,73492,2023-06,1688083200000
2023-06-30,European Union (EU),DS,TTM,M,23963,2023-06,1688083200000
2023-06-30,European Union (EU),DS,UNITS,M,4929,2023-06,1688083200000
2023-06-30,European Union (EU),DS,YTD,M,23963,2023-06,1688083200000
2023-06-30,European Union (EU),Dacia,TTM,M,237199,2023-06,1688083200000
2023-06-30,European Union (EU),Dacia,UNITS,M,52148,2023-06,1688083200000
2023-06-30,European Union (EU),Dacia,YTD,M,237199,2023-06,1688083200000
2023-06-30,European Union (EU),Fiat,TTM,M,167571,2023-06,1688083200000
2023-06-30,European Union (EU),Fiat,UNITS,M,33373,2023-06,1688083200000
2023-06-30,European Union (EU),Fiat,YTD,M,167571,2023-06,1688083200000
2023-06-30,European Union (EU),Ford,TTM,M,178795,2023-06,1688083200000
2023-06-30,European Union (EU),Ford,UNITS,M,35023,2023-06,1688083200000
2023-06-30,European Union (EU),Ford,YTD,M,178795,2023-06,1688083200000
2023-06-30,European Union (EU),Honda,TTM,M,11769,2023-06,1688083200000
2023-06-30,European Union (EU),Honda,UNITS,M,2342,2023-06,1688083200000
2023-06-30,European Union (EU),Honda,YTD,M,11769,2023-06,1688083200000
2023-06-30,European Union (EU),Hyundai,TTM,M,194021,2023-06,1688083200000
2023-06-30,European Union (EU),Hyundai,UNITS,M,42062,2023-06,1688083200000
2023-06-30,European Union (EU),Hyundai,YTD,M,194021,2023-06,1688083200000
2023-06-30,European Union (EU),Hyundai Group,TTM,M,398512,2023-06,1688083200000
2023-06-30,European Union (EU),Hyundai Group,UNITS,M,85803,2023-06,1688083200000
2023-06-30,European Union (EU),Hyundai Group,YTD,M,398512,2023-06,1688083200000
2023-06-30,European Union (EU),Jaguar,TTM,M,5301,2023-06,1688083200000
2023-06-30,European Union (EU),Jaguar,UNITS,M,1133,2023-06,1688083200000
2023-06-30,European Union (EU),Jaguar,YTD,M,5301,2023-06,1688083200000
2023-06-30,European Union (EU),Jaguar Land Rover Group,TTM,M,31201,2023-06,1688083200000
2023-06-30,European Union (EU),Jaguar Land Rover Group,UNITS,M,6689,2023-06,1688083200000
2023-06-30,European Union (EU),Jaguar Land Rover Group,YTD,M,31201,2023-06,1688083200000
2023-06-30,European Union (EU),Jeep,TTM,M,54953,2023-06,1688083200000
2023-06-30,European Union (EU),Jeep,UNITS,M,11340,2023-06,1688083200000
2023-06-30,European Union (EU),Jeep,YTD,M,54953,2023-06,1688083200000
2023-06-30,European Union (EU),Kia,TTM,M,204491,2023-06,1688083200000
2023-06-30,European Union (EU),Kia,UNITS,M,43741,2023-06,1688083200000
2023-06-30,European Union (EU),Kia,YTD,M,204491,2023-06,1688083200000
2023-06-30,European Union (EU),Lancia/Chrysler,TTM,M,21856,2023-06,1688083200000
2023-06-30,European Union (EU),Lancia/Chrysler,UNITS,M,4517,2023-06,1688083200000
2023-06-30,European Union (EU),Lancia/Chrysler,YTD,M,21856,2023-06,1688083200000
2023-06-30,European Union (EU),Land Rover,TTM,M,25900,2023-06,1688083200000
2023-06-30,European Union (EU),Land Rover,UNITS,M,5556,2023-06,1688083200000
2023-06-30,European Union (EU),Land Rover,YTD,M,25900,2023-06,1688083200000
2023-06-30,European Union (EU),Lexus,TTM,M,16883,2023-06,1688083200000
2023-06-30,European Union (EU),Lexus,UNITS,M,4441,2023-06,1688083200000
2023-06-30,European Union (EU),Lexus,YTD,M,16883,2023-06,1688083200000
2023-06-30,European Union (EU),Mazda,TTM,M,71329,2023-06,1688083200000
2023-06-30,European Union (EU),Mazda,UNITS,M,13868,2023-06,1688083200000
2023-06-30,European Union (EU),Mazda,YTD,M,71329,2023-06,1688083200000
2023-06-30,European Union (EU),Mercedes,TTM,M,256709,2023-06,1688083200000
2023-06-30,European Union (EU),Mercedes,UNITS,M,50534,2023-06,1688083200000
2023-06-30,European Union (EU),Mercedes,YTD,M,256709,2023-06,1688083200000
2023-06-30,European Union (EU),Mercedes-Benz,TTM,M,267616,2023-06,1688083200000
2023-06-30,European Union (EU),Mercedes-Benz,UNITS,M,52747,2023-06,1688083200000
2023-06-30,European Union (EU),Mercedes-Benz,YTD,M,267616,2023-06,1688083200000
2023-06-30,European Union (EU),Mini,TTM,M,64983,2023-06,1688083200000
2023-06-30,European Union (EU),Mini,UNITS,M,12886,2023-06,1688083200000
2023-06-30,European Union (EU),Mini,YTD,M,64983,2023-06,1688083200000
2023-06-30,European Union (EU),Mitsubishi,TTM,M,17206,2023-06,1688083200000
2023-06-30,European Union (EU),Mitsubishi,UNITS,M,4173,2023-06,1688083200000
2023-06-30,European Union (EU),Mitsubishi,YTD,M,17206,2023-06,1688083200000
2023-06-30,European Union (EU),Nissan,TTM,M,98507,2023-06,1688083200000
2023-06-30,European Union (EU),Nissan,UNITS,M,18090,2023-06,1688083200000
2023-06-30,European Union (EU),Nissan,YTD,M,98507,2023-06,1688083200000
2023-06-30,European Union (EU),Opel/Vauxhall,TTM,M,177555,2023-06,1688083200000
2023-06-30,European Union (EU),Opel/Vauxhall,UNITS,M,36307,2023-06,1688083200000
2023-06-30,European Union (EU),Opel/Vauxhall,YTD,M,177555,2023-06,1688083200000
2023-06-30,European Union (EU),Peugeot,TTM,M,302156,2023-06,1688083200000
2023-06-30,European Union (EU),Peugeot,UNITS,M,58576,2023-06,1688083200000
2023-06-30,European Union (EU),Peugeot,YTD,M,302156,2023-06,1688083200000
2023-06-30,European Union (EU),Porsche,TTM,M,32755,2023-06,1688083200000
2023-06-30,European Union (EU),Porsche,UNITS,M,6469,2023-06,1688083200000
2023-06-30,European Union (EU),Porsche,YTD,M,32755,2023-06,1688083200000
2023-06-30,European Union (EU),Renault,TTM,M,297188,2023-06,1688083200000
2023-06-30,European Union (EU),Renault,UNITS,M,71466,2023-06,1688083200000
2023-06-30,European Union (EU),Renault,YTD,M,297188,2023-06,1688083200000
2023-06-30,European Union (EU),Renault Group,TTM,M,535690,2023-06,1688083200000
2023-06-30,European Union (EU),Renault Group,UNITS,M,124140,2023-06,1688083200000
2023-06-30,European Union (EU),Renault Group,YTD,M,535690,2023-06,1688083200000
2023-06-30,European Union (EU),SAIC Motor,TTM,M,60272,2023-06,1688083200000
2023-06-30,European Union (EU),SAIC Motor,UNITS,M,17556,2023-06,1688083200000
2023-06-30,European Union (EU),SAIC Motor,YTD,M,60272,2023-06,1688083200000
2023-06-30,European Union (EU),Seat,TTM,M,104231,2023-06,1688083200000
2023-06-30,European Union (EU),Seat,UNITS,M,21254,2023-06,1688083200000
2023-06-30,European Union (EU),Seat,YTD,M,104231,2023-06,1688083200000
2023-06-30,European Union (EU),Skoda,TTM,M,260434,2023-06,1688083200000
2023-06-30,European Union (EU),Skoda,UNITS,M,52750,2023-06,1688083200000
2023-06-30,European Union (EU),Skoda,YTD,M,260434,2023-06,1688083200000
2023-06-30,European Union (EU),Smart,TTM,M,10907,2023-06,1688083200000
2023-06-30,European Union (EU),Smart,UNITS,M,2213,2023-06,1688083200000
2023-06-30,European Union (EU),Smart,YTD,M,10907,2023-06,1688083200000
2023-06-30,European Union (EU),Stellantis,TTM,M,944935,2023-06,1688083200000
2023-06-30,European Union (EU),Stellantis,UNITS,M,188127,2023-06,1688083200000
2023-06-30,European Union (EU),Stellantis,YTD,M,944935,2023-06,1688083200000
2023-06-30,European Union (EU),Suzuki,TTM,M,68328,2023-06,1688083200000
2023-06-30,European Union (EU),Suzuki,UNITS,M,13654,2023-06,1688083200000
2023-06-30,European Union (EU),Suzuki,YTD,M,68328,2023-06,1688083200000
2023-06-30,European Union (EU),Tesla,TTM,M,160309,2023-06,1688083200000
2023-06-30,European Union (EU),Tesla,UNITS,M,35863,2023-06,1688083200000
2023-06-30,European Union (EU),Tesla,YTD,M,160309,2023-06,1688083200000
2023-06-30,European Union (EU),Toyota,TTM,M,305525,2023-06,1688083200000
2023-06-30,European Union (EU),Toyota,UNITS,M,62510,2023-06,1688083200000
2023-06-30,European Union (EU),Toyota,YTD,M,305525,2023-06,1688083200000
2023-06-30,European Union (EU),Toyota Group,TTM,M,322408,2023-06,1688083200000
2023-06-30,European Union (EU),Toyota Group,UNITS,M,66951,2023-06,1688083200000
2023-06-30,European Union (EU),Toyota Group,YTD,M,322408,2023-06,1688083200000
2023-06-30,European Union (EU),Volkswagen,TTM,M,531673,2023-06,1688083200000
2023-06-30,European Union (EU),Volkswagen,UNITS,M,118199,2023-06,1688083200000
2023-06-30,European Union (EU),Volkswagen,YTD,M,531673,2023-06,1688083200000
2023-06-30,European Union (EU),Volkswagen Group,TTM,M,1278059,2023-06,1688083200000
2023-06-30,European Union (EU),Volkswagen Group,UNITS,M,273352,2023-06,1688083200000
2023-06-30,European Union (EU),Volkswagen Group,YTD,M,1278059,2023-06,1688083200000
2023-06-30,European Union (EU),Volvo Cars,TTM,M,100316,2023-06,1688083200000
2023-06-30,European Union (EU),Volvo Cars,UNITS,M,20211,2023-06,1688083200000
2023-06-30,European Union (EU),Volvo Cars,YTD,M,100316,2023-06,1688083200000
2023-07-31,EU + EFTA + UK,Alfa Romeo,TTM,M,30413,2023-07,1690761600000
2023-07-31,EU + EFTA + UK,Alfa Romeo,UNITS,M,5496,2023-07,1690761600000
2023-07-31,EU + EFTA + UK,Alfa Romeo,YTD,M,30413,2023-07,1690761600000
2023-07-31,EU + EFTA + UK,Alpine,TTM,M,2113,2023-07,1690761600000
2023-07-31,EU + EFTA + UK,Alpine,UNITS,M,582,2023-07,1690761600000
2023-07-31,EU + EFTA + UK,Alpine,YTD,M,2113,2023-07,1690761600000
2023-07-31,EU + EFTA + UK,Audi,TTM,M,422980,2023-07,1690761600000
2023-07-31,EU + EFTA + UK,Audi,UNITS,M,72369,2023-07,1690761600000
2023-07-31,EU + EFTA + UK,Audi,YTD,M,422980,2023-07,1690761600000
2023-07-31,EU + EFTA + UK,BMW,TTM,M,397282,2023-07,1690761600000
2023-07-31,EU + EFTA + UK,BMW,UNITS,M,66396,2023-07,1690761600000
2023-07-31,EU + EFTA + UK,BMW,YTD,M,397282,2023-07,1690761600000
2023-07-31,EU + EFTA + UK,BMW Group,TTM,M,506064,2023-07,1690761600000
2023-07-31,EU + EFTA + UK,BMW Group,UNITS,M,83876,2023-07,1690761600000
2023-07-31,EU + EFTA + UK,BMW Group,YTD,M,506064,2023-07,1690761600000
2023-07-31,EU + EFTA + UK,Citroen,TTM,M,223370,2023-07,1690761600000
2023-07-31,EU + EFTA + UK,Citroen,UNITS,M,35169,2023-07,1690761600000
2023-07-31,EU + EFTA + UK,Citroen,YTD,M,223370,2023-07,1690761600000
2023-07-31,EU + EFTA + UK,Cupra,TTM,M,107377,2023-07,1690761600000
2023-07-31,EU + EFTA + UK,Cupra,UNITS,M,19608,2023-07,1690761600000
2023-07-31,EU + EFTA + UK,Cupra,YTD,M,107377,2023-07,1690761600000
2023-07-31,EU + EFTA + UK,DS,TTM,M,31036,2023-07,1690761600000
2023-07-31,EU + EFTA + UK,DS,UNITS,M,5292,2023-07,1690761600000
2023-07-31,EU + EFTA + UK,DS,YTD,M,31036,2023-07,1690761600000
2023-07-31,EU + EFTA + UK,Dacia,TTM,M,312206,2023-07,1690761600000
2023-07-31,EU + EFTA + UK,Dacia,UNITS,M,55594,2023-07,1690761600000
2023-07-31,EU + EFTA + UK,Dacia,YTD,M,312206,2023-07,1690761600000
2023-07-31,EU + EFTA + UK,Fiat,TTM,M,214810,2023-07,1690761600000
2023-07-31,EU + EFTA + UK,Fiat,UNITS,M,35138,2023-07,1690761600000
2023-07-31,EU + EFTA + UK,Fiat,YTD,M,214810,2023-07,1690761600000
2023-07-31,EU + EFTA + UK,Ford,TTM,M,308987,2023-07,1690761600000
2023-07-31,EU + EFTA + UK,Ford,UNITS,M,50867,2023-07,1690761600000
2023-07-31,EU + EFTA + UK,Ford,YTD,M,308987,2023-07,1690761600000
2023-07-31,EU + EFTA + UK,Honda,TTM,M,32610,2023-07,1690761600000
2023-07-31,EU + EFTA + UK,Honda,UNITS,M,4825,2023-07,1690761600000
2023-07-31,EU + EFTA + UK,Honda,YTD,M,32610,2023-07,1690761600000
2023-07-31,EU + EFTA + UK,Hyundai,TTM,M,299781,2023-07,1690761600000
2023-07-31,EU + EFTA + UK,Hyundai,UNITS,M,51930,2023-07,1690761600000
2023-07-31,EU + EFTA + UK,Hyundai,YTD,M,299781,2023-07,1690761600000
2023-07-31,EU + EFTA + UK,Hyundai Group,TTM,M,626046,2023-07,1690761600000
2023-07-31,EU + EFTA + UK,Hyundai Group,UNITS,M,106541,2023-07,1690761600000
2023-07-31,EU + EFTA + UK,Hyundai Group,YTD,M,626046,2023-07,1690761600000
2023-07-31,EU + EFTA + UK,Jaguar,TTM,M,15118,2023-07,1690761600000
2023-07-31,EU + EFTA + UK,Jaguar,UNITS,M,2618,2023-07,1690761600000
2023-07-31,EU + EFTA + UK,Jaguar,YTD,M,15118,2023-07,1690761600000
2023-07-31,EU + EFTA + UK,Jaguar Land Rover Group,TTM,M,88369,2023-07,1690761600000
2023-07-31,EU + EFTA + UK,Jaguar Land Rover Group,UNITS,M,13648,2023-07,1690761600000
2023-07-31,EU + EFTA + UK,Jaguar Land Rover Group,YTD,M,88369,2023-07,1690761600000
2023-07-31,EU + EFTA + UK,Jeep,TTM,M,69828,2023-07,1690761600000
2023-07-31,EU + EFTA + UK,Jeep,UNITS,M,11948,2023-07,1690761600000
2023-07-31,EU + EFTA + UK,Jeep,YTD,M,69828,2023-07,1690761600000
2023-07-31,EU + EFTA + UK,Kia,TTM,M,326265,2023-07,1690761600000
2023-07-31,EU + EFTA + UK,Kia,UNITS,M,54611,2023-07,1690761600000
2023-07-31,EU + EFTA + UK,Kia,YTD,M,326265,2023-07,1690761600000
2023-07-31,EU + EFTA + UK,Lancia/Chrysler,TTM,M,26380,2023-07,1690761600000
2023-07-31,EU + EFTA + UK,Lancia/Chrysler,UNITS,M,4519,2023-07,1690761600000
2023-07-31,EU + EFTA + UK,Lancia/Chrysler,YTD,M,26380,2023-07,1690761600000
2023-07-31,EU + EFTA + UK,Land Rover,TTM,M,73251,2023-07,1690761600000
2023-07-31,EU + EFTA + UK,Land Rover,UNITS,M,11030,2023-07,1690761600000
2023-07-31,EU + EFTA + UK,Land Rover,YTD,M,73251,2023-07,1690761600000
2023-07-31,EU + EFTA + UK,Lexus,TTM,M,30790,2023-07,1690761600000
2023-07-31,EU + EFTA + UK,Lexus,UNITS,M,6482,2023-07,1690761600000
2023-07-31,EU + EFTA + UK,Lexus,YTD,M,30790,2023-07,1690761600000
2023-07-31,EU + EFTA + UK,Mazda,TTM,M,108075,2023-07,1690761600000
2023-07-31,EU + EFTA + UK,Mazda,UNITS,M,17347,2023-07,1690761600000
2023-07-31,EU + EFTA + UK,Mazda,YTD,M,108075,2023-07,1690761600000
2023-07-31,EU + EFTA + UK,Mercedes,TTM,M,377452,2023-07,1690761600000
2023-07-31,EU + EFTA + UK,Mercedes,UNITS,M,60966,2023-07,1690761600000
2023-07-31,EU + EFTA + UK,Mercedes,YTD,M,377452,2023-07,1690761600000
2023-07-31,EU + EFTA + UK,Mercedes-Benz,TTM,M,390859,2023-07,1690761600000
2023-07-31,EU + EFTA + UK,Mercedes-Benz,UNITS,M,63239,2023-07,1690761600000
2023-07-31,EU + EFTA + UK,Mercedes-Benz,YTD,M,390859,2023-07,1690761600000
2023-07-31,EU + EFTA + UK,Mini,TTM,M,108782,2023-07,1690761600000
2023-07-31,EU + EFTA + UK,Mini,UNITS,M,17480,2023-07,1690761600000
2023-07-31,EU + EFTA + UK,Mini,YTD,M,108782,2023-07,1690761600000
2023-07-31,EU + EFTA + UK,Mitsubishi,TTM,M,22547,2023-07,1690761600000
2023-07-31,EU + EFTA + UK,Mitsubishi,UNITS,M,4389,2023-07,1690761600000
2023-07-31,EU + EFTA + UK,Mitsubishi,YTD,M,22547,2023-07,1690761600000
2023-07-31,EU + EFTA + UK,Nissan,TTM,M,181307,2023-07,1690761600000
2023-07-31,EU + EFTA + UK,Nissan,UNITS,M,26865,2023-07,1690761600000
2023-07-31,EU + EFTA + UK,Nissan,YTD,M,181307,2023-07,1690761600000
2023-07-31,EU + EFTA + UK,Opel/Vauxhall,TTM,M,276208,2023-07,1690761600000
2023-07-31,EU + EFTA + UK,Opel/Vauxhall,UNITS,M,47088,2023-07,1690761600000
2023-07-31,EU + EFTA + UK,Opel/Vauxhall,YTD,M,276208,2023-07,1690761600000
2023-07-31,EU + EFTA + UK,Peugeot,TTM,M,400952,2023-07,1690761600000
2023-07-31,EU + EFTA + UK,Peugeot,UNITS,M,64117,2023-07,1690761600000
2023-07-31,EU + EFTA + UK,Peugeot,YTD,M,400952,2023-07,1690761600000
2023-07-31,EU + EFTA + UK,Porsche,TTM,M,56773,2023-07,1690761600000
2023-07-31,EU + EFTA + UK,Porsche,UNITS,M,9382,2023-07,1690761600000
2023-07-31,EU + EFTA + UK,Porsche,YTD,M,56773,2023-07,1690761600000
2023-07-31,EU + EFTA + UK,Renault,TTM,M,393935,2023-07,1690761600000
2023-07-31,EU + EFTA + UK,Renault,UNITS,M,76834,2023-07,1690761600000
2023-07-31,EU + EFTA + UK,Renault,YTD,M,393935,2023-07,1690761600000
2023-07-31,EU + EFTA + UK,Renault Group,TTM,M,708254,2023-07,1690761600000
2023-07-31,EU + EFTA + UK,Renault Group,UNITS,M,133010,2023-07,1690761600000
2023-07-31,EU + EFTA + UK,Renault Group,YTD,M,708254,2023-07,1690761600000
2023-07-31,EU + EFTA + UK,SAIC Motor,TTM,M,126767,2023-07,1690761600000
2023-07-31,EU + EFTA + UK,SAIC Motor,UNITS,M,25584,2023-07,1690761600000
2023-07-31,EU + EFTA + UK,SAIC Motor,YTD,M,126767,2023-07,1690761600000
2023-07-31,EU + EFTA + UK,Seat,TTM,M,146566,2023-07,1690761600000
2023-07-31,EU + EFTA + UK,Seat,UNITS,M,24164,2023-07,1690761600000
2023-07-31,EU + EFTA + UK,Seat,YTD,M,146566,2023-07,1690761600000
2023-07-31,EU + EFTA + UK,Skoda,TTM,M,366079,2023-07,1690761600000
2023-07-31,EU + EFTA + UK,Skoda,UNITS,M,62259,2023-07,1690761600000
2023-07-31,EU + EFTA + UK,Skoda,YTD,M,366079,2023-07,1690761600000
2023-07-31,EU + EFTA + UK,Smart,TTM,M,13407,2023-07,1690761600000
2023-07-31,EU + EFTA + UK,Smart,UNITS,M,2273,2023-07,1690761600000
2023-07-31,EU + EFTA + UK,Smart,YTD,M,13407,2023-07,1690761600000
2023-07-31,EU + EFTA + UK,Stellantis,TTM,M,1278570,2023-07,1690761600000
2023-07-31,EU + EFTA + UK,Stellantis,UNITS,M,209719,2023-07,1690761600000
2023-07-31,EU + EFTA + UK,Stellantis,YTD,M,1278570,2023-07,1690761600000
2023-07-31,EU + EFTA + UK,Suzuki,TTM,M,101576,2023-07,1690761600000
2023-07-31,EU + EFTA + UK,Suzuki,UNITS,M,16683,2023-07,1690761600000
2023-07-31,EU + EFTA + UK,Suzuki,YTD,M,101576,2023-07,1690761600000
2023-07-31,EU + EFTA + UK,Tesla,TTM,M,273808,2023-07,1690761600000
2023-07-31,EU + EFTA + UK,Tesla,UNITS,M,48639,2023-07,1690761600000
2023-07-31,EU + EFTA + UK,Tesla,YTD,M,273808,2023-07,1690761600000
2023-07-31,EU + EFTA + UK,Toyota,TTM,M,457771,2023-07,1690761600000
2023-07-31,EU + EFTA + UK,Toyota,UNITS,M,75237,2023-07,1690761600000
2023-07-31,EU + EFTA + UK,Toyota,YTD,M,457771,2023-07,1690761600000
2023-07-31,EU + EFTA + UK,Toyota Group,TTM,M,488561,2023-07,1690761600000
2023-07-31,EU + EFTA + UK,Toyota Group,UNITS,M,81719,2023-07,1690761600000
2023-07-31,EU + EFTA + UK,Toyota Group,YTD,M,488561,2023-07,1690761600000
2023-07-31,EU + EFTA + UK,Volkswagen,TTM,M,769312,2023-07,1690761600000
2023-07-31,EU + EFTA + UK,Volkswagen,UNITS,M,138574,2023-07,1690761600000
2023-07-31,EU + EFTA + UK,Volkswagen,YTD,M,769312,2023-07,1690761600000
2023-07-31,EU + EFTA + UK,Volkswagen Group,TTM,M,1874711,2023-07,1690761600000
2023-07-31,EU + EFTA + UK,Volkswagen Group,UNITS,M,327291,2023-07,1690761600000
2023-07-31,EU + EFTA + UK,Volkswagen Group,YTD,M,1874711,2023-07,1690761600000
2023-07-31,EU + EFTA + UK,Volvo Cars,TTM,M,157784,2023-07,1690761600000
2023-07-31,EU + EFTA + UK,Volvo Cars,UNITS,M,26251,2023-07,1690761600000
2023-07-31,EU + EFTA + UK,Volvo Cars,YTD,M,157784,2023-07,1690761600000
2023-07-31,European Union (EU),Alfa Romeo,TTM,M,27164,2023-07,1690761600000
2023-07-31,European Union (EU),Alfa Romeo,UNITS,M,3768,2023-07,1690761600000
2023-07-31,European Union (EU),Alfa Romeo,YTD,M,27164,2023-07,1690761600000
2023-07-31,European Union (EU),Alpine,TTM,M,1716,2023-07,1690761600000
2023-07-31,European Union (EU),Alpine,UNITS,M,413,2023-07,1690761600000
2023-07-31,European Union (EU),Alpine,YTD,M,1716,2023-07,1690761600000
2023-07-31,European Union (EU),Audi,TTM,M,319745,2023-07,1690761600000
2023-07-31,European Union (EU),Audi,UNITS,M,47527,2023-07,1690761600000
2023-07-31,European Union (EU),Audi,YTD,M,319745,2023-07,1690761600000
2023-07-31,European Union (EU),BMW,TTM,M,311848,2023-07,1690761600000
2023-07-31,European Union (EU),BMW,UNITS,M,46235,2023-07,1690761600000
2023-07-31,European Union (EU),BMW,YTD,M,311848,2023-07,1690761600000
2023-07-31,European Union (EU),BMW Group,TTM,M,388447,2023-07,1690761600000
2023-07-31,European Union (EU),BMW Group,UNITS,M,57851,2023-07,1690761600000
2023-07-31,European Union (EU),BMW Group,YTD,M,388447,2023-07,1690761600000
2023-07-31,European Union (EU),Citroen,TTM,M,193663,2023-07,1690761600000
2023-07-31,European Union (EU),Citroen,UNITS,M,23938,2023-07,1690761600000
2023-07-31,European Union (EU),Citroen,YTD,M,193663,2023-07,1690761600000
2023-07-31,European Union (EU),Cupra,TTM,M,89377,2023-07,1690761600000
2023-07-31,European Union (EU),Cupra,UNITS,M,15885,2023-07,1690761600000
2023-07-31,European Union (EU),Cupra,YTD,M,89377,2023-07,1690761600000
2023-07-31,European Union (EU),DS,TTM,M,27556,2023-07,1690761600000
2023-07-31,European Union (EU),DS,UNITS,M,3593,2023-07,1690761600000
2023-07-31,European Union (EU),DS,YTD,M,27556,2023-07,1690761600000
2023-07-31,European Union (EU),Dacia,TTM,M,277897,2023-07,1690761600000
2023-07-31,European Union (EU),Dacia,UNITS,M,40698,2023-07,1690761600000
2023-07-31,European Union (EU),Dacia,YTD,M,277897,2023-07,1690761600000
2023-07-31,European Union (EU),Fiat,TTM,M,197940,2023-07,1690761600000
2023-07-31,European Union (EU),Fiat,UNITS,M,30369,2023-07,1690761600000
2023-07-31,European Union (EU),Fiat,YTD,M,197940,2023-07,1690761600000
2023-07-31,European Union (EU),Ford,TTM,M,208099,2023-07,1690761600000
2023-07-31,European Union (EU),Ford,UNITS,M,29304,2023-07,1690761600000
2023-07-31,European Union (EU),Ford,YTD,M,208099,2023-07,1690761600000
2023-07-31,European Union (EU),Honda,TTM,M,14525,2023-07,1690761600000
2023-07-31,European Union (EU),Honda,UNITS,M,2756,2023-07,1690761600000
2023-07-31,European Union (EU),Honda,YTD,M,14525,2023-07,1690761600000
2023-07-31,European Union (EU),Hyundai,TTM,M,233844,2023-07,1690761600000
2023-07-31,European Union (EU),Hyundai,UNITS,M,39823,2023-07,1690761600000
2023-07-31,European Union (EU),Hyundai,YTD,M,233844,2023-07,1690761600000
2023-07-31,European Union (EU),Hyundai Group,TTM,M,477058,2023-07,1690761600000
2023-07-31,European Union (EU),Hyundai Group,UNITS,M,78546,2023-07,1690761600000
2023-07-31,European Union (EU),Hyundai Group,YTD,M,477058,2023-07,1690761600000
2023-07-31,European Union (EU),Jaguar,TTM,M,6160,2023-07,1690761600000
2023-07-31,European Union (EU),Jaguar,UNITS,M,859,2023-07,1690761600000
2023-07-31,European Union (EU),Jaguar,YTD,M,6160,2023-07,1690761600000
2023-07-31,European Union (EU),Jaguar Land Rover Group,TTM,M,37359,2023-07,1690761600000
2023-07-31,European Union (EU),Jaguar Land Rover Group,UNITS,M,6158,2023-07,1690761600000
2023-07-31,European Union (EU),Jaguar Land Rover Group,YTD,M,37359,2023-07,1690761600000
2023-07-31,European Union (EU),Jeep,TTM,M,65081,2023-07,1690761600000
2023-07-31,European Union (EU),Jeep,UNITS,M,10128,2023-07,1690761600000
2023-07-31,European Union (EU),Jeep,YTD,M,65081,2023-07,1690761600000
2023-07-31,European Union (EU),Kia,TTM,M,243214,2023-07,1690761600000
2023-07-31,European Union (EU),Kia,UNITS,M,38723,2023-07,1690761600000
2023-07-31,European Union (EU),Kia,YTD,M,243214,2023-07,1690761600000
2023-07-31,European Union (EU),Lancia/Chrysler,TTM,M,25220,2023-07,1690761600000
2023-07-31,European Union (EU),Lancia/Chrysler,UNITS,M,3364,2023-07,1690761600000
2023-07-31,European Union (EU),Lancia/Chrysler,YTD,M,25220,2023-07,1690761600000
2023-07-31,European Union (EU),Land Rover,TTM,M,31199,2023-07,1690761600000
2023-07-31,European Union (EU),Land Rover,UNITS,M,5299,2023-07,1690761600000
2023-07-31,European Union (EU),Land Rover,YTD,M,31199,2023-07,1690761600000
2023-07-31,European Union (EU),Lexus,TTM,M,20236,2023-07,1690761600000
2023-07-31,European Union (EU),Lexus,UNITS,M,3353,2023-07,1690761600000
2023-07-31,European Union (EU),Lexus,YTD,M,20236,2023-07,1690761600000
2023-07-31,European Union (EU),Mazda,TTM,M,81965,2023-07,1690761600000
2023-07-31,European Union (EU),Mazda,UNITS,M,10636,2023-07,1690761600000
2023-07-31,European Union (EU),Mazda,YTD,M,81965,2023-07,1690761600000
2023-07-31,European Union (EU),Mercedes,TTM,M,298130,2023-07,1690761600000
2023-07-31,European Union (EU),Mercedes,UNITS,M,41421,2023-07,1690761600000
2023-07-31,European Union (EU),Mercedes,YTD,M,298130,2023-07,1690761600000
2023-07-31,European Union (EU),Mercedes-Benz,TTM,M,311206,2023-07,1690761600000
2023-07-31,European Union (EU),Mercedes-Benz,UNITS,M,43590,2023-07,1690761600000
2023-07-31,European Union (EU),Mercedes-Benz,YTD,M,311206,2023-07,1690761600000
2023-07-31,European Union (EU),Mini,TTM,M,76599,2023-07,1690761600000
2023-07-31,European Union (EU),Mini,UNITS,M,11616,2023-07,1690761600000
2023-07-31,European Union (EU),Mini,YTD,M,76599,2023-07,1690761600000
2023-07-31,European Union (EU),Mitsubishi,TTM,M,19988,2023-07,1690761600000
2023-07-31,European Union (EU),Mitsubishi,UNITS,M,2782,2023-07,1690761600000
2023-07-31,European Union (EU),Mitsubishi,YTD,M,19988,2023-07,1690761600000
2023-07-31,European Union (EU),Nissan,TTM,M,114209,2023-07,1690761600000
2023-07-31,European Union (EU),Nissan,UNITS,M,15702,2023-07,1690761600000
2023-07-31,European Union (EU),Nissan,YTD,M,114209,2023-07,1690761600000
2023-07-31,European Union (EU),Opel/Vauxhall,TTM,M,204134,2023-07,1690761600000
2023-07-31,European Union (EU),Opel/Vauxhall,UNITS,M,26579,2023-07,1690761600000
2023-07-31,European Union (EU),Opel/Vauxhall,YTD,M,204134,2023-07,1690761600000
2023-07-31,European Union (EU),Peugeot,TTM,M,344245,2023-07,1690761600000
2023-07-31,European Union (EU),Peugeot,UNITS,M,42089,2023-07,1690761600000
2023-07-31,European Union (EU),Peugeot,YTD,M,344245,2023-07,1690761600000
2023-07-31,European Union (EU),Porsche,TTM,M,38400,2023-07,1690761600000
2023-07-31,European Union (EU),Porsche,UNITS,M,5645,2023-07,1690761600000
2023-07-31,European Union (EU),Porsche,YTD,M,38400,2023-07,1690761600000
2023-07-31,European Union (EU),Renault,TTM,M,346348,2023-07,1690761600000
2023-07-31,European Union (EU),Renault,UNITS,M,49160,2023-07,1690761600000
2023-07-31,European Union (EU),Renault,YTD,M,346348,2023-07,1690761600000
2023-07-31,European Union (EU),Renault Group,TTM,M,625961,2023-07,1690761600000
2023-07-31,European Union (EU),Renault Group,UNITS,M,90271,2023-07,1690761600000
2023-07-31,European Union (EU),Renault Group,YTD,M,625961,2023-07,1690761600000
2023-07-31,European Union (EU),SAIC Motor,TTM,M,71596,2023-07,1690761600000
2023-07-31,European Union (EU),SAIC Motor,UNITS,M,11324,2023-07,1690761600000
2023-07-31,European Union (EU),SAIC Motor,YTD,M,71596,2023-07,1690761600000
2023-07-31,European Union (EU),Seat,TTM,M,123473,2023-07,1690761600000
2023-07-31,European Union (EU),Seat,UNITS,M,19242,2023-07,1690761600000
2023-07-31,European Union (EU),Seat,YTD,M,123473,2023-07,1690761600000
2023-07-31,European Union (EU),Skoda,TTM,M,309118,2023-07,1690761600000
2023-07-31,European Union (EU),Skoda,UNITS,M,48684,2023-07,1690761600000
2023-07-31,European Union (EU),Skoda,YTD,M,309118,2023-07,1690761600000
2023-07-31,European Union (EU),Smart,TTM,M,13076,2023-07,1690761600000
2023-07-31,European Union (EU),Smart,UNITS,M,2169,2023-07,1690761600000
2023-07-31,European Union (EU),Smart,YTD,M,13076,2023-07,1690761600000
2023-07-31,European Union (EU),Stellantis,TTM,M,1089402,2023-07,1690761600000
2023-07-31,European Union (EU),Stellantis,UNITS,M,144467,2023-07,1690761600000
2023-07-31,European Union (EU),Stellantis,YTD,M,1089402,2023-07,1690761600000
2023-07-31,European Union (EU),Suzuki,TTM,M,81178,2023-07,1690761600000
2023-07-31,European Union (EU),Suzuki,UNITS,M,12850,2023-07,1690761600000
2023-07-31,European Union (EU),Suzuki,YTD,M,81178,2023-07,1690761600000
2023-07-31,European Union (EU),Tesla,TTM,M,173886,2023-07,1690761600000
2023-07-31,European Union (EU),Tesla,UNITS,M,13577,2023-07,1690761600000
2023-07-31,European Union (EU),Tesla,YTD,M,173886,2023-07,1690761600000
2023-07-31,European Union (EU),Toyota,TTM,M,360050,2023-07,1690761600000
2023-07-31,European Union (EU),Toyota,UNITS,M,54525,2023-07,1690761600000
2023-07-31,European Union (EU),Toyota,YTD,M,360050,2023-07,1690761600000
2023-07-31,European Union (EU),Toyota Group,TTM,M,380286,2023-07,1690761600000
2023-07-31,European Union (EU),Toyota Group,UNITS,M,57878,2023-07,1690761600000
2023-07-31,European Union (EU),Toyota Group,YTD,M,380286,2023-07,1690761600000
2023-07-31,European Union (EU),Volkswagen,TTM,M,628605,2023-07,1690761600000
2023-07-31,European Union (EU),Volkswagen,UNITS,M,96932,2023-07,1690761600000
2023-07-31,European Union (EU),Volkswagen,YTD,M,628605,2023-07,1690761600000
2023-07-31,European Union (EU),Volkswagen Group,TTM,M,1512521,2023-07,1690761600000
2023-07-31,European Union (EU),Volkswagen Group,UNITS,M,234462,2023-07,1690761600000
2023-07-31,European Union (EU),Volkswagen Group,YTD,M,1512521,2023-07,1690761600000
2023-07-31,European Union (EU),Volvo Cars,TTM,M,116471,2023-07,1690761600000
2023-07-31,European Union (EU),Volvo Cars,UNITS,M,16155,2023-07,1690761600000
2023-07-31,European Union (EU),Volvo Cars,YTD,M,116471,2023-07,1690761600000
2023-08-31,EU + EFTA + UK,Alfa Romeo,TTM,M,35909,2023-08,1693440000000
2023-08-31,EU + EFTA + UK,Alfa Romeo,UNITS,M,5496,2023-08,1693440000000
2023-08-31,EU + EFTA + UK,Alfa Romeo,YTD,M,35909,2023-08,1693440000000
2023-08-31,EU + EFTA + UK,Alpine,TTM,M,2695,2023-08,1693440000000
2023-08-31,EU + EFTA + UK,Alpine,UNITS,M,582,2023-08,1693440000000
2023-08-31,EU + EFTA + UK,Alpine,YTD,M,2695,2023-08,1693440000000
2023-08-31,EU + EFTA + UK,Audi,TTM,M,495349,2023-08,1693440000000
2023-08-31,EU + EFTA + UK,Audi,UNITS,M,72369,2023-08,1693440000000
2023-08-31,EU + EFTA + UK,Audi,YTD,M,495349,2023-08,1693440000000
2023-08-31,EU + EFTA + UK,BMW,TTM,M,463678,2023-08,1693440000000
2023-08-31,EU + EFTA + UK,BMW,UNITS,M,66396,2023-08,1693440000000
2023-08-31,EU + EFTA + UK,BMW,YTD,M,463678,2023-08,1693440000000
2023-08-31,EU + EFTA + UK,BMW Group,TTM,M,589940,2023-08,1693440000000
2023-08-31,EU + EFTA + UK,BMW Group,UNITS,M,83876,2023-08,1693440000000
2023-08-31,EU + EFTA + UK,BMW Group,YTD,M,589940,2023-08,1693440000000
2023-08-31,EU + EFTA + UK,Citroen,TTM,M,258539,2023-08,1693440000000
2023-08-31,EU + EFTA + UK,Citroen,UNITS,M,35169,2023-08,1693440000000
2023-08-31,EU + EFTA + UK,Citroen,YTD,M,258539,2023-08,1693440000000
2023-08-31,EU + EFTA + UK,Cupra,TTM,M,126985,2023-08,1693440000000
2023-08-31,EU + EFTA + UK,Cupra,UNITS,M,19608,2023-08,1693440000000
2023-08-31,EU + EFTA + UK,Cupra,YTD,M,126985,2023-08,1693440000000
2023-08-31,EU + EFTA + UK,DS,TTM,M,36328,2023-08,1693440000000
2023-08-31,EU + EFTA + UK,DS,UNITS,M,5292,2023-08,1693440000000
2023-08-31,EU + EFTA + UK,DS,YTD,M,36328,2023-08,1693440000000
2023-08-31,EU + EFTA + UK,Dacia,TTM,M,367800,2023-08,1693440000000
2023-08-31,EU + EFTA + UK,Dacia,UNITS,M,55594,2023-08,1693440000000
2023-08-31,EU + EFTA + UK,Dacia,YTD,M,367800,2023-08,1693440000000
2023-08-31,EU + EFTA + UK,Fiat,TTM,M,249948,2023-08,1693440000000
2023-08-31,EU + EFTA + UK,Fiat,UNITS,M,35138,2023-08,1693440000000
2023-08-31,EU + EFTA + UK,Fiat,YTD,M,249948,2023-08,1693440000000
2023-08-31,EU + EFTA + UK,Ford,TTM,M,359854,2023-08,1693440000000
2023-08-31,EU + EFTA + UK,Ford,UNITS,M,50867,2023-08,1693440000000
2023-08-31,EU + EFTA + UK,Ford,YTD,M,359854,2023-08,1693440000000
2023-08-31,EU + EFTA + UK,Honda,TTM,M,37435,2023-08,1693440000000
2023-08-31,EU + EFTA + UK,Honda,UNITS,M,4825,2023-08,1693440000000
2023-08-31,EU + EFTA + UK,Honda,YTD,M,37435,2023-08,1693440000000
2023-08-31,EU + EFTA + UK,Hyundai,TTM,M,351711,2023-08,1693440000000
2023-08-31,EU + EFTA + UK,Hyundai,UNITS,M,51930,2023-08,1693440000000
2023-08-31,EU + EFTA + UK,Hyundai,YTD,M,351711,2023-08,1693440000000
2023-08-31,EU + EFTA + UK,Hyundai Group,TTM,M,732587,2023-08,1693440000000
2023-08-31,EU + EFTA + UK,Hyundai Group,UNITS,M,106541,2023-08,1693440000000
2023-08-31,EU + EFTA + UK,Hyundai Group,YTD,M,732587,2023-08,1693440000000
2023-08-31,EU + EFTA + UK,Jaguar,TTM,M,17736,2023-08,1693440000000
2023-08-31,EU + EFTA + UK,Jaguar,UNITS,M,2618,2023-08,1693440000000
2023-08-31,EU + EFTA + UK,Jaguar,YTD,M,17736,2023-08,1693440000000
2023-08-31,EU + EFTA + UK,Jaguar Land Rover Group,TTM,M,102017,2023-08,1693440000000
2023-08-31,EU + EFTA + UK,Jaguar Land Rover Group,UNITS,M,13648,2023-08,1693440000000
2023-08-31,EU + EFTA + UK,Jaguar Land Rover Group,YTD,M,102017,2023-08,1693440000000
2023-08-31,EU + EFTA + UK,Jeep,TTM,M,81776,2023-08,1693440000000
2023-08-31,EU + EFTA + UK,Jeep,UNITS,M,11948,2023-08,1693440000000
2023-08-31,EU + EFTA + UK,Jeep,YTD,M,81776,2023-08,1693440000000
2023-08-31,EU + EFTA + UK,Kia,TTM,M,380876,2023-08,1693440000000
2023-08-31,EU + EFTA + UK,Kia,UNITS,M,54611,2023-08,1693440000000
2023-08-31,EU + EFTA + UK,Kia,YTD,M,380876,2023-08,1693440000000
2023-08-31,EU + EFTA + UK,Lancia/Chrysler,TTM,M,30899,2023-08,1693440000000
2023-08-31,EU + EFTA + UK,Lancia/Chrysler,UNITS,M,4519,2023-08,1693440000000
2023-08-31,EU + EFTA + UK,Lancia/Chrysler,YTD,M,30899,2023-08,1693440000000
2023-08-31,EU + EFTA + UK,Land Rover,TTM,M,84281,2023-08,1693440000000
2023-08-31,EU + EFTA + UK,Land Rover,UNITS,M,11030,2023-08,1693440000000
2023-08-31,EU + EFTA + UK,Land Rover,YTD,M,84281,2023-08,1693440000000
2023-08-31,EU + EFTA + UK,Lexus,TTM,M,37272,2023-08,1693440000000
2023-08-31,EU + EFTA + UK,Lexus,UNITS,M,6482,2023-08,1693440000000
2023-08-31,EU + EFTA + UK,Lexus,YTD,M,37272,2023-08,1693440000000
2023-08-31,EU + EFTA + UK,Mazda,TTM,M,125422,2023-08,1693440000000
2023-08-31,EU + EFTA + UK,Mazda,UNITS,M,17347,2023-08,1693440000000
2023-08-31,EU + EFTA + UK,Mazda,YTD,M,125422,2023-08,1693440000000
2023-08-31,EU + EFTA + UK,Mercedes,TTM,M,438418,2023-08,1693440000000
2023-08-31,EU + EFTA + UK,Mercedes,UNITS,M,60966,2023-08,1693440000000
2023-08-31,EU + EFTA + UK,Mercedes,YTD,M,438418,2023-08,1693440000000
2023-08-31,EU + EFTA + UK,Mercedes-Benz,TTM,M,454098,2023-08,1693440000000
2023-08-31,EU + EFTA + UK,Mercedes-Benz,UNITS,M,63239,2023-08,1693440000000
2023-08-31,EU + EFTA + UK,Mercedes-Benz,YTD,M,454098,2023-08,1693440000000
2023-08-31,EU + EFTA + UK,Mini,TTM,M,126262,2023-08,1693440000000
2023-08-31,EU + EFTA + UK,Mini,UNITS,M,17480,2023-08,1693440000000
2023-08-31,EU + EFTA + UK,Mini,YTD,M,126262,2023-08,1693440000000
2023-08-31,EU + EFTA + UK,Mitsubishi,TTM,M,26936,2023-08,1693440000000
2023-08-31,EU + EFTA + UK,Mitsubishi,UNITS,M,4389,2023-08,1693440000000
2023-08-31,EU + EFTA + UK,Mitsubishi,YTD,M,26936,2023-08,1693440000000
2023-08-31,EU + EFTA + UK,Nissan,TTM,M,208172,2023-08,1693440000000
2023-08-31,EU + EFTA + UK,Nissan,UNITS,M,26865,2023-08,1693440000000
2023-08-31,EU + EFTA + UK,Nissan,YTD,M,208172,2023-08,1693440000000
2023-08-31,EU + EFTA + UK,Opel/Vauxhall,TTM,M,323296,2023-08,1693440000000
2023-08-31,EU + EFTA + UK,Opel/Vauxhall,UNITS,M,47088,2023-08,1693440000000
2023-08-31,EU + EFTA + UK,Opel/Vauxhall,YTD,M,323296,2023-08,1693440000000
2023-08-31,EU + EFTA + UK,Peugeot,TTM,M,465069,2023-08,1693440000000
2023-08-31,EU + EFTA + UK,Peugeot,UNITS,M,64117,2023-08,1693440000000
2023-08-31,EU + EFTA + UK,Peugeot,YTD,M,465069,2023-08,1693440000000
2023-08-31,EU + EFTA + UK,Porsche,TTM,M,66155,2023-08,1693440000000
2023-08-31,EU + EFTA + UK,Porsche,UNITS,M,9382,2023-08,1693440000000
2023-08-31,EU + EFTA + UK,Porsche,YTD,M,66155,2023-08,1693440000000
2023-08-31,EU + EFTA + UK,Renault,TTM,M,470769,2023-08,1693440000000
2023-08-31,EU + EFTA + UK,Renault,UNITS,M,76834,2023-08,1693440000000
2023-08-31,EU + EFTA + UK,Renault,YTD,M,470769,2023-08,1693440000000
2023-08-31,EU + EFTA + UK,Renault Group,TTM,M,841264,2023-08,1693440000000
2023-08-31,EU + EFTA + UK,Renault Group,UNITS,M,133010,2023-08,1693440000000
2023-08-31,EU + EFTA + UK,Renault Group,YTD,M,841264,2023-08,1693440000000
2023-08-31,EU + EFTA + UK,SAIC Motor,TTM,M,152351,2023-08,1693440000000
2023-08-31,EU + EFTA + UK,SAIC Motor,UNITS,M,25584,2023-08,1693440000000
2023-08-31,EU + EFTA + UK,SAIC Motor,YTD,M,152351,2023-08,1693440000000
2023-08-31,EU + EFTA + UK,Seat,TTM,M,170730,2023-08,1693440000000
2023-08-31,EU + EFTA + UK,Seat,UNITS,M,24164,2023-08,1693440000000
2023-08-31,EU + EFTA + UK,Seat,YTD,M,170730,2023-08,1693440000000
2023-08-31,EU + EFTA + UK,Skoda,TTM,M,428338,2023-08,1693440000000
2023-08-31,EU + EFTA + UK,Skoda,UNITS,M,62259,2023-08,1693440000000
2023-08-31,EU + EFTA + UK,Skoda,YTD,M,428338,2023-08,1693440000000
2023-08-31,EU + EFTA + UK,Smart,TTM,M,15680,2023-08,1693440000000
2023-08-31,EU + EFTA + UK,Smart,UNITS,M,2273,2023-08,1693440000000
2023-08-31,EU + EFTA + UK,Smart,YTD,M,15680,2023-08,1693440000000
2023-08-31,EU + EFTA + UK,Stellantis,TTM,M,1488289,2023-08,1693440000000
2023-08-31,EU + EFTA + UK,Stellantis,UNITS,M,209719,2023-08,1693440000000
2023-08-31,EU + EFTA + UK,Stellantis,YTD,M,1488289,2023-08,1693440000000
2023-08-31,EU + EFTA + UK,Suzuki,TTM,M,118259,2023-08,1693440000000
2023-08-31,EU + EFTA + UK,Suzuki,UNITS,M,16683,2023-08,1693440000000
2023-08-31,EU + EFTA + UK,Suzuki,YTD,M,118259,2023-08,1693440000000
2023-08-31,EU + EFTA + UK,Tesla,TTM,M,322447,2023-08,1693440000000
2023-08-31,EU + EFTA + UK,Tesla,UNITS,M,48639,2023-08,1693440000000
2023-08-31,EU + EFTA + UK,Tesla,YTD,M,322447,2023-08,1693440000000
2023-08-31,EU + EFTA + UK,Toyota,TTM,M,533008,2023-08,1693440000000
2023-08-31,EU + EFTA + UK,Toyota,UNITS,M,75237,2023-08,1693440000000
2023-08-31,EU + EFTA + UK,Toyota,YTD,M,533008,2023-08,1693440000000
2023-08-31,EU + EFTA + UK,Toyota Group,TTM,M,570280,2023-08,1693440000000
2023-08-31,EU + EFTA + UK,Toyota Group,UNITS,M,81719,2023-08,1693440000000
2023-08-31,EU + EFTA + UK,Toyota Group,YTD,M,570280,2023-08,1693440000000
2023-08-31,EU + EFTA + UK,Volkswagen,TTM,M,907886,2023-08,1693440000000
2023-08-31,EU + EFTA + UK,Volkswagen,UNITS,M,138574,2023-08,1693440000000
2023-08-31,EU + EFTA + UK,Volkswagen,YTD,M,907886,2023-08,1693440000000
2023-08-31,EU + EFTA + UK,Volkswagen Group,TTM,M,2202002,2023-08,1693440000000
2023-08-31,EU + EFTA + UK,Volkswagen Group,UNITS,M,327291,2023-08,1693440000000
2023-08-31,EU + EFTA + UK,Volkswagen Group,YTD,M,2202002,2023-08,1693440000000
2023-08-31,EU + EFTA + UK,Volvo Cars,TTM,M,184035,2023-08,1693440000000
2023-08-31,EU + EFTA + UK,Volvo Cars,UNITS,M,26251,2023-08,1693440000000
2023-08-31,EU + EFTA + UK,Volvo Cars,YTD,M,184035,2023-08,1693440000000
2023-08-31,European Union (EU),Alfa Romeo,TTM,M,30932,2023-08,1693440000000
2023-08-31,European Union (EU),Alfa Romeo,UNITS,M,3768,2023-08,1693440000000
2023-08-31,European Union (EU),Alfa Romeo,YTD,M,30932,2023-08,1693440000000
2023-08-31,European Union (EU),Alpine,TTM,M,2129,2023-08,1693440000000
2023-08-31,European Union (EU),Alpine,UNITS,M,413,2023-08,1693440000000
2023-08-31,European Union (EU),Alpine,YTD,M,2129,2023-08,1693440000000
2023-08-31,European Union (EU),Audi,TTM,M,367272,2023-08,1693440000000
2023-08-31,European Union (EU),Audi,UNITS,M,47527,2023-08,1693440000000
2023-08-31,European Union (EU),Audi,YTD,M,367272,2023-08,1693440000000
2023-08-31,European Union (EU),BMW,TTM,M,358083,2023-08,1693440000000
2023-08-31,European Union (EU),BMW,UNITS,M,46235,2023-08,1693440000000
2023-08-31,European Union (EU),BMW,YTD,M,358083,2023-08,1693440000000
2023-08-31,European Union (EU),BMW Group,TTM,M,446298,2023-08,1693440000000
2023-08-31,European Union (EU),BMW Group,UNITS,M,57851,2023-08,1693440000000
2023-08-31,European Union (EU),BMW Group,YTD,M,446298,2023-08,1693440000000
2023-08-31,European Union (EU),Citroen,TTM,M,217601,2023-08,1693440000000
2023-08-31,European Union (EU),Citroen,UNITS,M,23938,2023-08,1693440000000
2023-08-31,European Union (EU),Citroen,YTD,M,217601,2023-08,1693440000000
2023-08-31,European Union (EU),Cupra,TTM,M,105262,2023-08,1693440000000
2023-08-31,European Union (EU),Cupra,UNITS,M,15885,2023-08,1693440000000
2023-08-31,European Union (EU),Cupra,YTD,M,105262,2023-08,1693440000000
2023-08-31,European Union (EU),DS,TTM,M,31149,2023-08,1693440000000
2023-08-31,European Union (EU),DS,UNITS,M,3593,2023-08,1693440000000
2023-08-31,European Union (EU),DS,YTD,M,31149,2023-08,1693440000000
2023-08-31,European Union (EU),Dacia,TTM,M,318595,2023-08,1693440000000
2023-08-31,European Union (EU),Dacia,UNITS,M,40698,2023-08,1693440000000
2023-08-31,European Union (EU),Dacia,YTD,M,318595,2023-08,1693440000000
2023-08-31,European Union (EU),Fiat,TTM,M,228309,2023-08,1693440000000
2023-08-31,European Union (EU),Fiat,UNITS,M,30369,2023-08,1693440000000
2023-08-31,European Union (EU),Fiat,YTD,M,228309,2023-08,1693440000000
2023-08-31,European Union (EU),Ford,TTM,M,237403,2023-08,1693440000000
2023-08-31,European Union (EU),Ford,UNITS,M,29304,2023-08,1693440000000
2023-08-31,European Union (EU),Ford,YTD,M,237403,2023-08,1693440000000
2023-08-31,European Union (EU),Honda,TTM,M,17281,2023-08,1693440000000
2023-08-31,European Union (EU),Honda,UNITS,M,2756,2023-08,1693440000000
2023-08-31,European Union (EU),Honda,YTD,M,17281,2023-08,1693440000000
2023-08-31,European Union (EU),Hyundai,TTM,M,273667,2023-08,1693440000000
2023-08-31,European Union (EU),Hyundai,UNITS,M,39823,2023-08,1693440000000
2023-08-31,European Union (EU),Hyundai,YTD,M,273667,2023-08,1693440000000
2023-08-31,European Union (EU),Hyundai Group,TTM,M,555604,2023-08,1693440000000
2023-08-31,European Union (EU),Hyundai Group,UNITS,M,78546,2023-08,1693440000000
2023-08-31,European Union (EU),Hyundai Group,YTD,M,555604,2023-08,1693440000000
2023-08-31,European Union (EU),Jaguar,TTM,M,7019,2023-08,1693440000000
2023-08-31,European Union (EU),Jaguar,UNITS,M,859,2023-08,1693440000000
2023-08-31,European Union (EU),Jaguar,YTD,M,7019,2023-08,1693440000000
2023-08-31,European Union (EU),Jaguar Land Rover Group,TTM,M,43517,2023-08,1693440000000
2023-08-31,European Union (EU),Jaguar Land Rover Group,UNITS,M,6158,2023-08,1693440000000
2023-08-31,European Union (EU),Jaguar Land Rover Group,YTD,M,43517,2023-08,1693440000000
2023-08-31,European Union (EU),Jeep,TTM,M,75209,2023-08,1693440000000
2023-08-31,European Union (EU),Jeep,UNITS,M,10128,2023-08,1693440000000
2023-08-31,European Union (EU),Jeep,YTD,M,75209,2023-08,1693440000000
2023-08-31,European Union (EU),Kia,TTM,M,281937,2023-08,1693440000000
2023-08-31,European Union (EU),Kia,UNITS,M,38723,2023-08,1693440000000
2023-08-31,European Union (EU),Kia,YTD,M,281937,2023-08,1693440000000
2023-08-31,European Union (EU),Lancia/Chrysler,TTM,M,28584,2023-08,1693440000000
2023-08-31,European Union (EU),Lancia/Chrysler,UNITS,M,3364,2023-08,1693440000000
2023-08-31,European Union (EU),Lancia/Chrysler,YTD,M,28584,2023-08,1693440000000
2023-08-31,European Union (EU),Land Rover,TTM,M,36498,2023-08,1693440000000
2023-08-31,European Union (EU),Land Rover,UNITS,M,5299,2023-08,1693440000000
2023-08-31,European Union (EU),Land Rover,YTD,M,36498,2023-08,1693440000000
2023-08-31,European Union (EU),Lexus,TTM,M,23589,2023-08,1693440000000
2023-08-31,European Union (EU),Lexus,UNITS,M,3353,2023-08,1693440000000
2023-08-31,European Union (EU),Lexus,YTD,M,23589,2023-08,1693440000000
2023-08-31,European Union (EU),Mazda,TTM,M,92601,2023-08,1693440000000
2023-08-31,European Union (EU),Mazda,UNITS,M,10636,2023-08,1693440000000
2023-08-31,European Union (EU),Mazda,YTD,M,92601,2023-08,1693440000000
2023-08-31,European Union (EU),Mercedes,TTM,M,339551,2023-08,1693440000000
2023-08-31,European Union (EU),Mercedes,UNITS,M,41421,2023-08,1693440000000
2023-08-31,European Union (EU),Mercedes,YTD,M,339551,2023-08,1693440000000
2023-08-31,European Union (EU),Mercedes-Benz,TTM,M,354796,2023-08,1693440000000
2023-08-31,European Union (EU),Mercedes-Benz,UNITS,M,43590,2023-08,1693440000000
2023-08-31,European Union (EU),Mercedes-Benz,YTD,M,354796,2023-08,1693440000000
2023-08-31,European Union (EU),Mini,TTM,M,88215,2023-08,1693440000000
2023-08-31,European Union (EU),Mini,UNITS,M,11616,2023-08,1693440000000
2023-08-31,European Union (EU),Mini,YTD,M,88215,2023-08,1693440000000
2023-08-31,European Union (EU),Mitsubishi,TTM,M,22770,2023-08,1693440000000
2023-08-31,European Union (EU),Mitsubishi,UNITS,M,2782,2023-08,1693440000000
2023-08-31,European Union (EU),Mitsubishi,YTD,M,22770,2023-08,1693440000000
2023-08-31,European Union (EU),Nissan,TTM,M,129911,2023-08,1693440000000
2023-08-31,European Union (EU),Nissan,UNITS,M,15702,2023-08,1693440000000
2023-08-31,European Union (EU),Nissan,YTD,M,129911,2023-08,1693440000000
2023-08-31,European Union (EU),Opel/Vauxhall,TTM,M,230713,2023-08,1693440000000
2023-08-31,European Union (EU),Opel/Vauxhall,UNITS,M,26579,2023-08,1693440000000
2023-08-31,European Union (EU),Opel/Vauxhall,YTD,M,230713,2023-08,1693440000000
2023-08-31,European Union (EU),Peugeot,TTM,M,386334,2023-08,1693440000000
2023-08-31,European Union (EU),Peugeot,UNITS,M,42089,2023-08,1693440000000
2023-08-31,European Union (EU),Peugeot,YTD,M,386334,2023-08,1693440000000
2023-08-31,European Union (EU),Porsche,TTM,M,44045,2023-08,1693440000000
2023-08-31,European Union (EU),Porsche,UNITS,M,5645,2023-08,1693440000000
2023-08-31,European Union (EU),Porsche,YTD,M,44045,2023-08,1693440000000
2023-08-31,European Union (EU),Renault,TTM,M,395508,2023-08,1693440000000
2023-08-31,European Union (EU),Renault,UNITS,M,49160,2023-08,1693440000000
2023-08-31,European Union (EU),Renault,YTD,M,395508,2023-08,1693440000000
2023-08-31,European Union (EU),Renault Group,TTM,M,716232,2023-08,1693440000000
2023-08-31,European Union (EU),Renault Group,UNITS,M,90271,2023-08,1693440000000
2023-08-31,European Union (EU),Renault Group,YTD,M,716232,2023-08,1693440000000
2023-08-31,European Union (EU),SAIC Motor,TTM,M,82920,2023-08,1693440000000
2023-08-31,European Union (EU),SAIC Motor,UNITS,M,11324,2023-08,1693440000000
2023-08-31,European Union (EU),SAIC Motor,YTD,M,82920,2023-08,1693440000000
2023-08-31,European Union (EU),Seat,TTM,M,142715,2023-08,1693440000000
2023-08-31,European Union (EU),Seat,UNITS,M,19242,2023-08,1693440000000
2023-08-31,European Union (EU),Seat,YTD,M,142715,2023-08,1693440000000
2023-08-31,European Union (EU),Skoda,TTM,M,357802,2023-08,1693440000000
2023-08-31,European Union (EU),Skoda,UNITS,M,48684,2023-08,1693440000000
2023-08-31,European Union (EU),Skoda,YTD,M,357802,2023-08,1693440000000
2023-08-31,European Union (EU),Smart,TTM,M,15245,2023-08,1693440000000
2023-08-31,European Union (EU),Smart,UNITS,M,2169,2023-08,1693440000000
2023-08-31,European Union (EU),Smart,YTD,M,15245,2023-08,1693440000000
2023-08-31,European Union (EU),Stellantis,TTM,M,1233869,2023-08,1693440000000
2023-08-31,European Union (EU),Stellantis,UNITS,M,144467,2023-08,1693440000000
2023-08-31,European Union (EU),Stellantis,YTD,M,1233869,2023-08,1693440000000
2023-08-31,European Union (EU),Suzuki,TTM,M,94028,2023-08,1693440000000
2023-08-31,European Union (EU),Suzuki,UNITS,M,12850,2023-08,1693440000000
2023-08-31,European Union (EU),Suzuki,YTD,M,94028,2023-08,1693440000000
2023-08-31,European Union (EU),Tesla,TTM,M,187463,2023-08,1693440000000
2023-08-31,European Union (EU),Tesla,UNITS,M,13577,2023-08,1693440000000
2023-08-31,European Union (EU),Tesla,YTD,M,187463,2023-08,1693440000000
2023-08-31,European Union (EU),Toyota,TTM,M,414575,2023-08,1693440000000
2023-08-31,European Union (EU),Toyota,UNITS,M,54525,2023-08,1693440000000
2023-08-31,European Union (EU),Toyota,YTD,M,414575,2023-08,1693440000000
2023-08-31,European Union (EU),Toyota Group,TTM,M,438164,2023-08,1693440000000
2023-08-31,European Union (EU),Toyota Group,UNITS,M,57878,2023-08,1693440000000
2023-08-31,European Union (EU),Toyota Group,YTD,M,438164,2023-08,1693440000000
2023-08-31,European Union (EU),Volkswagen,TTM,M,725537,2023-08,1693440000000
2023-08-31,European Union (EU),Volkswagen,UNITS,M,96932,2023-08,1693440000000
2023-08-31,European Union (EU),Volkswagen,YTD,M,725537,2023-08,1693440000000
2023-08-31,European Union (EU),Volkswagen Group,TTM,M,1746983,2023-08,1693440000000
2023-08-31,European Union (EU),Volkswagen Group,UNITS,M,234462,2023-08,1693440000000
2023-08-31,European Union (EU),Volkswagen Group,YTD,M,1746983,2023-08,1693440000000
2023-08-31,European Union (EU),Volvo Cars,TTM,M,132626,2023-08,1693440000000
2023-08-31,European Union (EU),Volvo Cars,UNITS,M,16155,2023-08,1693440000000
2023-08-31,European Union (EU),Volvo Cars,YTD,M,132626,2023-08,1693440000000
2023-09-30,EU + EFTA + UK,Alfa Romeo,TTM,M,41405,2023-09,1696032000000
2023-09-30,EU + EFTA + UK,Alfa Romeo,UNITS,M,5496,2023-09,1696032000000
2023-09-30,EU + EFTA + UK,Alfa Romeo,YTD,M,41405,2023-09,1696032000000
2023-09-30,EU + EFTA + UK,Alpine,TTM,M,3277,2023-09,1696032000000
2023-09-30,EU + EFTA + UK,Alpine,UNITS,M,582,2023-09,1696032000000
2023-09-30,EU + EFTA + UK,Alpine,YTD,M,3277,2023-09,1696032000000
2023-09-30,EU + EFTA + UK,Audi,TTM,M,567718,2023-09,1696032000000
2023-09-30,EU + EFTA + UK,Audi,UNITS,M,72369,2023-09,1696032000000
2023-09-30,EU + EFTA + UK,Audi,YTD,M,567718,2023-09,1696032000000
2023-09-30,EU + EFTA + UK,BMW,TTM,M,530074,2023-09,1696032000000
2023-09-30,EU + EFTA + UK,BMW,UNITS,M,66396,2023-09,1696032000000
2023-09-30,EU + EFTA + UK,BMW,YTD,M,530074,2023-09,1696032000000
2023-09-30,EU + EFTA + UK,BMW Group,TTM,M,673816,2023-09,1696032000000
2023-09-30,EU + EFTA + UK,BMW Group,UNITS,M,83876,2023-09,1696032000000
2023-09-30,EU + EFTA + UK,BMW Group,YTD,M,673816,2023-09,1696032000000
2023-09-30,EU + EFTA + UK,Citroen,TTM,M,293708,2023-09,1696032000000
2023-09-30,EU + EFTA + UK,Citroen,UNITS,M,35169,2023-09,1696032000000
2023-09-30,EU + EFTA + UK,Citroen,YTD,M,293708,2023-09,1696032000000
2023-09-30,EU + EFTA + UK,Cupra,TTM,M,146593,2023-09,1696032000000
2023-09-30,EU + EFTA + UK,Cupra,UNITS,M,19608,2023-09,1696032000000
2023-09-30,EU + EFTA + UK,Cupra,YTD,M,146593,2023-09,1696032000000
2023-09-30,EU + EFTA + UK,DS,TTM,M,41620,2023-09,1696032000000
2023-09-30,EU + EFTA + UK,DS,UNITS,M,5292,2023-09,1696032000000
2023-09-30,EU + EFTA + UK,DS,YTD,M,41620,2023-09,1696032000000
2023-09-30,EU + EFTA + UK,Dacia,TTM,M,423394,2023-09,1696032000000
2023-09-30,EU + EFTA + UK,Dacia,UNITS,M,55594,2023-09,1696032000000
2023-09-30,EU + EFTA + UK,Dacia,YTD,M,423394,2023-09,1696032000000
2023-09-30,EU + EFTA + UK,Fiat,TTM,M,285086,2023-09,1696032000000
2023-09-30,EU + EFTA + UK,Fiat,UNITS,M,35138,2023-09,1696032000000
2023-09-30,EU + EFTA + UK,Fiat,YTD,M,285086,2023-09,1696032000000
2023-09-30,EU + EFTA + UK,Ford,TTM,M,410721,2023-09,1696032000000
2023-09-30,EU + EFTA + UK,Ford,UNITS,M,50867,2023-09,1696032000000
2023-09-30,EU + EFTA + UK,Ford,YTD,M,410721,2023-09,1696032000000
2023-09-30,EU + EFTA + UK,Honda,TTM,M,42260,2023-09,1696032000000
2023-09-30,EU + EFTA + UK,Honda,UNITS,M,4825,2023-09,1696032000000
2023-09-30,EU + EFTA + UK,Honda,YTD,M,42260,2023-09,1696032000000
2023-09-30,EU + EFTA + UK,Hyundai,TTM,M,403641,2023-09,1696032000000
2023-09-30,EU + EFTA + UK,Hyundai,UNITS,M,51930,2023-09,1696032000000
2023-09-30,EU + EFTA + UK,Hyundai,YTD,M,403641,2023-09,1696032000000
2023-09-30,EU + EFTA + UK,Hyundai Group,TTM,M,839128,2023-09,1696032000000
2023-09-30,EU + EFTA + UK,Hyundai Group,UNITS,M,106541,2023-09,1696032000000
2023-09-30,EU + EFTA + UK,Hyundai Group,YTD,M,839128,2023-09,1696032000000
2023-09-30,EU + EFTA + UK,Jaguar,TTM,M,20354,2023-09,1696032000000
2023-09-30,EU + EFTA + UK,Jaguar,UNITS,M,2618,2023-09,1696032000000
2023-09-30,EU + EFTA + UK,Jaguar,YTD,M,20354,2023-09,1696032000000
2023-09-30,EU + EFTA + UK,Jaguar Land Rover Group,TTM,M,115665,2023-09,1696032000000
2023-09-30,EU + EFTA + UK,Jaguar Land Rover Group,UNITS,M,13648,2023-09,1696032000000
2023-09-30,EU + EFTA + UK,Jaguar Land Rover Group,YTD,M,115665,2023-09,1696032000000
2023-09-30,EU + EFTA + UK,Jeep,TTM,M,93724,2023-09,1696032000000
2023-09-30,EU + EFTA + UK,Jeep,UNITS,M,11948,2023-09,1696032000000
2023-09-30,EU + EFTA + UK,Jeep,YTD,M,93724,2023-09,1696032000000
2023-09-30,EU + EFTA + UK,Kia,TTM,M,435487,2023-09,1696032000000
2023-09-30,EU + EFTA + UK,Kia,UNITS,M,54611,2023-09,1696032000000
2023-09-30,EU + EFTA + UK,Kia,YTD,M,435487,2023-09,1696032000000
2023-09-30,EU + EFTA + UK,Lancia/Chrysler,TTM,M,35418,2023-09,1696032000000
2023-09-30,EU + EFTA + UK,Lancia/Chrysler,UNITS,M,4519,2023-09,1696032000000
2023-09-30,EU + EFTA + UK,Lancia/Chrysler,YTD,M,35418,2023-09,1696032000000
2023-09-30,EU + EFTA + UK,Land Rover,TTM,M,95311,2023-09,1696032000000
2023-09-30,EU + EFTA + UK,Land Rover,UNITS,M,11030,2023-09,1696032000000
2023-09-30,EU + EFTA + UK,Land Rover,YTD,M,95311,2023-09,1696032000000
2023-09-30,EU + EFTA + UK,Lexus,TTM,M,43754,2023-09,1696032000000
2023-09-30,EU + EFTA + UK,Lexus,UNITS,M,6482,2023-09,1696032000000
2023-09-30,EU + EFTA + UK,Lexus,YTD,M,43754,2023-09,1696032000000
2023-09-30,EU + EFTA + UK,Mazda,TTM,M,142769,2023-09,1696032000000
2023-09-30,EU + EFTA + UK,Mazda,UNITS,M,17347,2023-09,1696032000000
2023-09-30,EU + EFTA + UK,Mazda,YTD,M,142769,2023-09,1696032000000
2023-09-30,EU + EFTA + UK,Mercedes,TTM,M,499384,2023-09,1696032000000
2023-09-30,EU + EFTA + UK,Mercedes,UNITS,M,60966,2023-09,1696032000000
2023-09-30,EU + EFTA + UK,Mercedes,YTD,M,499384,2023-09,1696032000000
2023-09-30,EU + EFTA + UK,Mercedes-Benz,TTM,M,517337,2023-09,1696032000000
2023-09-30,EU + EFTA + UK,Mercedes-Benz,UNITS,M,63239,2023-09,1696032000000
2023-09-30,EU + EFTA + UK,Mercedes-Benz,YTD,M,517337,2023-09,1696032000000
2023-09-30,EU + EFTA + UK,Mini,TTM,M,143742,2023-09,1696032000000
2023-09-30,EU + EFTA + UK,Mini,UNITS,M,17480,2023-09,1696032000000
2023-09-30,EU + EFTA + UK,Mini,YTD,M,143742,2023-09,1696032000000
2023-09-30,EU + EFTA + UK,Mitsubishi,TTM,M,31325,2023-09,1696032000000
2023-09-30,EU + EFTA + UK,Mitsubishi,UNITS,M,4389,2023-09,1696032000000
2023-09-30,EU + EFTA + UK,Mitsubishi,YTD,M,31325,2023-09,1696032000000
2023-09-30,EU + EFTA + UK,Nissan,TTM,M,235037,2023-09,1696032000000
2023-09-30,EU + EFTA + UK,Nissan,UNITS,M,26865,2023-09,1696032000000
2023-09-30,EU + EFTA + UK,Nissan,YTD,M,235037,2023-09,1696032000000
2023-09-30,EU + EFTA + UK,Opel/Vauxhall,TTM,M,370384,2023-09,1696032000000
2023-09-30,EU + EFTA + UK,Opel/Vauxhall,UNITS,M,47088,2023-09,1696032000000
2023-09-30,EU + EFTA + UK,Opel/Vauxhall,YTD,M,370384,2023-09,1696032000000
2023-09-30,EU + EFTA + UK,Peugeot,TTM,M,529186,2023-09,1696032000000
2023-09-30,EU + EFTA + UK,Peugeot,UNITS,M,64117,2023-09,1696032000000
2023-09-30,EU + EFTA + UK,Peugeot,YTD,M,529186,2023-09,1696032000000
2023-09-30,EU + EFTA + UK,Porsche,TTM,M,75537,2023-09,1696032000000
2023-09-30,EU + EFTA + UK,Porsche,UNITS,M,9382,2023-09,1696032000000
2023-09-30,EU + EFTA + UK,Porsche,YTD,M,75537,2023-09,1696032000000
2023-09-30,EU + EFTA + UK,Renault,TTM,M,547603,2023-09,1696032000000
2023-09-30,EU + EFTA + UK,Renault,UNITS,M,76834,2023-09,1696032000000
2023-09-30,EU + EFTA + UK,Renault,YTD,M,547603,2023-09,1696032000000
2023-09-30,EU + EFTA + UK,Renault Group,TTM,M,974274,2023-09,1696032000000
2023-09-30,EU + EFTA + UK,Renault Group,UNITS,M,133010,2023-09,1696032000000
2023-09-30,EU + EFTA + UK,Renault Group,YTD,M,974274,2023-09,1696032000000
2023-09-30,EU + EFTA + UK,SAIC Motor,TTM,M,177935,2023-09,1696032000000
2023-09-30,EU + EFTA + UK,SAIC Motor,UNITS,M,25584,2023-09,1696032000000
2023-09-30,EU + EFTA + UK,SAIC Motor,YTD,M,177935,2023-09,1696032000000
2023-09-30,EU + EFTA + UK,Seat,TTM,M,194894,2023-09,1696032000000
2023-09-30,EU + EFTA + UK,Seat,UNITS,M,24164,2023-09,1696032000000
2023-09-30,EU + EFTA + UK,Seat,YTD,M,194894,2023-09,1696032000000
2023-09-30,EU + EFTA + UK,Skoda,TTM,M,490597,2023-09,1696032000000
2023-09-30,EU + EFTA + UK,Skoda,UNITS,M,62259,2023-09,1696032000000
2023-09-30,EU + EFTA + UK,Skoda,YTD,M,490597,2023-09,1696032000000
2023-09-30,EU + EFTA + UK,Smart,TTM,M,17953,2023-09,1696032000000
2023-09-30,EU + EFTA + UK,Smart,UNITS,M,2273,2023-09,1696032000000
2023-09-30,EU + EFTA + UK,Smart,YTD,M,17953,2023-09,1696032000000
2023-09-30,EU + EFTA + UK,Stellantis,TTM,M,1698008,2023-09,1696032000000
2023-09-30,EU + EFTA + UK,Stellantis,UNITS,M,209719,2023-09,1696032000000
2023-09-30,EU + EFTA + UK,Stellantis,YTD,M,1698008,2023-09,1696032000000
2023-09-30,EU + EFTA + UK,Suzuki,TTM,M,134942,2023-09,1696032000000
2023-09-30,EU + EFTA + UK,Suzuki,UNITS,M,16683,2023-09,1696032000000
2023-09-30,EU + EFTA + UK,Suzuki,YTD,M,134942,2023-09,1696032000000
2023-09-30,EU + EFTA + UK,Tesla,TTM,M,371086,2023-09,1696032000000
2023-09-30,EU + EFTA + UK,Tesla,UNITS,M,48639,2023-09,1696032000000
2023-09-30,EU + EFTA + UK,Tesla,YTD,M,371086,2023-09,1696032000000
2023-09-30,EU + EFTA + UK,Toyota,TTM,M,608245,2023-09,1696032000000
2023-09-30,EU + EFTA + UK,Toyota,UNITS,M,75237,2023-09,1696032000000
2023-09-30,EU + EFTA + UK,Toyota,YTD,M,608245,2023-09,1696032000000
2023-09-30,EU + EFTA + UK,Toyota Group,TTM,M,651999,2023-09,1696032000000
2023-09-30,EU + EFTA + UK,Toyota Group,UNITS,M,81719,2023-09,1696032000000
2023-09-30,EU + EFTA + UK,Toyota Group,YTD,M,651999,2023-09,1696032000000
2023-09-30,EU + EFTA + UK,Volkswagen,TTM,M,1046460,2023-09,1696032000000
2023-09-30,EU + EFTA + UK,Volkswagen,UNITS,M,138574,2023-09,1696032000000
2023-09-30,EU + EFTA + UK,Volkswagen,YTD,M,1046460,2023-09,1696032000000
2023-09-30,EU + EFTA + UK,Volkswagen Group,TTM,M,2529293,2023-09,1696032000000
2023-09-30,EU + EFTA + UK,Volkswagen Group,UNITS,M,327291,2023-09,1696032000000
2023-09-30,EU + EFTA + UK,Volkswagen Group,YTD,M,2529293,2023-09,1696032000000
2023-09-30,EU + EFTA + UK,Volvo Cars,TTM,M,210286,2023-09,1696032000000
2023-09-30,EU + EFTA + UK,Volvo Cars,UNITS,M,26251,2023-09,1696032000000
2023-09-30,EU + EFTA + UK,Volvo Cars,YTD,M,210286,2023-09,1696032000000
2023-09-30,European Union (EU),Alfa Romeo,TTM,M,34606,2023-09,1696032000000
2023-09-30,European Union (EU),Alfa Romeo,UNITS,M,3674,2023-09,1696032000000
2023-09-30,European Union (EU),Alfa Romeo,YTD,M,34606,2023-09,1696032000000
2023-09-30,European Union (EU),Alpine,TTM,M,2336,2023-09,1696032000000
2023-09-30,European Union (EU),Alpine,UNITS,M,207,2023-09,1696032000000
2023-09-30,European Union (EU),Alpine,YTD,M,2336,2023-09,1696032000000
2023-09-30,European Union (EU),Audi,TTM,M,410973,2023-09,1696032000000
2023-09-30,European Union (EU),Audi,UNITS,M,43701,2023-09,1696032000000
2023-09-30,European Union (EU),Audi,YTD,M,410973,2023-09,1696032000000
2023-09-30,European Union (EU),BMW,TTM,M,405214,2023-09,1696032000000
2023-09-30,European Union (EU),BMW,UNITS,M,47131,2023-09,1696032000000
2023-09-30,European Union (EU),BMW,YTD,M,405214,2023-09,1696032000000
2023-09-30,European Union (EU),BMW Group,TTM,M,503400,2023-09,1696032000000
2023-09-30,European Union (EU),BMW Group,UNITS,M,57102,2023-09,1696032000000
2023-09-30,European Union (EU),BMW Group,YTD,M,503400,2023-09,1696032000000
2023-09-30,European Union (EU),Citroen,TTM,M,250387,2023-09,1696032000000
2023-09-30,European Union (EU),Citroen,UNITS,M,32786,2023-09,1696032000000
2023-09-30,European Union (EU),Citroen,YTD,M,250387,2023-09,1696032000000
2023-09-30,European Union (EU),Cupra,TTM,M,119701,2023-09,1696032000000
2023-09-30,European Union (EU),Cupra,UNITS,M,14439,2023-09,1696032000000
2023-09-30,European Union (EU),Cupra,YTD,M,119701,2023-09,1696032000000
2023-09-30,European Union (EU),DS,TTM,M,34906,2023-09,1696032000000
2023-09-30,European Union (EU),DS,UNITS,M,3757,2023-09,1696032000000
2023-09-30,European Union (EU),DS,YTD,M,34906,2023-09,1696032000000
2023-09-30,European Union (EU),Dacia,TTM,M,357319,2023-09,1696032000000
2023-09-30,European Union (EU),Dacia,UNITS,M,38724,2023-09,1696032000000
2023-09-30,European Union (EU),Dacia,YTD,M,357319,2023-09,1696032000000
2023-09-30,European Union (EU),Fiat,TTM,M,259736,2023-09,1696032000000
2023-09-30,European Union (EU),Fiat,UNITS,M,31427,2023-09,1696032000000
2023-09-30,European Union (EU),Fiat,YTD,M,259736,2023-09,1696032000000
2023-09-30,European Union (EU),Ford,TTM,M,266209,2023-09,1696032000000
2023-09-30,European Union (EU),Ford,UNITS,M,28806,2023-09,1696032000000
2023-09-30,European Union (EU),Ford,YTD,M,266209,2023-09,1696032000000
2023-09-30,European Union (EU),Honda,TTM,M,21218,2023-09,1696032000000
2023-09-30,European Union (EU),Honda,UNITS,M,3937,2023-09,1696032000000
2023-09-30,European Union (EU),Honda,YTD,M,21218,2023-09,1696032000000
2023-09-30,European Union (EU),Hyundai,TTM,M,305393,2023-09,1696032000000
2023-09-30,European Union (EU),Hyundai,UNITS,M,31726,2023-09,1696032000000
2023-09-30,European Union (EU),Hyundai,YTD,M,305393,2023-09,1696032000000
2023-09-30,European Union (EU),Hyundai Group,TTM,M,626462,2023-09,1696032000000
2023-09-30,European Union (EU),Hyundai Group,UNITS,M,70858,2023-09,1696032000000
2023-09-30,European Union (EU),Hyundai Group,YTD,M,626462,2023-09,1696032000000
2023-09-30,European Union (EU),Jaguar,TTM,M,8061,2023-09,1696032000000
2023-09-30,European Union (EU),Jaguar,UNITS,M,1042,2023-09,1696032000000
2023-09-30,European Union (EU),Jaguar,YTD,M,8061,2023-09,1696032000000
2023-09-30,European Union (EU),Jaguar Land Rover Group,TTM,M,49894,2023-09,1696032000000
2023-09-30,European Union (EU),Jaguar Land Rover Group,UNITS,M,6377,2023-09,1696032000000
2023-09-30,European Union (EU),Jaguar Land Rover Group,YTD,M,49894,2023-09,1696032000000
2023-09-30,European Union (EU),Jeep,TTM,M,86307,2023-09,1696032000000
2023-09-30,European Union (EU),Jeep,UNITS,M,11098,2023-09,1696032000000
2023-09-30,European Union (EU),Jeep,YTD,M,86307,2023-09,1696032000000
2023-09-30,European Union (EU),Kia,TTM,M,321069,2023-09,1696032000000
2023-09-30,European Union (EU),Kia,UNITS,M,39132,2023-09,1696032000000
2023-09-30,European Union (EU),Kia,YTD,M,321069,2023-09,1696032000000
2023-09-30,European Union (EU),Lancia/Chrysler,TTM,M,32385,2023-09,1696032000000
2023-09-30,European Union (EU),Lancia/Chrysler,UNITS,M,3801,2023-09,1696032000000
2023-09-30,European Union (EU),Lancia/Chrysler,YTD,M,32385,2023-09,1696032000000
2023-09-30,European Union (EU),Land Rover,TTM,M,41833,2023-09,1696032000000
2023-09-30,European Union (EU),Land Rover,UNITS,M,5335,2023-09,1696032000000
2023-09-30,European Union (EU),Land Rover,YTD,M,41833,2023-09,1696032000000
2023-09-30,European Union (EU),Lexus,TTM,M,27299,2023-09,1696032000000
2023-09-30,European Union (EU),Lexus,UNITS,M,3710,2023-09,1696032000000
2023-09-30,European Union (EU),Lexus,YTD,M,27299,2023-09,1696032000000
2023-09-30,European Union (EU),Mazda,TTM,M,106460,2023-09,1696032000000
2023-09-30,European Union (EU),Mazda,UNITS,M,13859,2023-09,1696032000000
2023-09-30,European Union (EU),Mazda,YTD,M,106460,2023-09,1696032000000
2023-09-30,European Union (EU),Mercedes,TTM,M,390738,2023-09,1696032000000
2023-09-30,European Union (EU),Mercedes,UNITS,M,51187,2023-09,1696032000000
2023-09-30,European Union (EU),Mercedes,YTD,M,390738,2023-09,1696032000000
2023-09-30,European Union (EU),Mercedes-Benz,TTM,M,407630,2023-09,1696032000000
2023-09-30,European Union (EU),Mercedes-Benz,UNITS,M,52834,2023-09,1696032000000
2023-09-30,European Union (EU),Mercedes-Benz,YTD,M,407630,2023-09,1696032000000
2023-09-30,European Union (EU),Mini,TTM,M,98186,2023-09,1696032000000
2023-09-30,European Union (EU),Mini,UNITS,M,9971,2023-09,1696032000000
2023-09-30,European Union (EU),Mini,YTD,M,98186,2023-09,1696032000000
2023-09-30,European Union (EU),Mitsubishi,TTM,M,26458,2023-09,1696032000000
2023-09-30,European Union (EU),Mitsubishi,UNITS,M,3688,2023-09,1696032000000
2023-09-30,European Union (EU),Mitsubishi,YTD,M,26458,2023-09,1696032000000
2023-09-30,European Union (EU),Nissan,TTM,M,146006,2023-09,1696032000000
2023-09-30,European Union (EU),Nissan,UNITS,M,16095,2023-09,1696032000000
2023-09-30,European Union (EU),Nissan,YTD,M,146006,2023-09,1696032000000
2023-09-30,European Union (EU),Opel/Vauxhall,TTM,M,261796,2023-09,1696032000000
2023-09-30,European Union (EU),Opel/Vauxhall,UNITS,M,31083,2023-09,1696032000000
2023-09-30,European Union (EU),Opel/Vauxhall,YTD,M,261796,2023-09,1696032000000
2023-09-30,European Union (EU),Peugeot,TTM,M,433431,2023-09,1696032000000
2023-09-30,European Union (EU),Peugeot,UNITS,M,47097,2023-09,1696032000000
2023-09-30,European Union (EU),Peugeot,YTD,M,433431,2023-09,1696032000000
2023-09-30,European Union (EU),Porsche,TTM,M,49067,2023-09,1696032000000
2023-09-30,European Union (EU),Porsche,UNITS,M,5022,2023-09,1696032000000
2023-09-30,European Union (EU),Porsche,YTD,M,49067,2023-09,1696032000000
2023-09-30,European Union (EU),Renault,TTM,M,446054,2023-09,1696032000000
2023-09-30,European Union (EU),Renault,UNITS,M,50546,2023-09,1696032000000
2023-09-30,European Union (EU),Renault,YTD,M,446054,2023-09,1696032000000
2023-09-30,European Union (EU),Renault Group,TTM,M,805709,2023-09,1696032000000
2023-09-30,European Union (EU),Renault Group,UNITS,M,89477,2023-09,1696032000000
2023-09-30,European Union (EU),Renault Group,YTD,M,805709,2023-09,1696032000000
2023-09-30,European Union (EU),SAIC Motor,TTM,M,96790,2023-09,1696032000000
2023-09-30,European Union (EU),SAIC Motor,UNITS,M,13870,2023-09,1696032000000
2023-09-30,European Union (EU),SAIC Motor,YTD,M,96790,2023-09,1696032000000
2023-09-30,European Union (EU),Seat,TTM,M,157257,2023-09,1696032000000
2023-09-30,European Union (EU),Seat,UNITS,M,14542,2023-09,1696032000000
2023-09-30,European Union (EU),Seat,YTD,M,157257,2023-09,1696032000000
2023-09-30,European Union (EU),Skoda,TTM,M,405315,2023-09,1696032000000
2023-09-30,European Union (EU),Skoda,UNITS,M,47513,2023-09,1696032000000
2023-09-30,European Union (EU),Skoda,YTD,M,405315,2023-09,1696032000000
2023-09-30,European Union (EU),Smart,TTM,M,16892,2023-09,1696032000000
2023-09-30,European Union (EU),Smart,UNITS,M,1647,2023-09,1696032000000
2023-09-30,European Union (EU),Smart,YTD,M,16892,2023-09,1696032000000
2023-09-30,European Union (EU),Stellantis,TTM,M,1399189,2023-09,1696032000000
2023-09-30,European Union (EU),Stellantis,UNITS,M,165320,2023-09,1696032000000
2023-09-30,European Union (EU),Stellantis,YTD,M,1399189,2023-09,1696032000000
2023-09-30,European Union (EU),Suzuki,TTM,M,109676,2023-09,1696032000000
2023-09-30,European Union (EU),Suzuki,UNITS,M,15648,2023-09,1696032000000
2023-09-30,European Union (EU),Suzuki,YTD,M,109676,2023-09,1696032000000
2023-09-30,European Union (EU),Tesla,TTM,M,211523,2023-09,1696032000000
2023-09-30,European Union (EU),Tesla,UNITS,M,24060,2023-09,1696032000000
2023-09-30,European Union (EU),Tesla,YTD,M,211523,2023-09,1696032000000
2023-09-30,European Union (EU),Toyota,TTM,M,470719,2023-09,1696032000000
2023-09-30,European Union (EU),Toyota,UNITS,M,56144,2023-09,1696032000000
2023-09-30,European Union (EU),Toyota,YTD,M,470719,2023-09,1696032000000
2023-09-30,European Union (EU),Toyota Group,TTM,M,498018,2023-09,1696032000000
2023-09-30,European Union (EU),Toyota Group,UNITS,M,59854,2023-09,1696032000000
2023-09-30,European Union (EU),Toyota Group,YTD,M,498018,2023-09,1696032000000
2023-09-30,European Union (EU),Volkswagen,TTM,M,815839,2023-09,1696032000000
2023-09-30,European Union (EU),Volkswagen,UNITS,M,90302,2023-09,1696032000000
2023-09-30,European Union (EU),Volkswagen,YTD,M,815839,2023-09,1696032000000
2023-09-30,European Union (EU),Volkswagen Group,TTM,M,1962883,2023-09,1696032000000
2023-09-30,European Union (EU),Volkswagen Group,UNITS,M,215900,2023-09,1696032000000
2023-09-30,European Union (EU),Volkswagen Group,YTD,M,1962883,2023-09,1696032000000
2023-09-30,European Union (EU),Volvo Cars,TTM,M,148991,2023-09,1696032000000
2023-09-30,European Union (EU),Volvo Cars,UNITS,M,16365,2023-09,1696032000000
2023-09-30,European Union (EU),Volvo Cars,YTD,M,148991,2023-09,1696032000000
2023-10-31,EU + EFTA + UK,Alfa Romeo,TTM,M,46901,2023-10,1698710400000
2023-10-31,EU + EFTA + UK,Alfa Romeo,UNITS,M,5496,2023-10,1698710400000
2023-10-31,EU + EFTA + UK,Alfa Romeo,YTD,M,46901,2023-10,1698710400000
2023-10-31,EU + EFTA + UK,Alpine,TTM,M,3859,2023-10,1698710400000
2023-10-31,EU + EFTA + UK,Alpine,UNITS,M,582,2023-10,1698710400000
2023-10-31,EU + EFTA + UK,Alpine,YTD,M,3859,2023-10,1698710400000
2023-10-31,EU + EFTA + UK,Audi,TTM,M,640087,2023-10,1698710400000
2023-10-31,EU + EFTA + UK,Audi,UNITS,M,72369,2023-10,1698710400000
2023-10-31,EU + EFTA + UK,Audi,YTD,M,640087,2023-10,1698710400000
2023-10-31,EU + EFTA + UK,BMW,TTM,M,596470,2023-10,1698710400000
2023-10-31,EU + EFTA + UK,BMW,UNITS,M,66396,2023-10,1698710400000
2023-10-31,EU + EFTA + UK,BMW,YTD,M,596470,2023-10,1698710400000
2023-10-31,EU + EFTA + UK,BMW Group,TTM,M,757692,2023-10,1698710400000
2023-10-31,EU + EFTA + UK,BMW Group,UNITS,M,83876,2023-10,1698710400000
2023-10-31,EU + EFTA + UK,BMW Group,YTD,M,757692,2023-10,1698710400000
2023-10-31,EU + EFTA + UK,Citroen,TTM,M,328877,2023-10,1698710400000
2023-10-31,EU + EFTA + UK,Citroen,UNITS,M,35169,2023-10,1698710400000
2023-10-31,EU + EFTA + UK,Citroen,YTD,M,328877,2023-10,1698710400000
2023-10-31,EU + EFTA + UK,Cupra,TTM,M,166201,2023-10,1698710400000
2023-10-31,EU + EFTA + UK,Cupra,UNITS,M,19608,2023-10,1698710400000
2023-10-31,EU + EFTA + UK,Cupra,YTD,M,166201,2023-10,1698710400000
2023-10-31,EU + EFTA + UK,DS,TTM,M,46912,2023-10,1698710400000
2023-10-31,EU + EFTA + UK,DS,UNITS,M,5292,2023-10,1698710400000
2023-10-31,EU + EFTA + UK,DS,YTD,M,46912,2023-10,1698710400000
2023-10-31,EU + EFTA + UK,Dacia,TTM,M,478988,2023-10,1698710400000
2023-10-31,EU + EFTA + UK,Dacia,UNITS,M,55594,2023-10,1698710400000
2023-10-31,EU + EFTA + UK,Dacia,YTD,M,478988,2023-10,1698710400000
2023-10-31,EU + EFTA + UK,Fiat,TTM,M,320224,2023-10,1698710400000
2023-10-31,EU + EFTA + UK,Fiat,UNITS,M,35138,2023-10,1698710400000
2023-10-31,EU + EFTA + UK,Fiat,YTD,M,320224,2023-10,1698710400000
2023-10-31,EU + EFTA + UK,Ford,TTM,M,461588,2023-10,1698710400000
2023-10-31,EU + EFTA + UK,Ford,UNITS,M,50867,2023-10,1698710400000
2023-10-31,EU + EFTA + UK,Ford,YTD,M,461588,2023-10,1698710400000
2023-10-31,EU + EFTA + UK,Honda,TTM,M,47085,2023-10,1698710400000
2023-10-31,EU + EFTA + UK,Honda,UNITS,M,4825,2023-10,1698710400000
2023-10-31,EU + EFTA + UK,Honda,YTD,M,47085,2023-10,1698710400000
2023-10-31,EU + EFTA + UK,Hyundai,TTM,M,455571,2023-10,1698710400000
2023-10-31,EU + EFTA + UK,Hyundai,UNITS,M,51930,2023-10,1698710400000
2023-10-31,EU + EFTA + UK,Hyundai,YTD,M,455571,2023-10,1698710400000
2023-10-31,EU + EFTA + UK,Hyundai Group,TTM,M,945669,2023-10,1698710400000
2023-10-31,EU + EFTA + UK,Hyundai Group,UNITS,M,106541,2023-10,1698710400000
2023-10-31,EU + EFTA + UK,Hyundai Group,YTD,M,945669,2023-10,1698710400000
2023-10-31,EU + EFTA + UK,Jaguar,TTM,M,22972,2023-10,1698710400000
2023-10-31,EU + EFTA + UK,Jaguar,UNITS,M,2618,2023-10,1698710400000
2023-10-31,EU + EFTA + UK,Jaguar,YTD,M,22972,2023-10,1698710400000
2023-10-31,EU + EFTA + UK,Jaguar Land Rover Group,TTM,M,129313,2023-10,1698710400000
2023-10-31,EU + EFTA + UK,Jaguar Land Rover Group,UNITS,M,13648,2023-10,1698710400000
2023-10-31,EU + EFTA + UK,Jaguar Land Rover Group,YTD,M,129313,2023-10,1698710400000
2023-10-31,EU + EFTA + UK,Jeep,TTM,M,105672,2023-10,1698710400000
2023-10-31,EU + EFTA + UK,Jeep,UNITS,M,11948,2023-10,1698710400000
2023-10-31,EU + EFTA + UK,Jeep,YTD,M,105672,2023-10,1698710400000
2023-10-31,EU + EFTA + UK,Kia,TTM,M,490098,2023-10,1698710400000
2023-10-31,EU + EFTA + UK,Kia,UNITS,M,54611,2023-10,1698710400000
2023-10-31,EU + EFTA + UK,Kia,YTD,M,490098,2023-10,1698710400000
2023-10-31,EU + EFTA + UK,Lancia/Chrysler,TTM,M,39937,2023-10,1698710400000
2023-10-31,EU + EFTA + UK,Lancia/Chrysler,UNITS,M,4519,2023-10,1698710400000
2023-10-31,EU + EFTA + UK,Lancia/Chrysler,YTD,M,39937,2023-10,1698710400000
2023-10-31,EU + EFTA + UK,Land Rover,TTM,M,106341,2023-10,1698710400000
2023-10-31,EU + EFTA + UK,Land Rover,UNITS,M,11030,2023-10,1698710400000
2023-10-31,EU + EFTA + UK,Land Rover,YTD,M,106341,2023-10,1698710400000
2023-10-31,EU + EFTA + UK,Lexus,TTM,M,50236,2023-10,1698710400000
2023-10-31,EU + EFTA + UK,Lexus,UNITS,M,6482,2023-10,1698710400000
2023-10-31,EU + EFTA + UK,Lexus,YTD,M,50236,2023-10,1698710400000
2023-10-31,EU + EFTA + UK,Mazda,TTM,M,160116,2023-10,1698710400000
2023-10-31,EU + EFTA + UK,Mazda,UNITS,M,17347,2023-10,1698710400000
2023-10-31,EU + EFTA + UK,Mazda,YTD,M,160116,2023-10,1698710400000
2023-10-31,EU + EFTA + UK,Mercedes,TTM,M,560350,2023-10,1698710400000
2023-10-31,EU + EFTA + UK,Mercedes,UNITS,M,60966,2023-10,1698710400000
2023-10-31,EU + EFTA + UK,Mercedes,YTD,M,560350,2023-10,1698710400000
2023-10-31,EU + EFTA + UK,Mercedes-Benz,TTM,M,580576,2023-10,1698710400000
2023-10-31,EU + EFTA + UK,Mercedes-Benz,UNITS,M,63239,2023-10,1698710400000
2023-10-31,EU + EFTA + UK,Mercedes-Benz,YTD,M,580576,2023-10,1698710400000
2023-10-31,EU + EFTA + UK,Mini,TTM,M,161222,2023-10,1698710400000
2023-10-31,EU + EFTA + UK,Mini,UNITS,M,17480,2023-10,1698710400000
2023-10-31,EU + EFTA + UK,Mini,YTD,M,161222,2023-10,1698710400000
2023-10-31,EU + EFTA + UK,Mitsubishi,TTM,M,35714,2023-10,1698710400000
2023-10-31,EU + EFTA + UK,Mitsubishi,UNITS,M,4389,2023-10,1698710400000
2023-10-31,EU + EFTA + UK,Mitsubishi,YTD,M,35714,2023-10,1698710400000
2023-10-31,EU + EFTA + UK,Nissan,TTM,M,261902,2023-10,1698710400000
2023-10-31,EU + EFTA + UK,Nissan,UNITS,M,26865,2023-10,1698710400000
2023-10-31,EU + EFTA + UK,Nissan,YTD,M,261902,2023-10,1698710400000
2023-10-31,EU + EFTA + UK,Opel/Vauxhall,TTM,M,417472,2023-10,1698710400000
2023-10-31,EU + EFTA + UK,Opel/Vauxhall,UNITS,M,47088,2023-10,1698710400000
2023-10-31,EU + EFTA + UK,Opel/Vauxhall,YTD,M,417472,2023-10,1698710400000
2023-10-31,EU + EFTA + UK,Peugeot,TTM,M,593303,2023-10,1698710400000
2023-10-31,EU + EFTA + UK,Peugeot,UNITS,M,64117,2023-10,1698710400000
2023-10-31,EU + EFTA + UK,Peugeot,YTD,M,593303,2023-10,1698710400000
2023-10-31,EU + EFTA + UK,Porsche,TTM,M,84919,2023-10,1698710400000
2023-10-31,EU + EFTA + UK,Porsche,UNITS,M,9382,2023-10,1698710400000
2023-10-31,EU + EFTA + UK,Porsche,YTD,M,84919,2023-10,1698710400000
2023-10-31,EU + EFTA + UK,Renault,TTM,M,624437,2023-10,1698710400000
2023-10-31,EU + EFTA + UK,Renault,UNITS,M,76834,2023-10,1698710400000
2023-10-31,EU + EFTA + UK,Renault,YTD,M,624437,2023-10,1698710400000
2023-10-31,EU + EFTA + UK,Renault Group,TTM,M,1107284,2023-10,1698710400000
2023-10-31,EU + EFTA + UK,Renault Group,UNITS,M,133010,2023-10,1698710400000
2023-10-31,EU + EFTA + UK,Renault Group,YTD,M,1107284,2023-10,1698710400000
2023-10-31,EU + EFTA + UK,SAIC Motor,TTM,M,203519,2023-10,1698710400000
2023-10-31,EU + EFTA + UK,SAIC Motor,UNITS,M,25584,2023-10,1698710400000
2023-10-31,EU + EFTA + UK,SAIC Motor,YTD,M,203519,2023-10,1698710400000
2023-10-31,EU + EFTA + UK,Seat,TTM,M,219058,2023-10,1698710400000
2023-10-31,EU + EFTA + UK,Seat,UNITS,M,24164,2023-10,1698710400000
2023-10-31,EU + EFTA + UK,Seat,YTD,M,219058,2023-10,1698710400000
2023-10-31,EU + EFTA + UK,Skoda,TTM,M,552856,2023-10,1698710400000
2023-10-31,EU + EFTA + UK,Skoda,UNITS,M,62259,2023-10,1698710400000
2023-10-31,EU + EFTA + UK,Skoda,YTD,M,552856,2023-10,1698710400000
2023-10-31,EU + EFTA + UK,Smart,TTM,M,20226,2023-10,1698710400000
2023-10-31,EU + EFTA + UK,Smart,UNITS,M,2273,2023-10,1698710400000
2023-10-31,EU + EFTA + UK,Smart,YTD,M,20226,2023-10,1698710400000
2023-10-31,EU + EFTA + UK,Stellantis,TTM,M,1907727,2023-10,1698710400000
2023-10-31,EU + EFTA + UK,Stellantis,UNITS,M,209719,2023-10,1698710400000
2023-10-31,EU + EFTA + UK,Stellantis,YTD,M,1907727,2023-10,1698710400000
2023-10-31,EU + EFTA + UK,Suzuki,TTM,M,151625,2023-10,1698710400000
2023-10-31,EU + EFTA + UK,Suzuki,UNITS,M,16683,2023-10,1698710400000
2023-10-31,EU + EFTA + UK,Suzuki,YTD,M,151625,2023-10,1698710400000
2023-10-31,EU + EFTA + UK,Tesla,TTM,M,419725,2023-10,1698710400000
2023-10-31,EU + EFTA + UK,Tesla,UNITS,M,48639,2023-10,1698710400000
2023-10-31,EU + EFTA + UK,Tesla,YTD,M,419725,2023-10,1698710400000
2023-10-31,EU + EFTA + UK,Toyota,TTM,M,683482,2023-10,1698710400000
2023-10-31,EU + EFTA + UK,Toyota,UNITS,M,75237,2023-10,1698710400000
2023-10-31,EU + EFTA + UK,Toyota,YTD,M,683482,2023-10,1698710400000
2023-10-31,EU + EFTA + UK,Toyota Group,TTM,M,733718,2023-10,1698710400000
2023-10-31,EU + EFTA + UK,Toyota Group,UNITS,M,81719,2023-10,1698710400000
2023-10-31,EU + EFTA + UK,Toyota Group,YTD,M,733718,2023-10,1698710400000
2023-10-31,EU + EFTA + UK,Volkswagen,TTM,M,1185034,2023-10,1698710400000
2023-10-31,EU + EFTA + UK,Volkswagen,UNITS,M,138574,2023-10,1698710400000
2023-10-31,EU + EFTA + UK,Volkswagen,YTD,M,1185034,2023-10,1698710400000
2023-10-31,EU + EFTA + UK,Volkswagen Group,TTM,M,2856584,2023-10,1698710400000
2023-10-31,EU + EFTA + UK,Volkswagen Group,UNITS,M,327291,2023-10,1698710400000
2023-10-31,EU + EFTA + UK,Volkswagen Group,YTD,M,2856584,2023-10,1698710400000
2023-10-31,EU + EFTA + UK,Volvo Cars,TTM,M,236537,2023-10,1698710400000
2023-10-31,EU + EFTA + UK,Volvo Cars,UNITS,M,26251,2023-10,1698710400000
2023-10-31,EU + EFTA + UK,Volvo Cars,YTD,M,236537,2023-10,1698710400000
2023-10-31,European Union (EU),Alfa Romeo,TTM,M,38626,2023-10,1698710400000
2023-10-31,European Union (EU),Alfa Romeo,UNITS,M,4020,2023-10,1698710400000
2023-10-31,European Union (EU),Alfa Romeo,YTD,M,38626,2023-10,1698710400000
2023-10-31,European Union (EU),Alpine,TTM,M,2611,2023-10,1698710400000
2023-10-31,European Union (EU),Alpine,UNITS,M,275,2023-10,1698710400000
2023-10-31,European Union (EU),Alpine,YTD,M,2611,2023-10,1698710400000
2023-10-31,European Union (EU),Audi,TTM,M,459195,2023-10,1698710400000
2023-10-31,European Union (EU),Audi,UNITS,M,48222,2023-10,1698710400000
2023-10-31,European Union (EU),Audi,YTD,M,459195,2023-10,1698710400000
2023-10-31,European Union (EU),BMW,TTM,M,453011,2023-10,1698710400000
2023-10-31,European Union (EU),BMW,UNITS,M,47797,2023-10,1698710400000
2023-10-31,European Union (EU),BMW,YTD,M,453011,2023-10,1698710400000
2023-10-31,European Union (EU),BMW Group,TTM,M,561501,2023-10,1698710400000
2023-10-31,European Union (EU),BMW Group,UNITS,M,58101,2023-10,1698710400000
2023-10-31,European Union (EU),BMW Group,YTD,M,561501,2023-10,1698710400000
2023-10-31,European Union (EU),Citroen,TTM,M,280803,2023-10,1698710400000
2023-10-31,European Union (EU),Citroen,UNITS,M,30416,2023-10,1698710400000
2023-10-31,European Union (EU),Citroen,YTD,M,280803,2023-10,1698710400000
2023-10-31,European Union (EU),Cupra,TTM,M,134070,2023-10,1698710400000
2023-10-31,European Union (EU),Cupra,UNITS,M,14369,2023-10,1698710400000
2023-10-31,European Union (EU),Cupra,YTD,M,134070,2023-10,1698710400000
2023-10-31,European Union (EU),DS,TTM,M,37902,2023-10,1698710400000
2023-10-31,European Union (EU),DS,UNITS,M,2996,2023-10,1698710400000
2023-10-31,European Union (EU),DS,YTD,M,37902,2023-10,1698710400000
2023-10-31,European Union (EU),Dacia,TTM,M,401023,2023-10,1698710400000
2023-10-31,European Union (EU),Dacia,UNITS,M,43704,2023-10,1698710400000
2023-10-31,European Union (EU),Dacia,YTD,M,401023,2023-10,1698710400000
2023-10-31,European Union (EU),Fiat,TTM,M,292397,2023-10,1698710400000
2023-10-31,European Union (EU),Fiat,UNITS,M,32661,2023-10,1698710400000
2023-10-31,European Union (EU),Fiat,YTD,M,292397,2023-10,1698710400000
2023-10-31,European Union (EU),Ford,TTM,M,294464,2023-10,1698710400000
2023-10-31,European Union (EU),Ford,UNITS,M,28255,2023-10,1698710400000
2023-10-31,European Union (EU),Ford,YTD,M,294464,2023-10,1698710400000
2023-10-31,European Union (EU),Honda,TTM,M,24992,2023-10,1698710400000
2023-10-31,European Union (EU),Honda,UNITS,M,3774,2023-10,1698710400000
2023-10-31,European Union (EU),Honda,YTD,M,24992,2023-10,1698710400000
2023-10-31,European Union (EU),Hyundai,TTM,M,341135,2023-10,1698710400000
2023-10-31,European Union (EU),Hyundai,UNITS,M,35742,2023-10,1698710400000
2023-10-31,European Union (EU),Hyundai,YTD,M,341135,2023-10,1698710400000
2023-10-31,European Union (EU),Hyundai Group,TTM,M,700973,2023-10,1698710400000
2023-10-31,European Union (EU),Hyundai Group,UNITS,M,74511,2023-10,1698710400000
2023-10-31,European Union (EU),Hyundai Group,YTD,M,700973,2023-10,1698710400000
2023-10-31,European Union (EU),Jaguar,TTM,M,8891,2023-10,1698710400000
2023-10-31,European Union (EU),Jaguar,UNITS,M,830,2023-10,1698710400000
2023-10-31,European Union (EU),Jaguar,YTD,M,8891,2023-10,1698710400000
2023-10-31,European Union (EU),Jaguar Land Rover Group,TTM,M,55409,2023-10,1698710400000
2023-10-31,European Union (EU),Jaguar Land Rover Group,UNITS,M,5515,2023-10,1698710400000
2023-10-31,European Union (EU),Jaguar Land Rover Group,YTD,M,55409,2023-10,1698710400000
2023-10-31,European Union (EU),Jeep,TTM,M,97916,2023-10,1698710400000
2023-10-31,European Union (EU),Jeep,UNITS,M,11609,2023-10,1698710400000
2023-10-31,European Union (EU),Jeep,YTD,M,97916,2023-10,1698710400000
2023-10-31,European Union (EU),Kia,TTM,M,359838,2023-10,1698710400000
2023-10-31,European Union (EU),Kia,UNITS,M,38769,2023-10,1698710400000
2023-10-31,European Union (EU),Kia,YTD,M,359838,2023-10,1698710400000
2023-10-31,European Union (EU),Lancia/Chrysler,TTM,M,36623,2023-10,1698710400000
2023-10-31,European Union (EU),Lancia/Chrysler,UNITS,M,4238,2023-10,1698710400000
2023-10-31,European Union (EU),Lancia/Chrysler,YTD,M,36623,2023-10,1698710400000
2023-10-31,European Union (EU),Land Rover,TTM,M,46518,2023-10,1698710400000
2023-10-31,European Union (EU),Land Rover,UNITS,M,4685,2023-10,1698710400000
2023-10-31,European Union (EU),Land Rover,YTD,M,46518,2023-10,1698710400000
2023-10-31,European Union (EU),Lexus,TTM,M,30891,2023-10,1698710400000
2023-10-31,European Union (EU),Lexus,UNITS,M,3592,2023-10,1698710400000
2023-10-31,European Union (EU),Lexus,YTD,M,30891,2023-10,1698710400000
2023-10-31,European Union (EU),Mazda,TTM,M,118388,2023-10,1698710400000
2023-10-31,European Union (EU),Mazda,UNITS,M,11928,2023-10,1698710400000
2023-10-31,European Union (EU),Mazda,YTD,M,118388,2023-10,1698710400000
2023-10-31,European Union (EU),Mercedes,TTM,M,436735,2023-10,1698710400000
2023-10-31,European Union (EU),Mercedes,UNITS,M,45997,2023-10,1698710400000
2023-10-31,European Union (EU),Mercedes,YTD,M,436735,2023-10,1698710400000
2023-10-31,European Union (EU),Mercedes-Benz,TTM,M,455922,2023-10,1698710400000
2023-10-31,European Union (EU),Mercedes-Benz,UNITS,M,48292,2023-10,1698710400000
2023-10-31,European Union (EU),Mercedes-Benz,YTD,M,455922,2023-10,1698710400000
2023-10-31,European Union (EU),Mini,TTM,M,108490,2023-10,1698710400000
2023-10-31,European Union (EU),Mini,UNITS,M,10304,2023-10,1698710400000
2023-10-31,European Union (EU),Mini,YTD,M,108490,2023-10,1698710400000
2023-10-31,European Union (EU),Mitsubishi,TTM,M,30058,2023-10,1698710400000
2023-10-31,European Union (EU),Mitsubishi,UNITS,M,3600,2023-10,1698710400000
2023-10-31,European Union (EU),Mitsubishi,YTD,M,30058,2023-10,1698710400000
2023-10-31,European Union (EU),Nissan,TTM,M,162754,2023-10,1698710400000
2023-10-31,European Union (EU),Nissan,UNITS,M,16748,2023-10,1698710400000
2023-10-31,European Union (EU),Nissan,YTD,M,162754,2023-10,1698710400000
2023-10-31,European Union (EU),Opel/Vauxhall,TTM,M,288575,2023-10,1698710400000
2023-10-31,European Union (EU),Opel/Vauxhall,UNITS,M,26779,2023-10,1698710400000
2023-10-31,European Union (EU),Opel/Vauxhall,YTD,M,288575,2023-10,1698710400000
2023-10-31,European Union (EU),Peugeot,TTM,M,477772,2023-10,1698710400000
2023-10-31,European Union (EU),Peugeot,UNITS,M,44341,2023-10,1698710400000
2023-10-31,European Union (EU),Peugeot,YTD,M,477772,2023-10,1698710400000
2023-10-31,European Union (EU),Porsche,TTM,M,56391,2023-10,1698710400000
2023-10-31,European Union (EU),Porsche,UNITS,M,7324,2023-10,1698710400000
2023-10-31,European Union (EU),Porsche,YTD,M,56391,2023-10,1698710400000
2023-10-31,European Union (EU),Renault,TTM,M,497675,2023-10,1698710400000
2023-10-31,European Union (EU),Renault,UNITS,M,51621,2023-10,1698710400000
2023-10-31,European Union (EU),Renault,YTD,M,497675,2023-10,1698710400000
2023-10-31,European Union (EU),Renault Group,TTM,M,901309,2023-10,1698710400000
2023-10-31,European Union (EU),Renault Group,UNITS,M,95600,2023-10,1698710400000
2023-10-31,European Union (EU),Renault Group,YTD,M,901309,2023-10,1698710400000
2023-10-31,European Union (EU),SAIC Motor,TTM,M,109733,2023-10,1698710400000
2023-10-31,European Union (EU),SAIC Motor,UNITS,M,12943,2023-10,1698710400000
2023-10-31,European Union (EU),SAIC Motor,YTD,M,109733,2023-10,1698710400000
2023-10-31,European Union (EU),Seat,TTM,M,170823,2023-10,1698710400000
2023-10-31,European Union (EU),Seat,UNITS,M,13566,2023-10,1698710400000
2023-10-31,European Union (EU),Seat,YTD,M,170823,2023-10,1698710400000
2023-10-31,European Union (EU),Skoda,TTM,M,452716,2023-10,1698710400000
2023-10-31,European Union (EU),Skoda,UNITS,M,47401,2023-10,1698710400000
2023-10-31,European Union (EU),Skoda,YTD,M,452716,2023-10,1698710400000
2023-10-31,European Union (EU),Smart,TTM,M,19187,2023-10,1698710400000
2023-10-31,European Union (EU),Smart,UNITS,M,2295,2023-10,1698710400000
2023-10-31,European Union (EU),Smart,YTD,M,19187,2023-10,1698710400000
2023-10-31,European Union (EU),Stellantis,TTM,M,1556814,2023-10,1698710400000
2023-10-31,European Union (EU),Stellantis,UNITS,M,157625,2023-10,1698710400000
2023-10-31,European Union (EU),Stellantis,YTD,M,1556814,2023-10,1698710400000
2023-10-31,European Union (EU),Suzuki,TTM,M,123697,2023-10,1698710400000
2023-10-31,European Union (EU),Suzuki,UNITS,M,14021,2023-10,1698710400000
2023-10-31,European Union (EU),Suzuki,YTD,M,123697,2023-10,1698710400000
2023-10-31,European Union (EU),Tesla,TTM,M,225555,2023-10,1698710400000
2023-10-31,European Union (EU),Tesla,UNITS,M,14032,2023-10,1698710400000
2023-10-31,European Union (EU),Tesla,YTD,M,225555,2023-10,1698710400000
2023-10-31,European Union (EU),Toyota,TTM,M,530188,2023-10,1698710400000
2023-10-31,European Union (EU),Toyota,UNITS,M,59469,2023-10,1698710400000
2023-10-31,European Union (EU),Toyota,YTD,M,530188,2023-10,1698710400000
2023-10-31,European Union (EU),Toyota Group,TTM,M,561079,2023-10,1698710400000
2023-10-31,European Union (EU),Toyota Group,UNITS,M,63061,2023-10,1698710400000
2023-10-31,European Union (EU),Toyota Group,YTD,M,561079,2023-10,1698710400000
2023-10-31,European Union (EU),Volkswagen,TTM,M,897522,2023-10,1698710400000
2023-10-31,European Union (EU),Volkswagen,UNITS,M,81683,2023-10,1698710400000
2023-10-31,European Union (EU),Volkswagen,YTD,M,897522,2023-10,1698710400000
2023-10-31,European Union (EU),Volkswagen Group,TTM,M,2175826,2023-10,1698710400000
2023-10-31,European Union (EU),Volkswagen Group,UNITS,M,212943,2023-10,1698710400000
2023-10-31,European Union (EU),Volkswagen Group,YTD,M,2175826,2023-10,1698710400000
2023-10-31,European Union (EU),Volvo Cars,TTM,M,167696,2023-10,1698710400000
2023-10-31,European Union (EU),Volvo Cars,UNITS,M,18705,2023-10,1698710400000
2023-10-31,European Union (EU),Volvo Cars,YTD,M,167696,2023-10,1698710400000
2023-11-30,EU + EFTA + UK,Alfa Romeo,TTM,M,52397,2023-11,1701302400000
2023-11-30,EU + EFTA + UK,Alfa Romeo,UNITS,M,5496,2023-11,1701302400000
2023-11-30,EU + EFTA + UK,Alfa Romeo,YTD,M,52397,2023-11,1701302400000
2023-11-30,EU + EFTA + UK,Alpine,TTM,M,4441,2023-11,1701302400000
2023-11-30,EU + EFTA + UK,Alpine,UNITS,M,582,2023-11,1701302400000
2023-11-30,EU + EFTA + UK,Alpine,YTD,M,4441,2023-11,1701302400000
2023-11-30,EU + EFTA + UK,Audi,TTM,M,712456,2023-11,1701302400000
2023-11-30,EU + EFTA + UK,Audi,UNITS,M,72369,2023-11,1701302400000
2023-11-30,EU + EFTA + UK,Audi,YTD,M,712456,2023-11,1701302400000
2023-11-30,EU + EFTA + UK,BMW,TTM,M,662866,2023-11,1701302400000
2023-11-30,EU + EFTA + UK,BMW,UNITS,M,66396,2023-11,1701302400000
2023-11-30,EU + EFTA + UK,BMW,YTD,M,662866,2023-11,1701302400000
2023-11-30,EU + EFTA + UK,BMW Group,TTM,M,841568,2023-11,1701302400000
2023-11-30,EU + EFTA + UK,BMW Group,UNITS,M,83876,2023-11,1701302400000
2023-11-30,EU + EFTA + UK,BMW Group,YTD,M,841568,2023-11,1701302400000
2023-11-30,EU + EFTA + UK,Citroen,TTM,M,364046,2023-11,1701302400000
2023-11-30,EU + EFTA + UK,Citroen,UNITS,M,35169,2023-11,1701302400000
2023-11-30,EU + EFTA + UK,Citroen,YTD,M,364046,2023-11,1701302400000
2023-11-30,EU + EFTA + UK,Cupra,TTM,M,185809,2023-11,1701302400000
2023-11-30,EU + EFTA + UK,Cupra,UNITS,M,19608,2023-11,1701302400000
2023-11-30,EU + EFTA + UK,Cupra,YTD,M,185809,2023-11,1701302400000
2023-11-30,EU + EFTA + UK,DS,TTM,M,52204,2023-11,1701302400000
2023-11-30,EU + EFTA + UK,DS,UNITS,M,5292,2023-11,1701302400000
2023-11-30,EU + EFTA + UK,DS,YTD,M,52204,2023-11,1701302400000
2023-11-30,EU + EFTA + UK,Dacia,TTM,M,534582,2023-11,1701302400000
2023-11-30,EU + EFTA + UK,Dacia,UNITS,M,55594,2023-11,1701302400000
2023-11-30,EU + EFTA + UK,Dacia,YTD,M,534582,2023-11,1701302400000
2023-11-30,EU + EFTA + UK,Fiat,TTM,M,355362,2023-11,1701302400000
2023-11-30,EU + EFTA + UK,Fiat,UNITS,M,35138,2023-11,1701302400000
2023-11-30,EU + EFTA + UK,Fiat,YTD,M,355362,2023-11,1701302400000
2023-11-30,EU + EFTA + UK,Ford,TTM,M,512455,2023-11,1701302400000
2023-11-30,EU + EFTA + UK,Ford,UNITS,M,50867,2023-11,1701302400000
2023-11-30,EU + EFTA + UK,Ford,YTD,M,512455,2023-11,1701302400000
2023-11-30,EU + EFTA + UK,Honda,TTM,M,51910,2023-11,1701302400000
2023-11-30,EU + EFTA + UK,Honda,UNITS,M,4825,2023-11,1701302400000
2023-11-30,EU + EFTA + UK,Honda,YTD,M,51910,2023-11,1701302400000
2023-11-30,EU + EFTA + UK,Hyundai,TTM,M,507501,2023-11,1701302400000
2023-11-30,EU + EFTA + UK,Hyundai,UNITS,M,51930,2023-11,1701302400000
2023-11-30,EU + EFTA + UK,Hyundai,YTD,M,507501,2023-11,1701302400000
2023-11-30,EU + EFTA + UK,Hyundai Group,TTM,M,1052210,2023-11,1701302400000
2023-11-30,EU + EFTA + UK,Hyundai Group,UNITS,M,106541,2023-11,1701302400000
2023-11-30,EU + EFTA + UK,Hyundai Group,YTD,M,1052210,2023-11,1701302400000
2023-11-30,EU + EFTA + UK,Jaguar,TTM,M,25590,2023-11,1701302400000
2023-11-30,EU + EFTA + UK,Jaguar,UNITS,M,2618,2023-11,1701302400000
2023-11-30,EU + EFTA + UK,Jaguar,YTD,M,25590,2023-11,1701302400000
2023-11-30,EU + EFTA + UK,Jaguar Land Rover Group,TTM,M,142961,2023-11,1701302400000
2023-11-30,EU + EFTA + UK,Jaguar Land Rover Group,UNITS,M,13648,2023-11,1701302400000
2023-11-30,EU + EFTA + UK,Jaguar Land Rover Group,YTD,M,142961,2023-11,1701302400000
2023-11-30,EU + EFTA + UK,Jeep,TTM,M,117620,2023-11,1701302400000
2023-11-30,EU + EFTA + UK,Jeep,UNITS,M,11948,2023-11,1701302400000
2023-11-30,EU + EFTA + UK,Jeep,YTD,M,117620,2023-11,1701302400000
2023-11-30,EU + EFTA + UK,Kia,TTM,M,544709,2023-11,1701302400000
2023-11-30,EU + EFTA + UK,Kia,UNITS,M,54611,2023-11,1701302400000
2023-11-30,EU + EFTA + UK,Kia,YTD,M,544709,2023-11,1701302400000
2023-11-30,EU + EFTA + UK,Lancia/Chrysler,TTM,M,44456,2023-11,1701302400000
2023-11-30,EU + EFTA + UK,Lancia/Chrysler,UNITS,M,4519,2023-11,1701302400000
2023-11-30,EU + EFTA + UK,Lancia/Chrysler,YTD,M,44456,2023-11,1701302400000
2023-11-30,EU + EFTA + UK,Land Rover,TTM,M,117371,2023-11,1701302400000
2023-11-30,EU + EFTA + UK,Land Rover,UNITS,M,11030,2023-11,1701302400000
2023-11-30,EU + EFTA + UK,Land Rover,YTD,M,117371,2023-11,1701302400000
2023-11-30,EU + EFTA + UK,Lexus,TTM,M,56718,2023-11,1701302400000
2023-11-30,EU + EFTA + UK,Lexus,UNITS,M,6482,2023-11,1701302400000
2023-11-30,EU + EFTA + UK,Lexus,YTD,M,56718,2023-11,1701302400000
2023-11-30,EU + EFTA + UK,Mazda,TTM,M,177463,2023-11,1701302400000
2023-11-30,EU + EFTA + UK,Mazda,UNITS,M,17347,2023-11,1701302400000
2023-11-30,EU + EFTA + UK,Mazda,YTD,M,177463,2023-11,1701302400000
2023-11-30,EU + EFTA + UK,Mercedes,TTM,M,621316,2023-11,1701302400000
2023-11-30,EU + EFTA + UK,Mercedes,UNITS,M,60966,2023-11,1701302400000
2023-11-30,EU + EFTA + UK,Mercedes,YTD,M,621316,2023-11,1701302400000
2023-11-30,EU + EFTA + UK,Mercedes-Benz,TTM,M,643815,2023-11,1701302400000
2023-11-30,EU + EFTA + UK,Mercedes-Benz,UNITS,M,63239,2023-11,1701302400000
2023-11-30,EU + EFTA + UK,Mercedes-Benz,YTD,M,643815,2023-11,1701302400000
2023-11-30,EU + EFTA + UK,Mini,TTM,M,178702,2023-11,1701302400000
2023-11-30,EU + EFTA + UK,Mini,UNITS,M,17480,2023-11,1701302400000
2023-11-30,EU + EFTA + UK,Mini,YTD,M,178702,2023-11,1701302400000
2023-11-30,EU + EFTA + UK,Mitsubishi,TTM,M,40103,2023-11,1701302400000
2023-11-30,EU + EFTA + UK,Mitsubishi,UNITS,M,4389,2023-11,1701302400000
2023-11-30,EU + EFTA + UK,Mitsubishi,YTD,M,40103,2023-11,1701302400000
2023-11-30,EU + EFTA + UK,Nissan,TTM,M,288767,2023-11,1701302400000
2023-11-30,EU + EFTA + UK,Nissan,UNITS,M,26865,2023-11,1701302400000
2023-11-30,EU + EFTA + UK,Nissan,YTD,M,288767,2023-11,1701302400000
2023-11-30,EU + EFTA + UK,Opel/Vauxhall,TTM,M,464560,2023-11,1701302400000
2023-11-30,EU + EFTA + UK,Opel/Vauxhall,UNITS,M,47088,2023-11,1701302400000
2023-11-30,EU + EFTA + UK,Opel/Vauxhall,YTD,M,464560,2023-11,1701302400000
2023-11-30,EU + EFTA + UK,Peugeot,TTM,M,657420,2023-11,1701302400000
2023-11-30,EU + EFTA + UK,Peugeot,UNITS,M,64117,2023-11,1701302400000
2023-11-30,EU + EFTA + UK,Peugeot,YTD,M,657420,2023-11,1701302400000
2023-11-30,EU + EFTA + UK,Porsche,TTM,M,94301,2023-11,1701302400000
2023-11-30,EU + EFTA + UK,Porsche,UNITS,M,9382,2023-11,1701302400000
2023-11-30,EU + EFTA + UK,Porsche,YTD,M,94301,2023-11,1701302400000
2023-11-30,EU + EFTA + UK,Renault,TTM,M,701271,2023-11,1701302400000
2023-11-30,EU + EFTA + UK,Renault,UNITS,M,76834,2023-11,1701302400000
2023-11-30,EU + EFTA + UK,Renault,YTD,M,701271,2023-11,1701302400000
2023-11-30,EU + EFTA + UK,Renault Group,TTM,M,1240294,2023-11,1701302400000
2023-11-30,EU + EFTA + UK,Renault Group,UNITS,M,133010,2023-11,1701302400000
2023-11-30,EU + EFTA + UK,Renault Group,YTD,M,1240294,2023-11,1701302400000
2023-11-30,EU + EFTA + UK,SAIC Motor,TTM,M,229103,2023-11,1701302400000
2023-11-30,EU + EFTA + UK,SAIC Motor,UNITS,M,25584,2023-11,1701302400000
2023-11-30,EU + EFTA + UK,SAIC Motor,YTD,M,229103,2023-11,1701302400000
2023-11-30,EU + EFTA + UK,Seat,TTM,M,243222,2023-11,1701302400000
2023-11-30,EU + EFTA + UK,Seat,UNITS,M,24164,2023-11,1701302400000
2023-11-30,EU + EFTA + UK,Seat,YTD,M,243222,2023-11,1701302400000
2023-11-30,EU + EFTA + UK,Skoda,TTM,M,615115,2023-11,1701302400000
2023-11-30,EU + EFTA + UK,Skoda,UNITS,M,62259,2023-11,1701302400000
2023-11-30,EU + EFTA + UK,Skoda,YTD,M,615115,2023-11,1701302400000
2023-11-30,EU + EFTA + UK,Smart,TTM,M,22499,2023-11,1701302400000
2023-11-30,EU + EFTA + UK,Smart,UNITS,M,2273,2023-11,1701302400000
2023-11-30,EU + EFTA + UK,Smart,YTD,M,22499,2023-11,1701302400000
2023-11-30,EU + EFTA + UK,Stellantis,TTM,M,2117446,2023-11,1701302400000
2023-11-30,EU + EFTA + UK,Stellantis,UNITS,M,209719,2023-11,1701302400000
2023-11-30,EU + EFTA + UK,Stellantis,YTD,M,2117446,2023-11,1701302400000
2023-11-30,EU + EFTA + UK,Suzuki,TTM,M,168308,2023-11,1701302400000
2023-11-30,EU + EFTA + UK,Suzuki,UNITS,M,16683,2023-11,1701302400000
2023-11-30,EU + EFTA + UK,Suzuki,YTD,M,168308,2023-11,1701302400000
2023-11-30,EU + EFTA + UK,Tesla,TTM,M,468364,2023-11,1701302400000
2023-11-30,EU + EFTA + UK,Tesla,UNITS,M,48639,2023-11,1701302400000
2023-11-30,EU + EFTA + UK,Tesla,YTD,M,468364,2023-11,1701302400000
2023-11-30,EU + EFTA + UK,Toyota,TTM,M,758719,2023-11,1701302400000
2023-11-30,EU + EFTA + UK,Toyota,UNITS,M,75237,2023-11,1701302400000
2023-11-30,EU + EFTA + UK,Toyota,YTD,M,758719,2023-11,1701302400000
2023-11-30,EU + EFTA + UK,Toyota Group,TTM,M,815437,2023-11,1701302400000
2023-11-30,EU + EFTA + UK,Toyota Group,UNITS,M,81719,2023-11,1701302400000
2023-11-30,EU + EFTA + UK,Toyota Group,YTD,M,815437,2023-11,1701302400000
2023-11-30,EU + EFTA + UK,Volkswagen,TTM,M,1323608,2023-11,1701302400000
2023-11-30,EU + EFTA + UK,Volkswagen,UNITS,M,138574,2023-11,1701302400000
2023-11-30,EU + EFTA + UK,Volkswagen,YTD,M,1323608,2023-11,1701302400000
2023-11-30,EU + EFTA + UK,Volkswagen Group,TTM,M,3183875,2023-11,1701302400000
2023-11-30,EU + EFTA + UK,Volkswagen Group,UNITS,M,327291,2023-11,1701302400000
2023-11-30,EU + EFTA + UK,Volkswagen Group,YTD,M,3183875,2023-11,1701302400000
2023-11-30,EU + EFTA + UK,Volvo Cars,TTM,M,262788,2023-11,1701302400000
2023-11-30,EU + EFTA + UK,Volvo Cars,UNITS,M,26251,2023-11,1701302400000
2023-11-30,EU + EFTA + UK,Volvo Cars,YTD,M,262788,2023-11,1701302400000
2023-11-30,European Union (EU),Alfa Romeo,TTM,M,42779,2023-11,1701302400000
2023-11-30,European Union (EU),Alfa Romeo,UNITS,M,4153,2023-11,1701302400000
2023-11-30,European Union (EU),Alfa Romeo,YTD,M,42779,2023-11,1701302400000
2023-11-30,European Union (EU),Alpine,TTM,M,2943,2023-11,1701302400000
2023-11-30,European Union (EU),Alpine,UNITS,M,332,2023-11,1701302400000
2023-11-30,European Union (EU),Alpine,YTD,M,2943,2023-11,1701302400000
2023-11-30,European Union (EU),Audi,TTM,M,507553,2023-11,1701302400000
2023-11-30,European Union (EU),Audi,UNITS,M,48358,2023-11,1701302400000
2023-11-30,European Union (EU),Audi,YTD,M,507553,2023-11,1701302400000
2023-11-30,European Union (EU),BMW,TTM,M,508397,2023-11,1701302400000
2023-11-30,European Union (EU),BMW,UNITS,M,55386,2023-11,1701302400000
2023-11-30,European Union (EU),BMW,YTD,M,508397,2023-11,1701302400000
2023-11-30,European Union (EU),BMW Group,TTM,M,628859,2023-11,1701302400000
2023-11-30,European Union (EU),BMW Group,UNITS,M,67358,2023-11,1701302400000
2023-11-30,European Union (EU),BMW Group,YTD,M,628859,2023-11,1701302400000
2023-11-30,European Union (EU),Citroen,TTM,M,305647,2023-11,1701302400000
2023-11-30,European Union (EU),Citroen,UNITS,M,24844,2023-11,1701302400000
2023-11-30,European Union (EU),Citroen,YTD,M,305647,2023-11,1701302400000
2023-11-30,European Union (EU),Cupra,TTM,M,147666,2023-11,1701302400000
2023-11-30,European Union (EU),Cupra,UNITS,M,13596,2023-11,1701302400000
2023-11-30,European Union (EU),Cupra,YTD,M,147666,2023-11,1701302400000
2023-11-30,European Union (EU),DS,TTM,M,40603,2023-11,1701302400000
2023-11-30,European Union (EU),DS,UNITS,M,2701,2023-11,1701302400000
2023-11-30,European Union (EU),DS,YTD,M,40603,2023-11,1701302400000
2023-11-30,European Union (EU),Dacia,TTM,M,445226,2023-11,1701302400000
2023-11-30,European Union (EU),Dacia,UNITS,M,44203,2023-11,1701302400000
2023-11-30,European Union (EU),Dacia,YTD,M,445226,2023-11,1701302400000
2023-11-30,European Union (EU),Fiat,TTM,M,319760,2023-11,1701302400000
2023-11-30,European Union (EU),Fiat,UNITS,M,27363,2023-11,1701302400000
2023-11-30,European Union (EU),Fiat,YTD,M,319760,2023-11,1701302400000
2023-11-30,European Union (EU),Ford,TTM,M,321105,2023-11,1701302400000
2023-11-30,European Union (EU),Ford,UNITS,M,26641,2023-11,1701302400000
2023-11-30,European Union (EU),Ford,YTD,M,321105,2023-11,1701302400000
2023-11-30,European Union (EU),Honda,TTM,M,28451,2023-11,1701302400000
2023-11-30,European Union (EU),Honda,UNITS,M,3459,2023-11,1701302400000
2023-11-30,European Union (EU),Honda,YTD,M,28451,2023-11,1701302400000
2023-11-30,European Union (EU),Hyundai,TTM,M,378492,2023-11,1701302400000
2023-11-30,European Union (EU),Hyundai,UNITS,M,37357,2023-11,1701302400000
2023-11-30,European Union (EU),Hyundai,YTD,M,378492,2023-11,1701302400000
2023-11-30,European Union (EU),Hyundai Group,TTM,M,773984,2023-11,1701302400000
2023-11-30,European Union (EU),Hyundai Group,UNITS,M,73011,2023-11,1701302400000
2023-11-30,European Union (EU),Hyundai Group,YTD,M,773984,2023-11,1701302400000
2023-11-30,European Union (EU),Jaguar,TTM,M,9623,2023-11,1701302400000
2023-11-30,European Union (EU),Jaguar,UNITS,M,732,2023-11,1701302400000
2023-11-30,European Union (EU),Jaguar,YTD,M,9623,2023-11,1701302400000
2023-11-30,European Union (EU),Jaguar Land Rover Group,TTM,M,61294,2023-11,1701302400000
2023-11-30,European Union (EU),Jaguar Land Rover Group,UNITS,M,5885,2023-11,1701302400000
2023-11-30,European Union (EU),Jaguar Land Rover Group,YTD,M,61294,2023-11,1701302400000
2023-11-30,European Union (EU),Jeep,TTM,M,108147,2023-11,1701302400000
2023-11-30,European Union (EU),Jeep,UNITS,M,10231,2023-11,1701302400000
2023-11-30,European Union (EU),Jeep,YTD,M,108147,2023-11,1701302400000
2023-11-30,European Union (EU),Kia,TTM,M,395492,2023-11,1701302400000
2023-11-30,European Union (EU),Kia,UNITS,M,35654,2023-11,1701302400000
2023-11-30,European Union (EU),Kia,YTD,M,395492,2023-11,1701302400000
2023-11-30,European Union (EU),Lancia/Chrysler,TTM,M,40635,2023-11,1701302400000
2023-11-30,European Union (EU),Lancia/Chrysler,UNITS,M,4012,2023-11,1701302400000
2023-11-30,European Union (EU),Lancia/Chrysler,YTD,M,40635,2023-11,1701302400000
2023-11-30,European Union (EU),Land Rover,TTM,M,51671,2023-11,1701302400000
2023-11-30,European Union (EU),Land Rover,UNITS,M,5153,2023-11,1701302400000
2023-11-30,European Union (EU),Land Rover,YTD,M,51671,2023-11,1701302400000
2023-11-30,European Union (EU),Lexus,TTM,M,34589,2023-11,1701302400000
2023-11-30,European Union (EU),Lexus,UNITS,M,3698,2023-11,1701302400000
2023-11-30,European Union (EU),Lexus,YTD,M,34589,2023-11,1701302400000
2023-11-30,European Union (EU),Mazda,TTM,M,130557,2023-11,1701302400000
2023-11-30,European Union (EU),Mazda,UNITS,M,12169,2023-11,1701302400000
2023-11-30,European Union (EU),Mazda,YTD,M,130557,2023-11,1701302400000
2023-11-30,European Union (EU),Mercedes,TTM,M,486734,2023-11,1701302400000
2023-11-30,European Union (EU),Mercedes,UNITS,M,49999,2023-11,1701302400000
2023-11-30,European Union (EU),Mercedes,YTD,M,486734,2023-11,1701302400000
2023-11-30,European Union (EU),Mercedes-Benz,TTM,M,508393,2023-11,1701302400000
2023-11-30,European Union (EU),Mercedes-Benz,UNITS,M,52471,2023-11,1701302400000
2023-11-30,European Union (EU),Mercedes-Benz,YTD,M,508393,2023-11,1701302400000
2023-11-30,European Union (EU),Mini,TTM,M,120462,2023-11,1701302400000
2023-11-30,European Union (EU),Mini,UNITS,M,11972,2023-11,1701302400000
2023-11-30,European Union (EU),Mini,YTD,M,120462,2023-11,1701302400000
2023-11-30,European Union (EU),Mitsubishi,TTM,M,34625,2023-11,1701302400000
2023-11-30,European Union (EU),Mitsubishi,UNITS,M,4567,2023-11,1701302400000
2023-11-30,European Union (EU),Mitsubishi,YTD,M,34625,2023-11,1701302400000
2023-11-30,European Union (EU),Nissan,TTM,M,180123,2023-11,1701302400000
2023-11-30,European Union (EU),Nissan,UNITS,M,17369,2023-11,1701302400000
2023-11-30,European Union (EU),Nissan,YTD,M,180123,2023-11,1701302400000
2023-11-30,European Union (EU),Opel/Vauxhall,TTM,M,314108,2023-11,1701302400000
2023-11-30,European Union (EU),Opel/Vauxhall,UNITS,M,25533,2023-11,1701302400000
2023-11-30,European Union (EU),Opel/Vauxhall,YTD,M,314108,2023-11,1701302400000
2023-11-30,European Union (EU),Peugeot,TTM,M,516561,2023-11,1701302400000
2023-11-30,European Union (EU),Peugeot,UNITS,M,38789,2023-11,1701302400000
2023-11-30,European Union (EU),Peugeot,YTD,M,516561,2023-11,1701302400000
2023-11-30,European Union (EU),Porsche,TTM,M,61204,2023-11,1701302400000
2023-11-30,European Union (EU),Porsche,UNITS,M,4813,2023-11,1701302400000
2023-11-30,European Union (EU),Porsche,YTD,M,61204,2023-11,1701302400000
2023-11-30,European Union (EU),Renault,TTM,M,546679,2023-11,1701302400000
2023-11-30,European Union (EU),Renault,UNITS,M,49004,2023-11,1701302400000
2023-11-30,European Union (EU),Renault,YTD,M,546679,2023-11,1701302400000
2023-11-30,European Union (EU),Renault Group,TTM,M,994848,2023-11,1701302400000
2023-11-30,European Union (EU),Renault Group,UNITS,M,93539,2023-11,1701302400000
2023-11-30,European Union (EU),Renault Group,YTD,M,994848,2023-11,1701302400000
2023-11-30,European Union (EU),SAIC Motor,TTM,M,122764,2023-11,1701302400000
2023-11-30,European Union (EU),SAIC Motor,UNITS,M,13031,2023-11,1701302400000
2023-11-30,European Union (EU),SAIC Motor,YTD,M,122764,2023-11,1701302400000
2023-11-30,European Union (EU),Seat,TTM,M,187460,2023-11,1701302400000
2023-11-30,European Union (EU),Seat,UNITS,M,16637,2023-11,1701302400000
2023-11-30,European Union (EU),Seat,YTD,M,187460,2023-11,1701302400000
2023-11-30,European Union (EU),Skoda,TTM,M,506078,2023-11,1701302400000
2023-11-30,European Union (EU),Skoda,UNITS,M,53362,2023-11,1701302400000
2023-11-30,European Union (EU),Skoda,YTD,M,506078,2023-11,1701302400000
2023-11-30,European Union (EU),Smart,TTM,M,21659,2023-11,1701302400000
2023-11-30,European Union (EU),Smart,UNITS,M,2472,2023-11,1701302400000
2023-11-30,European Union (EU),Smart,YTD,M,21659,2023-11,1701302400000
2023-11-30,European Union (EU),Stellantis,TTM,M,1694942,2023-11,1701302400000
2023-11-30,European Union (EU),Stellantis,UNITS,M,138128,2023-11,1701302400000
2023-11-30,European Union (EU),Stellantis,YTD,M,1694942,2023-11,1701302400000
2023-11-30,European Union (EU),Suzuki,TTM,M,136834,2023-11,1701302400000
2023-11-30,European Union (EU),Suzuki,UNITS,M,13137,2023-11,1701302400000
2023-11-30,European Union (EU),Suzuki,YTD,M,136834,2023-11,1701302400000
2023-11-30,European Union (EU),Tesla,TTM,M,257365,2023-11,1701302400000
2023-11-30,European Union (EU),Tesla,UNITS,M,31810,2023-11,1701302400000
2023-11-30,European Union (EU),Tesla,YTD,M,257365,2023-11,1701302400000
2023-11-30,European Union (EU),Toyota,TTM,M,588996,2023-11,1701302400000
2023-11-30,European Union (EU),Toyota,UNITS,M,58808,2023-11,1701302400000
2023-11-30,European Union (EU),Toyota,YTD,M,588996,2023-11,1701302400000
2023-11-30,European Union (EU),Toyota Group,TTM,M,623585,2023-11,1701302400000
2023-11-30,European Union (EU),Toyota Group,UNITS,M,62506,2023-11,1701302400000
2023-11-30,European Union (EU),Toyota Group,YTD,M,623585,2023-11,1701302400000
2023-11-30,European Union (EU),Volkswagen,TTM,M,992899,2023-11,1701302400000
2023-11-30,European Union (EU),Volkswagen,UNITS,M,95377,2023-11,1701302400000
2023-11-30,European Union (EU),Volkswagen,YTD,M,992899,2023-11,1701302400000
2023-11-30,European Union (EU),Volkswagen Group,TTM,M,2408395,2023-11,1701302400000
2023-11-30,European Union (EU),Volkswagen Group,UNITS,M,232569,2023-11,1701302400000
2023-11-30,European Union (EU),Volkswagen Group,YTD,M,2408395,2023-11,1701302400000
2023-11-30,European Union (EU),Volvo Cars,TTM,M,188535,2023-11,1701302400000
2023-11-30,European Union (EU),Volvo Cars,UNITS,M,20839,2023-11,1701302400000
2023-11-30,European Union (EU),Volvo Cars,YTD,M,188535,2023-11,1701302400000
2023-12-31,EU + EFTA + UK,Alfa Romeo,TTM,M,55855,2023-12,1703980800000
2023-12-31,EU + EFTA + UK,Alfa Romeo,UNITS,M,3458,2023-12,1703980800000
2023-12-31,EU + EFTA + UK,Alfa Romeo,YTD,M,55855,2023-12,1703980800000
2023-12-31,EU + EFTA + UK,Alpine,TTM,M,5149,2023-12,1703980800000
2023-12-31,EU + EFTA + UK,Alpine,UNITS,M,708,2023-12,1703980800000
2023-12-31,EU + EFTA + UK,Alpine,YTD,M,5149,2023-12,1703980800000
2023-12-31,EU + EFTA + UK,Audi,TTM,M,768816,2023-12,1703980800000
2023-12-31,EU + EFTA + UK,Audi,UNITS,M,56360,2023-12,1703980800000
2023-12-31,EU + EFTA + UK,Audi,YTD,M,768816,2023-12,1703980800000
2023-12-31,EU + EFTA + UK,BMW,TTM,M,735602,2023-12,1703980800000
2023-12-31,EU + EFTA + UK,BMW,UNITS,M,72736,2023-12,1703980800000
2023-12-31,EU + EFTA + UK,BMW,YTD,M,735602,2023-12,1703980800000
2023-12-31,EU + EFTA + UK,BMW Group,TTM,M,932513,2023-12,1703980800000
2023-12-31,EU + EFTA + UK,BMW Group,UNITS,M,90945,2023-12,1703980800000
2023-12-31,EU + EFTA + UK,BMW Group,YTD,M,932513,2023-12,1703980800000
2023-12-31,EU + EFTA + UK,Citroen,TTM,M,385776,2023-12,1703980800000
2023-12-31,EU + EFTA + UK,Citroen,UNITS,M,21730,2023-12,1703980800000
2023-12-31,EU + EFTA + UK,Citroen,YTD,M,385776,2023-12,1703980800000
2023-12-31,EU + EFTA + UK,Cupra,TTM,M,204912,2023-12,1703980800000
2023-12-31,EU + EFTA + UK,Cupra,UNITS,M,19103,2023-12,1703980800000
2023-12-31,EU + EFTA + UK,Cupra,YTD,M,204912,2023-12,1703980800000
2023-12-31,EU + EFTA + UK,DS,TTM,M,54988,2023-12,1703980800000
2023-12-31,EU + EFTA + UK,DS,UNITS,M,2784,2023-12,1703980800000
2023-12-31,EU + EFTA + UK,DS,YTD,M,54988,2023-12,1703980800000
2023-12-31,EU + EFTA + UK,Dacia,TTM,M,579742,2023-12,1703980800000
2023-12-31,EU + EFTA + UK,Dacia,UNITS,M,45160,2023-12,1703980800000
2023-12-31,EU + EFTA + UK,Dacia,YTD,M,579742,2023-12,1703980800000
2023-12-31,EU + EFTA + UK,Fiat,TTM,M,380960,2023-12,1703980800000
2023-12-31,EU + EFTA + UK,Fiat,UNITS,M,25598,2023-12,1703980800000
2023-12-31,EU + EFTA + UK,Fiat,YTD,M,380960,2023-12,1703980800000
2023-12-31,EU + EFTA + UK,Ford,TTM,M,547586,2023-12,1703980800000
2023-12-31,EU + EFTA + UK,Ford,UNITS,M,35131,2023-12,1703980800000
2023-12-31,EU + EFTA + UK,Ford,YTD,M,547586,2023-12,1703980800000
2023-12-31,EU + EFTA + UK,Honda,TTM,M,56385,2023-12,1703980800000
2023-12-31,EU + EFTA + UK,Honda,UNITS,M,4475,2023-12,1703980800000
2023-12-31,EU + EFTA + UK,Honda,YTD,M,56385,2023-12,1703980800000
2023-12-31,EU + EFTA + UK,Hyundai,TTM,M,550265,2023-12,1703980800000
2023-12-31,EU + EFTA + UK,Hyundai,UNITS,M,42764,2023-12,1703980800000
2023-12-31,EU + EFTA + UK,Hyundai,YTD,M,550265,2023-12,1703980800000
2023-12-31,EU + EFTA + UK,Hyundai Group,TTM,M,1129226,2023-12,1703980800000
2023-12-31,EU + EFTA + UK,Hyundai Group,UNITS,M,77016,2023-12,1703980800000
2023-12-31,EU + EFTA + UK,Hyundai Group,YTD,M,1129226,2023-12,1703980800000
2023-12-31,EU + EFTA + UK,Jaguar,TTM,M,27335,2023-12,1703980800000
2023-12-31,EU + EFTA + UK,Jaguar,UNITS,M,1745,2023-12,1703980800000
2023-12-31,EU + EFTA + UK,Jaguar,YTD,M,27335,2023-12,1703980800000
2023-12-31,EU + EFTA + UK,Jaguar Land Rover Group,TTM,M,154559,2023-12,1703980800000
2023-12-31,EU + EFTA + UK,Jaguar Land Rover Group,UNITS,M,11598,2023-12,1703980800000
2023-12-31,EU + EFTA + UK,Jaguar Land Rover Group,YTD,M,154559,2023-12,1703980800000
2023-12-31,EU + EFTA + UK,Jeep,TTM,M,126854,2023-12,1703980800000
2023-12-31,EU + EFTA + UK,Jeep,UNITS,M,9234,2023-12,1703980800000
2023-12-31,EU + EFTA + UK,Jeep,YTD,M,126854,2023-12,1703980800000
2023-12-31,EU + EFTA + UK,Kia,TTM,M,578961,2023-12,1703980800000
2023-12-31,EU + EFTA + UK,Kia,UNITS,M,34252,2023-12,1703980800000
2023-12-31,EU + EFTA + UK,Kia,YTD,M,578961,2023-12,1703980800000
2023-12-31,EU + EFTA + UK,Lancia/Chrysler,TTM,M,47477,2023-12,1703980800000
2023-12-31,EU + EFTA + UK,Lancia/Chrysler,UNITS,M,3021,2023-12,1703980800000
2023-12-31,EU + EFTA + UK,Lancia/Chrysler,YTD,M,47477,2023-12,1703980800000
2023-12-31,EU + EFTA + UK,Land Rover,TTM,M,127224,2023-12,1703980800000
2023-12-31,EU + EFTA + UK,Land Rover,UNITS,M,9853,2023-12,1703980800000
2023-12-31,EU + EFTA + UK,Land Rover,YTD,M,127224,2023-12,1703980800000
2023-12-31,EU + EFTA + UK,Lexus,TTM,M,62540,2023-12,1703980800000
2023-12-31,EU + EFTA + UK,Lexus,UNITS,M,5822,2023-12,1703980800000
2023-12-31,EU + EFTA + UK,Lexus,YTD,M,62540,2023-12,1703980800000
2023-12-31,EU + EFTA + UK,Mazda,TTM,M,192215,2023-12,1703980800000
2023-12-31,EU + EFTA + UK,Mazda,UNITS,M,14752,2023-12,1703980800000
2023-12-31,EU + EFTA + UK,Mazda,YTD,M,192215,2023-12,1703980800000
2023-12-31,EU + EFTA + UK,Mercedes,TTM,M,688460,2023-12,1703980800000
2023-12-31,EU + EFTA + UK,Mercedes,UNITS,M,67144,2023-12,1703980800000
2023-12-31,EU + EFTA + UK,Mercedes,YTD,M,688460,2023-12,1703980800000
2023-12-31,EU + EFTA + UK,Mercedes-Benz,TTM,M,714038,2023-12,1703980800000
2023-12-31,EU + EFTA + UK,Mercedes-Benz,UNITS,M,70223,2023-12,1703980800000
2023-12-31,EU + EFTA + UK,Mercedes-Benz,YTD,M,714038,2023-12,1703980800000
2023-12-31,EU + EFTA + UK,Mini,TTM,M,196911,2023-12,1703980800000
2023-12-31,EU + EFTA + UK,Mini,UNITS,M,18209,2023-12,1703980800000
2023-12-31,EU + EFTA + UK,Mini,YTD,M,196911,2023-12,1703980800000
2023-12-31,EU + EFTA + UK,Mitsubishi,TTM,M,44330,2023-12,1703980800000
2023-12-31,EU + EFTA + UK,Mitsubishi,UNITS,M,4227,2023-12,1703980800000
2023-12-31,EU + EFTA + UK,Mitsubishi,YTD,M,44330,2023-12,1703980800000
2023-12-31,EU + EFTA + UK,Nissan,TTM,M,313876,2023-12,1703980800000
2023-12-31,EU + EFTA + UK,Nissan,UNITS,M,25109,2023-12,1703980800000
2023-12-31,EU + EFTA + UK,Nissan,YTD,M,313876,2023-12,1703980800000
2023-12-31,EU + EFTA + UK,Opel/Vauxhall,TTM,M,495128,2023-12,1703980800000
2023-12-31,EU + EFTA + UK,Opel/Vauxhall,UNITS,M,30568,2023-12,1703980800000
2023-12-31,EU + EFTA + UK,Opel/Vauxhall,YTD,M,495128,2023-12,1703980800000
2023-12-31,EU + EFTA + UK,Peugeot,TTM,M,695587,2023-12,1703980800000
2023-12-31,EU + EFTA + UK,Peugeot,UNITS,M,38167,2023-12,1703980800000
2023-12-31,EU + EFTA + UK,Peugeot,YTD,M,695587,2023-12,1703980800000
2023-12-31,EU + EFTA + UK,Porsche,TTM,M,101133,2023-12,1703980800000
2023-12-31,EU + EFTA + UK,Porsche,UNITS,M,6832,2023-12,1703980800000
2023-12-31,EU + EFTA + UK,Porsche,YTD,M,101133,2023-12,1703980800000
2023-12-31,EU + EFTA + UK,Renault,TTM,M,766983,2023-12,1703980800000
2023-12-31,EU + EFTA + UK,Renault,UNITS,M,65712,2023-12,1703980800000
2023-12-31,EU + EFTA + UK,Renault,YTD,M,766983,2023-12,1703980800000
2023-12-31,EU + EFTA + UK,Renault Group,TTM,M,1351874,2023-12,1703980800000
2023-12-31,EU + EFTA + UK,Renault Group,UNITS,M,111580,2023-12,1703980800000
2023-12-31,EU + EFTA + UK,Renault Group,YTD,M,1351874,2023-12,1703980800000
2023-12-31,EU + EFTA + UK,SAIC Motor,TTM,M,256852,2023-12,1703980800000
2023-12-31,EU + EFTA + UK,SAIC Motor,UNITS,M,27749,2023-12,1703980800000
2023-12-31,EU + EFTA + UK,SAIC Motor,YTD,M,256852,2023-12,1703980800000
2023-12-31,EU + EFTA + UK,Seat,TTM,M,263510,2023-12,1703980800000
2023-12-31,EU + EFTA + UK,Seat,UNITS,M,20288,2023-12,1703980800000
2023-12-31,EU + EFTA + UK,Seat,YTD,M,263510,2023-12,1703980800000
2023-12-31,EU + EFTA + UK,Skoda,TTM,M,669251,2023-12,1703980800000
2023-12-31,EU + EFTA + UK,Skoda,UNITS,M,54136,2023-12,1703980800000
2023-12-31,EU + EFTA + UK,Skoda,YTD,M,669251,2023-12,1703980800000
2023-12-31,EU + EFTA + UK,Smart,TTM,M,25578,2023-12,1703980800000
2023-12-31,EU + EFTA + UK,Smart,UNITS,M,3079,2023-12,1703980800000
2023-12-31,EU + EFTA + UK,Smart,YTD,M,25578,2023-12,1703980800000
2023-12-31,EU + EFTA + UK,Stellantis,TTM,M,2252525,2023-12,1703980800000
2023-12-31,EU + EFTA + UK,Stellantis,UNITS,M,135079,2023-12,1703980800000
2023-12-31,EU + EFTA + UK,Stellantis,YTD,M,2252525,2023-12,1703980800000
2023-12-31,EU + EFTA + UK,Suzuki,TTM,M,184021,2023-12,1703980800000
2023-12-31,EU + EFTA + UK,Suzuki,UNITS,M,15713,2023-12,1703980800000
2023-12-31,EU + EFTA + UK,Suzuki,YTD,M,184021,2023-12,1703980800000
2023-12-31,EU + EFTA + UK,Tesla,TTM,M,507558,2023-12,1703980800000
2023-12-31,EU + EFTA + UK,Tesla,UNITS,M,39194,2023-12,1703980800000
2023-12-31,EU + EFTA + UK,Tesla,YTD,M,507558,2023-12,1703980800000
2023-12-31,EU + EFTA + UK,Toyota,TTM,M,824439,2023-12,1703980800000
2023-12-31,EU + EFTA + UK,Toyota,UNITS,M,65720,2023-12,1703980800000
2023-12-31,EU + EFTA + UK,Toyota,YTD,M,824439,2023-12,1703980800000
2023-12-31,EU + EFTA + UK,Toyota Group,TTM,M,886979,2023-12,1703980800000
2023-12-31,EU + EFTA + UK,Toyota Group,UNITS,M,71542,2023-12,1703980800000
2023-12-31,EU + EFTA + UK,Toyota Group,YTD,M,886979,2023-12,1703980800000
2023-12-31,EU + EFTA + UK,Volkswagen,TTM,M,1439829,2023-12,1703980800000
2023-12-31,EU + EFTA + UK,Volkswagen,UNITS,M,116221,2023-12,1703980800000
2023-12-31,EU + EFTA + UK,Volkswagen,YTD,M,1439829,2023-12,1703980800000
2023-12-31,EU + EFTA + UK,Volkswagen Group,TTM,M,3457276,2023-12,1703980800000
2023-12-31,EU + EFTA + UK,Volkswagen Group,UNITS,M,273401,2023-12,1703980800000
2023-12-31,EU + EFTA + UK,Volkswagen Group,YTD,M,3457276,2023-12,1703980800000
2023-12-31,EU + EFTA + UK,Volvo Cars,TTM,M,293925,2023-12,1703980800000
2023-12-31,EU + EFTA + UK,Volvo Cars,UNITS,M,31137,2023-12,1703980800000
2023-12-31,EU + EFTA + UK,Volvo Cars,YTD,M,293925,2023-12,1703980800000
2023-12-31,European Union (EU),Alfa Romeo,TTM,M,46020,2023-12,1703980800000
2023-12-31,European Union (EU),Alfa Romeo,UNITS,M,3241,2023-12,1703980800000
2023-12-31,European Union (EU),Alfa Romeo,YTD,M,46020,2023-12,1703980800000
2023-12-31,European Union (EU),Alpine,TTM,M,3620,2023-12,1703980800000
2023-12-31,European Union (EU),Alpine,UNITS,M,677,2023-12,1703980800000
2023-12-31,European Union (EU),Alpine,YTD,M,3620,2023-12,1703980800000
2023-12-31,European Union (EU),Audi,TTM,M,551883,2023-12,1703980800000
2023-12-31,European Union (EU),Audi,UNITS,M,44330,2023-12,1703980800000
2023-12-31,European Union (EU),Audi,YTD,M,551883,2023-12,1703980800000
2023-12-31,European Union (EU),BMW,TTM,M,567713,2023-12,1703980800000
2023-12-31,European Union (EU),BMW,UNITS,M,59316,2023-12,1703980800000
2023-12-31,European Union (EU),BMW,YTD,M,567713,2023-12,1703980800000
2023-12-31,European Union (EU),BMW Group,TTM,M,700732,2023-12,1703980800000
2023-12-31,European Union (EU),BMW Group,UNITS,M,71873,2023-12,1703980800000
2023-12-31,European Union (EU),BMW Group,YTD,M,700732,2023-12,1703980800000
2023-12-31,European Union (EU),Citroen,TTM,M,324871,2023-12,1703980800000
2023-12-31,European Union (EU),Citroen,UNITS,M,19224,2023-12,1703980800000
2023-12-31,European Union (EU),Citroen,YTD,M,324871,2023-12,1703980800000
2023-12-31,European Union (EU),Cupra,TTM,M,163521,2023-12,1703980800000
2023-12-31,European Union (EU),Cupra,UNITS,M,15855,2023-12,1703980800000
2023-12-31,European Union (EU),Cupra,YTD,M,163521,2023-12,1703980800000
2023-12-31,European Union (EU),DS,TTM,M,43255,2023-12,1703980800000
2023-12-31,European Union (EU),DS,UNITS,M,2652,2023-12,1703980800000
2023-12-31,European Union (EU),DS,YTD,M,43255,2023-12,1703980800000
2023-12-31,European Union (EU),Dacia,TTM,M,486300,2023-12,1703980800000
2023-12-31,European Union (EU),Dacia,UNITS,M,41074,2023-12,1703980800000
2023-12-31,European Union (EU),Dacia,YTD,M,486300,2023-12,1703980800000
2023-12-31,European Union (EU),Fiat,TTM,M,344092,2023-12,1703980800000
2023-12-31,European Union (EU),Fiat,UNITS,M,24332,2023-12,1703980800000
2023-12-31,European Union (EU),Fiat,YTD,M,344092,2023-12,1703980800000
2023-12-31,European Union (EU),Ford,TTM,M,346307,2023-12,1703980800000
2023-12-31,European Union (EU),Ford,UNITS,M,25202,2023-12,1703980800000
2023-12-31,European Union (EU),Ford,YTD,M,346307,2023-12,1703980800000
2023-12-31,European Union (EU),Honda,TTM,M,31338,2023-12,1703980800000
2023-12-31,European Union (EU),Honda,UNITS,M,2887,2023-12,1703980800000
2023-12-31,European Union (EU),Honda,YTD,M,31338,2023-12,1703980800000
2023-12-31,European Union (EU),Hyundai,TTM,M,414649,2023-12,1703980800000
2023-12-31,European Union (EU),Hyundai,UNITS,M,36157,2023-12,1703980800000
2023-12-31,European Union (EU),Hyundai,YTD,M,414649,2023-12,1703980800000
2023-12-31,European Union (EU),Hyundai Group,TTM,M,840079,2023-12,1703980800000
2023-12-31,European Union (EU),Hyundai Group,UNITS,M,66095,2023-12,1703980800000
2023-12-31,European Union (EU),Hyundai Group,YTD,M,840079,2023-12,1703980800000
2023-12-31,European Union (EU),Jaguar,TTM,M,10275,2023-12,1703980800000
2023-12-31,European Union (EU),Jaguar,UNITS,M,652,2023-12,1703980800000
2023-12-31,European Union (EU),Jaguar,YTD,M,10275,2023-12,1703980800000
2023-12-31,European Union (EU),Jaguar Land Rover Group,TTM,M,66514,2023-12,1703980800000
2023-12-31,European Union (EU),Jaguar Land Rover Group,UNITS,M,5220,2023-12,1703980800000
2023-12-31,European Union (EU),Jaguar Land Rover Group,YTD,M,66514,2023-12,1703980800000
2023-12-31,European Union (EU),Jeep,TTM,M,116927,2023-12,1703980800000
2023-12-31,European Union (EU),Jeep,UNITS,M,8780,2023-12,1703980800000
2023-12-31,European Union (EU),Jeep,YTD,M,116927,2023-12,1703980800000
2023-12-31,European Union (EU),Kia,TTM,M,425430,2023-12,1703980800000
2023-12-31,European Union (EU),Kia,UNITS,M,29938,2023-12,1703980800000
2023-12-31,European Union (EU),Kia,YTD,M,425430,2023-12,1703980800000
2023-12-31,European Union (EU),Lancia/Chrysler,TTM,M,43651,2023-12,1703980800000
2023-12-31,European Union (EU),Lancia/Chrysler,UNITS,M,3016,2023-12,1703980800000
2023-12-31,European Union (EU),Lancia/Chrysler,YTD,M,43651,2023-12,1703980800000
2023-12-31,European Union (EU),Land Rover,TTM,M,56239,2023-12,1703980800000
2023-12-31,European Union (EU),Land Rover,UNITS,M,4568,2023-12,1703980800000
2023-12-31,European Union (EU),Land Rover,YTD,M,56239,2023-12,1703980800000
2023-12-31,European Union (EU),Lexus,TTM,M,38516,2023-12,1703980800000
2023-12-31,European Union (EU),Lexus,UNITS,M,3927,2023-12,1703980800000
2023-12-31,European Union (EU),Lexus,YTD,M,38516,2023-12,1703980800000
2023-12-31,European Union (EU),Mazda,TTM,M,142749,2023-12,1703980800000
2023-12-31,European Union (EU),Mazda,UNITS,M,12192,2023-12,1703980800000
2023-12-31,European Union (EU),Mazda,YTD,M,142749,2023-12,1703980800000
2023-12-31,European Union (EU),Mercedes,TTM,M,543618,2023-12,1703980800000
2023-12-31,European Union (EU),Mercedes,UNITS,M,56884,2023-12,1703980800000
2023-12-31,European Union (EU),Mercedes,YTD,M,543618,2023-12,1703980800000
2023-12-31,European Union (EU),Mercedes-Benz,TTM,M,568206,2023-12,1703980800000
2023-12-31,European Union (EU),Mercedes-Benz,UNITS,M,59813,2023-12,1703980800000
2023-12-31,European Union (EU),Mercedes-Benz,YTD,M,568206,2023-12,1703980800000
2023-12-31,European Union (EU),Mini,TTM,M,133019,2023-12,1703980800000
2023-12-31,European Union (EU),Mini,UNITS,M,12557,2023-12,1703980800000
2023-12-31,European Union (EU),Mini,YTD,M,133019,2023-12,1703980800000
2023-12-31,European Union (EU),Mitsubishi,TTM,M,38512,2023-12,1703980800000
2023-12-31,European Union (EU),Mitsubishi,UNITS,M,3887,2023-12,1703980800000
2023-12-31,European Union (EU),Mitsubishi,YTD,M,38512,2023-12,1703980800000
2023-12-31,European Union (EU),Nissan,TTM,M,196863,2023-12,1703980800000
2023-12-31,European Union (EU),Nissan,UNITS,M,16740,2023-12,1703980800000
2023-12-31,European Union (EU),Nissan,YTD,M,196863,2023-12,1703980800000
2023-12-31,European Union (EU),Opel/Vauxhall,TTM,M,338017,2023-12,1703980800000
2023-12-31,European Union (EU),Opel/Vauxhall,UNITS,M,23909,2023-12,1703980800000
2023-12-31,European Union (EU),Opel/Vauxhall,YTD,M,338017,2023-12,1703980800000
2023-12-31,European Union (EU),Peugeot,TTM,M,551191,2023-12,1703980800000
2023-12-31,European Union (EU),Peugeot,UNITS,M,34630,2023-12,1703980800000
2023-12-31,European Union (EU),Peugeot,YTD,M,551191,2023-12,1703980800000
2023-12-31,European Union (EU),Porsche,TTM,M,65502,2023-12,1703980800000
2023-12-31,European Union (EU),Porsche,UNITS,M,4298,2023-12,1703980800000
2023-12-31,European Union (EU),Porsche,YTD,M,65502,2023-12,1703980800000
2023-12-31,European Union (EU),Renault,TTM,M,608219,2023-12,1703980800000
2023-12-31,European Union (EU),Renault,UNITS,M,61540,2023-12,1703980800000
2023-12-31,European Union (EU),Renault,YTD,M,608219,2023-12,1703980800000
2023-12-31,European Union (EU),Renault Group,TTM,M,1098139,2023-12,1703980800000
2023-12-31,European Union (EU),Renault Group,UNITS,M,103291,2023-12,1703980800000
2023-12-31,European Union (EU),Renault Group,YTD,M,1098139,2023-12,1703980800000
2023-12-31,European Union (EU),SAIC Motor,TTM,M,143294,2023-12,1703980800000
2023-12-31,European Union (EU),SAIC Motor,UNITS,M,20530,2023-12,1703980800000
2023-12-31,European Union (EU),SAIC Motor,YTD,M,143294,2023-12,1703980800000
2023-12-31,European Union (EU),Seat,TTM,M,203839,2023-12,1703980800000
2023-12-31,European Union (EU),Seat,UNITS,M,16379,2023-12,1703980800000
2023-12-31,European Union (EU),Seat,YTD,M,203839,2023-12,1703980800000
2023-12-31,European Union (EU),Skoda,TTM,M,552275,2023-12,1703980800000
2023-12-31,European Union (EU),Skoda,UNITS,M,46197,2023-12,1703980800000
2023-12-31,European Union (EU),Skoda,YTD,M,552275,2023-12,1703980800000
2023-12-31,European Union (EU),Smart,TTM,M,24588,2023-12,1703980800000
2023-12-31,European Union (EU),Smart,UNITS,M,2929,2023-12,1703980800000
2023-12-31,European Union (EU),Smart,YTD,M,24588,2023-12,1703980800000
2023-12-31,European Union (EU),Stellantis,TTM,M,1815153,2023-12,1703980800000
2023-12-31,European Union (EU),Stellantis,UNITS,M,120211,2023-12,1703980800000
2023-12-31,European Union (EU),Stellantis,YTD,M,1815153,2023-12,1703980800000
2023-12-31,European Union (EU),Suzuki,TTM,M,150119,2023-12,1703980800000
2023-12-31,European Union (EU),Suzuki,UNITS,M,13285,2023-12,1703980800000
2023-12-31,European Union (EU),Suzuki,YTD,M,150119,2023-12,1703980800000
2023-12-31,European Union (EU),Tesla,TTM,M,287642,2023-12,1703980800000
2023-12-31,European Union (EU),Tesla,UNITS,M,30277,2023-12,1703980800000
2023-12-31,European Union (EU),Tesla,YTD,M,287642,2023-12,1703980800000
2023-12-31,European Union (EU),Toyota,TTM,M,643842,2023-12,1703980800000
2023-12-31,European Union (EU),Toyota,UNITS,M,54846,2023-12,1703980800000
2023-12-31,European Union (EU),Toyota,YTD,M,643842,2023-12,1703980800000
2023-12-31,European Union (EU),Toyota Group,TTM,M,682358,2023-12,1703980800000
2023-12-31,European Union (EU),Toyota Group,UNITS,M,58773,2023-12,1703980800000
2023-12-31,European Union (EU),Toyota Group,YTD,M,682358,2023-12,1703980800000
2023-12-31,European Union (EU),Volkswagen,TTM,M,1091928,2023-12,1703980800000
2023-12-31,European Union (EU),Volkswagen,UNITS,M,99029,2023-12,1703980800000
2023-12-31,European Union (EU),Volkswagen,YTD,M,1091928,2023-12,1703980800000
2023-12-31,European Union (EU),Volkswagen Group,TTM,M,2634848,2023-12,1703980800000
2023-12-31,European Union (EU),Volkswagen Group,UNITS,M,226453,2023-12,1703980800000
2023-12-31,European Union (EU),Volkswagen Group,YTD,M,2634848,2023-12,1703980800000
2023-12-31,European Union (EU),Volvo Cars,TTM,M,213455,2023-12,1703980800000
2023-12-31,European Union (EU),Volvo Cars,UNITS,M,24920,2023-12,1703980800000
2023-12-31,European Union (EU),Volvo Cars,YTD,M,213455,2023-12,1703980800000
2024-01-31,EU + EFTA + UK,Alfa Romeo,TTM,M,59805,2024-01,1706659200000
2024-01-31,EU + EFTA + UK,Alfa Romeo,UNITS,M,3950,2024-01,1706659200000
2024-01-31,EU + EFTA + UK,Alfa Romeo,YTD,M,3950,2024-01,1706659200000
2024-01-31,EU + EFTA + UK,Alpine,TTM,M,5360,2024-01,1706659200000
2024-01-31,EU + EFTA + UK,Alpine,UNITS,M,211,2024-01,1706659200000
2024-01-31,EU + EFTA + UK,Alpine,YTD,M,211,2024-01,1706659200000
2024-01-31,EU + EFTA + UK,Audi,TTM,M,822180,2024-01,1706659200000
2024-01-31,EU + EFTA + UK,Audi,UNITS,M,53364,2024-01,1706659200000
2024-01-31,EU + EFTA + UK,Audi,YTD,M,53364,2024-01,1706659200000
2024-01-31,EU + EFTA + UK,BMW,TTM,M,796449,2024-01,1706659200000
2024-01-31,EU + EFTA + UK,BMW,UNITS,M,60847,2024-01,1706659200000
2024-01-31,EU + EFTA + UK,BMW,YTD,M,60847,2024-01,1706659200000
2024-01-31,EU + EFTA + UK,BMW Group,TTM,M,1004833,2024-01,1706659200000
2024-01-31,EU + EFTA + UK,BMW Group,UNITS,M,72320,2024-01,1706659200000
2024-01-31,EU + EFTA + UK,BMW Group,YTD,M,72320,2024-01,1706659200000
2024-01-31,EU + EFTA + UK,Citroen,TTM,M,418434,2024-01,1706659200000
2024-01-31,EU + EFTA + UK,Citroen,UNITS,M,32658,2024-01,1706659200000
2024-01-31,EU + EFTA + UK,Citroen,YTD,M,32658,2024-01,1706659200000
2024-01-31,EU + EFTA + UK,Cupra,TTM,M,218222,2024-01,1706659200000
2024-01-31,EU + EFTA + UK,Cupra,UNITS,M,13310,2024-01,1706659200000
2024-01-31,EU + EFTA + UK,Cupra,YTD,M,13310,2024-01,1706659200000
2024-01-31,EU + EFTA + UK,DS,TTM,M,58705,2024-01,1706659200000
2024-01-31,EU + EFTA + UK,DS,UNITS,M,3717,2024-01,1706659200000
2024-01-31,EU + EFTA + UK,DS,YTD,M,3717,2024-01,1706659200000
2024-01-31,EU + EFTA + UK,Dacia,TTM,M,631408,2024-01,1706659200000
2024-01-31,EU + EFTA + UK,Dacia,UNITS,M,51666,2024-01,1706659200000
2024-01-31,EU + EFTA + UK,Dacia,YTD,M,51666,2024-01,1706659200000
2024-01-31,EU + EFTA + UK,Fiat,TTM,M,410610,2024-01,1706659200000
2024-01-31,EU + EFTA + UK,Fiat,UNITS,M,29650,2024-01,1706659200000
2024-01-31,EU + EFTA + UK,Fiat,YTD,M,29650,2024-01,1706659200000
2024-01-31,EU + EFTA + UK,Ford,TTM,M,583474,2024-01,1706659200000
2024-01-31,EU + EFTA + UK,Ford,UNITS,M,35888,2024-01,1706659200000
2024-01-31,EU + EFTA + UK,Ford,YTD,M,35888,2024-01,1706659200000
2024-01-31,EU + EFTA + UK,Honda,TTM,M,62349,2024-01,1706659200000
2024-01-31,EU + EFTA + UK,Honda,UNITS,M,5964,2024-01,1706659200000
2024-01-31,EU + EFTA + UK,Honda,YTD,M,5964,2024-01,1706659200000
2024-01-31,EU + EFTA + UK,Hyundai,TTM,M,592068,2024-01,1706659200000
2024-01-31,EU + EFTA + UK,Hyundai,UNITS,M,41803,2024-01,1706659200000
2024-01-31,EU + EFTA + UK,Hyundai,YTD,M,41803,2024-01,1706659200000
2024-01-31,EU + EFTA + UK,Hyundai Group,TTM,M,1215766,2024-01,1706659200000
2024-01-31,EU + EFTA + UK,Hyundai Group,UNITS,M,86540,2024-01,1706659200000
2024-01-31,EU + EFTA + UK,Hyundai Group,YTD,M,86540,2024-01,1706659200000
2024-01-31,EU + EFTA + UK,Jaguar,TTM,M,29190,2024-01,1706659200000
2024-01-31,EU + EFTA + UK,Jaguar,UNITS,M,1855,2024-01,1706659200000
2024-01-31,EU + EFTA + UK,Jaguar,YTD,M,1855,2024-01,1706659200000
2024-01-31,EU + EFTA + UK,Jaguar Land Rover Group,TTM,M,166765,2024-01,1706659200000
2024-01-31,EU + EFTA + UK,Jaguar Land Rover Group,UNITS,M,12206,2024-01,1706659200000
2024-01-31,EU + EFTA + UK,Jaguar Land Rover Group,YTD,M,12206,2024-01,1706659200000
2024-01-31,EU + EFTA + UK,Jeep,TTM,M,139008,2024-01,1706659200000
2024-01-31,EU + EFTA + UK,Jeep,UNITS,M,12154,2024-01,1706659200000
2024-01-31,EU + EFTA + UK,Jeep,YTD,M,12154,2024-01,1706659200000
2024-01-31,EU + EFTA + UK,Kia,TTM,M,623698,2024-01,1706659200000
2024-01-31,EU + EFTA + UK,Kia,UNITS,M,44737,2024-01,1706659200000
2024-01-31,EU + EFTA + UK,Kia,YTD,M,44737,2024-01,1706659200000
2024-01-31,EU + EFTA + UK,Lancia/Chrysler,TTM,M,51403,2024-01,1706659200000
2024-01-31,EU + EFTA + UK,Lancia/Chrysler,UNITS,M,3926,2024-01,1706659200000
2024-01-31,EU + EFTA + UK,Lancia/Chrysler,YTD,M,3926,2024-01,1706659200000
2024-01-31,EU + EFTA + UK,Land Rover,TTM,M,137575,2024-01,1706659200000
2024-01-31,EU + EFTA + UK,Land Rover,UNITS,M,10351,2024-01,1706659200000
2024-01-31,EU + EFTA + UK,Land Rover,YTD,M,10351,2024-01,1706659200000
2024-01-31,EU + EFTA + UK,Lexus,TTM,M,67736,2024-01,1706659200000
2024-01-31,EU + EFTA + UK,Lexus,UNITS,M,5196,2024-01,1706659200000
2024-01-31,EU + EFTA + UK,Lexus,YTD,M,5196,2024-01,1706659200000
2024-01-31,EU + EFTA + UK,Mazda,TTM,M,204821,2024-01,1706659200000
2024-01-31,EU + EFTA + UK,Mazda,UNITS,M,12606,2024-01,1706659200000
2024-01-31,EU + EFTA + UK,Mazda,YTD,M,12606,2024-01,1706659200000
2024-01-31,EU + EFTA + UK,Mercedes,TTM,M,729687,2024-01,1706659200000
2024-01-31,EU + EFTA + UK,Mercedes,UNITS,M,41227,2024-01,1706659200000
2024-01-31,EU + EFTA + UK,Mercedes,YTD,M,41227,2024-01,1706659200000
2024-01-31,EU + EFTA + UK,Mercedes-Benz,TTM,M,757634,2024-01,1706659200000
2024-01-31,EU + EFTA + UK,Mercedes-Benz,UNITS,M,43596,2024-01,1706659200000
2024-01-31,EU + EFTA + UK,Mercedes-Benz,YTD,M,43596,2024-01,1706659200000
2024-01-31,EU + EFTA + UK,Mini,TTM,M,208384,2024-01,1706659200000
2024-01-31,EU + EFTA + UK,Mini,UNITS,M,11473,2024-01,1706659200000
2024-01-31,EU + EFTA + UK,Mini,YTD,M,11473,2024-01,1706659200000
2024-01-31,EU + EFTA + UK,Mitsubishi,TTM,M,49241,2024-01,1706659200000
2024-01-31,EU + EFTA + UK,Mitsubishi,UNITS,M,4911,2024-01,1706659200000
2024-01-31,EU + EFTA + UK,Mitsubishi,YTD,M,4911,2024-01,1706659200000
2024-01-31,EU + EFTA + UK,Nissan,TTM,M,341088,2024-01,1706659200000
2024-01-31,EU + EFTA + UK,Nissan,UNITS,M,27212,2024-01,1706659200000
2024-01-31,EU + EFTA + UK,Nissan,YTD,M,27212,2024-01,1706659200000
2024-01-31,EU + EFTA + UK,Opel/Vauxhall,TTM,M,534483,2024-01,1706659200000
2024-01-31,EU + EFTA + UK,Opel/Vauxhall,UNITS,M,39355,2024-01,1706659200000
2024-01-31,EU + EFTA + UK,Opel/Vauxhall,YTD,M,39355,2024-01,1706659200000
2024-01-31,EU + EFTA + UK,Peugeot,TTM,M,752977,2024-01,1706659200000
2024-01-31,EU + EFTA + UK,Peugeot,UNITS,M,57390,2024-01,1706659200000
2024-01-31,EU + EFTA + UK,Peugeot,YTD,M,57390,2024-01,1706659200000
2024-01-31,EU + EFTA + UK,Porsche,TTM,M,110171,2024-01,1706659200000
2024-01-31,EU + EFTA + UK,Porsche,UNITS,M,9038,2024-01,1706659200000
2024-01-31,EU + EFTA + UK,Porsche,YTD,M,9038,2024-01,1706659200000
2024-01-31,EU + EFTA + UK,Renault,TTM,M,808003,2024-01,1706659200000
2024-01-31,EU + EFTA + UK,Renault,UNITS,M,41020,2024-01,1706659200000
2024-01-31,EU + EFTA + UK,Renault,YTD,M,41020,2024-01,1706659200000
2024-01-31,EU + EFTA + UK,Renault Group,TTM,M,1444771,2024-01,1706659200000
2024-01-31,EU + EFTA + UK,Renault Group,UNITS,M,92897,2024-01,1706659200000
2024-01-31,EU + EFTA + UK,Renault Group,YTD,M,92897,2024-01,1706659200000
2024-01-31,EU + EFTA + UK,SAIC Motor,TTM,M,273659,2024-01,1706659200000
2024-01-31,EU + EFTA + UK,SAIC Motor,UNITS,M,16807,2024-01,1706659200000
2024-01-31,EU + EFTA + UK,SAIC Motor,YTD,M,16807,2024-01,1706659200000
2024-01-31,EU + EFTA + UK,Seat,TTM,M,283572,2024-01,1706659200000
2024-01-31,EU + EFTA + UK,Seat,UNITS,M,20062,2024-01,1706659200000
2024-01-31,EU + EFTA + UK,Seat,YTD,M,20062,2024-01,1706659200000
2024-01-31,EU + EFTA + UK,Skoda,TTM,M,730838,2024-01,1706659200000
2024-01-31,EU + EFTA + UK,Skoda,UNITS,M,61587,2024-01,1706659200000
2024-01-31,EU + EFTA + UK,Skoda,YTD,M,61587,2024-01,1706659200000
2024-01-31,EU + EFTA + UK,Smart,TTM,M,27947,2024-01,1706659200000
2024-01-31,EU + EFTA + UK,Smart,UNITS,M,2369,2024-01,1706659200000
2024-01-31,EU + EFTA + UK,Smart,YTD,M,2369,2024-01,1706659200000
2024-01-31,EU + EFTA + UK,Stellantis,TTM,M,2435844,2024-01,1706659200000
2024-01-31,EU + EFTA + UK,Stellantis,UNITS,M,183319,2024-01,1706659200000
2024-01-31,EU + EFTA + UK,Stellantis,YTD,M,183319,2024-01,1706659200000
2024-01-31,EU + EFTA + UK,Suzuki,TTM,M,199833,2024-01,1706659200000
2024-01-31,EU + EFTA + UK,Suzuki,UNITS,M,15812,2024-01,1706659200000
2024-01-31,EU + EFTA + UK,Suzuki,YTD,M,15812,2024-01,1706659200000
2024-01-31,EU + EFTA + UK,Tesla,TTM,M,525719,2024-01,1706659200000
2024-01-31,EU + EFTA + UK,Tesla,UNITS,M,18161,2024-01,1706659200000
2024-01-31,EU + EFTA + UK,Tesla,YTD,M,18161,2024-01,1706659200000
2024-01-31,EU + EFTA + UK,Toyota,TTM,M,903200,2024-01,1706659200000
2024-01-31,EU + EFTA + UK,Toyota,UNITS,M,78761,2024-01,1706659200000
2024-01-31,EU + EFTA + UK,Toyota,YTD,M,78761,2024-01,1706659200000
2024-01-31,EU + EFTA + UK,Toyota Group,TTM,M,970936,2024-01,1706659200000
2024-01-31,EU + EFTA + UK,Toyota Group,UNITS,M,83957,2024-01,1706659200000
2024-01-31,EU + EFTA + UK,Toyota Group,YTD,M,83957,2024-01,1706659200000
2024-01-31,EU + EFTA + UK,Volkswagen,TTM,M,1536646,2024-01,1706659200000
2024-01-31,EU + EFTA + UK,Volkswagen,UNITS,M,96817,2024-01,1706659200000
2024-01-31,EU + EFTA + UK,Volkswagen,YTD,M,96817,2024-01,1706659200000
2024-01-31,EU + EFTA + UK,Volkswagen Group,TTM,M,3712116,2024-01,1706659200000
2024-01-31,EU + EFTA + UK,Volkswagen Group,UNITS,M,254840,2024-01,1706659200000
2024-01-31,EU + EFTA + UK,Volkswagen Group,YTD,M,254840,2024-01,1706659200000
2024-01-31,EU + EFTA + UK,Volvo Cars,TTM,M,319857,2024-01,1706659200000
2024-01-31,EU + EFTA + UK,Volvo Cars,UNITS,M,25932,2024-01,1706659200000
2024-01-31,EU + EFTA + UK,Volvo Cars,YTD,M,25932,2024-01,1706659200000
2024-01-31,European Union (EU),Alfa Romeo,TTM,M,49816,2024-01,1706659200000
2024-01-31,European Union (EU),Alfa Romeo,UNITS,M,3796,2024-01,1706659200000
2024-01-31,European Union (EU),Alfa Romeo,YTD,M,3796,2024-01,1706659200000
2024-01-31,European Union (EU),Alpine,TTM,M,3784,2024-01,1706659200000
2024-01-31,European Union (EU),Alpine,UNITS,M,164,2024-01,1706659200000
2024-01-31,European Union (EU),Alpine,YTD,M,164,2024-01,1706659200000
2024-01-31,European Union (EU),Audi,TTM,M,595044,2024-01,1706659200000
2024-01-31,European Union (EU),Audi,UNITS,M,43161,2024-01,1706659200000
2024-01-31,European Union (EU),Audi,YTD,M,43161,2024-01,1706659200000
2024-01-31,European Union (EU),BMW,TTM,M,616004,2024-01,1706659200000
2024-01-31,European Union (EU),BMW,UNITS,M,48291,2024-01,1706659200000
2024-01-31,European Union (EU),BMW,YTD,M,48291,2024-01,1706659200000
2024-01-31,European Union (EU),BMW Group,TTM,M,756566,2024-01,1706659200000
2024-01-31,European Union (EU),BMW Group,UNITS,M,55834,2024-01,1706659200000
2024-01-31,European Union (EU),BMW Group,YTD,M,55834,2024-01,1706659200000
2024-01-31,European Union (EU),Citroen,TTM,M,354879,2024-01,1706659200000
2024-01-31,European Union (EU),Citroen,UNITS,M,30008,2024-01,1706659200000
2024-01-31,European Union (EU),Citroen,YTD,M,30008,2024-01,1706659200000
2024-01-31,European Union (EU),Cupra,TTM,M,174791,2024-01,1706659200000
2024-01-31,European Union (EU),Cupra,UNITS,M,11270,2024-01,1706659200000
2024-01-31,European Union (EU),Cupra,YTD,M,11270,2024-01,1706659200000
2024-01-31,European Union (EU),DS,TTM,M,46833,2024-01,1706659200000
2024-01-31,European Union (EU),DS,UNITS,M,3578,2024-01,1706659200000
2024-01-31,European Union (EU),DS,YTD,M,3578,2024-01,1706659200000
2024-01-31,European Union (EU),Dacia,TTM,M,535371,2024-01,1706659200000
2024-01-31,European Union (EU),Dacia,UNITS,M,49071,2024-01,1706659200000
2024-01-31,European Union (EU),Dacia,YTD,M,49071,2024-01,1706659200000
2024-01-31,European Union (EU),Fiat,TTM,M,372299,2024-01,1706659200000
2024-01-31,European Union (EU),Fiat,UNITS,M,28207,2024-01,1706659200000
2024-01-31,European Union (EU),Fiat,YTD,M,28207,2024-01,1706659200000
2024-01-31,European Union (EU),Ford,TTM,M,371928,2024-01,1706659200000
2024-01-31,European Union (EU),Ford,UNITS,M,25621,2024-01,1706659200000
2024-01-31,European Union (EU),Ford,YTD,M,25621,2024-01,1706659200000
2024-01-31,European Union (EU),Honda,TTM,M,37028,2024-01,1706659200000
2024-01-31,European Union (EU),Honda,UNITS,M,5690,2024-01,1706659200000
2024-01-31,European Union (EU),Honda,YTD,M,5690,2024-01,1706659200000
2024-01-31,European Union (EU),Hyundai,TTM,M,449447,2024-01,1706659200000
2024-01-31,European Union (EU),Hyundai,UNITS,M,34798,2024-01,1706659200000
2024-01-31,European Union (EU),Hyundai,YTD,M,34798,2024-01,1706659200000
2024-01-31,European Union (EU),Hyundai Group,TTM,M,908795,2024-01,1706659200000
2024-01-31,European Union (EU),Hyundai Group,UNITS,M,68716,2024-01,1706659200000
2024-01-31,European Union (EU),Hyundai Group,YTD,M,68716,2024-01,1706659200000
2024-01-31,European Union (EU),Jaguar,TTM,M,10788,2024-01,1706659200000
2024-01-31,European Union (EU),Jaguar,UNITS,M,513,2024-01,1706659200000
2024-01-31,European Union (EU),Jaguar,YTD,M,513,2024-01,1706659200000
2024-01-31,European Union (EU),Jaguar Land Rover Group,TTM,M,71972,2024-01,1706659200000
2024-01-31,European Union (EU),Jaguar Land Rover Group,UNITS,M,5458,2024-01,1706659200000
2024-01-31,European Union (EU),Jaguar Land Rover Group,YTD,M,5458,2024-01,1706659200000
2024-01-31,European Union (EU),Jeep,TTM,M,128375,2024-01,1706659200000
2024-01-31,European Union (EU),Jeep,UNITS,M,11448,2024-01,1706659200000
2024-01-31,European Union (EU),Jeep,YTD,M,11448,2024-01,1706659200000
2024-01-31,European Union (EU),Kia,TTM,M,459348,2024-01,1706659200000
2024-01-31,European Union (EU),Kia,UNITS,M,33918,2024-01,1706659200000
2024-01-31,European Union (EU),Kia,YTD,M,33918,2024-01,1706659200000
2024-01-31,European Union (EU),Lancia/Chrysler,TTM,M,47577,2024-01,1706659200000
2024-01-31,European Union (EU),Lancia/Chrysler,UNITS,M,3926,2024-01,1706659200000
2024-01-31,European Union (EU),Lancia/Chrysler,YTD,M,3926,2024-01,1706659200000
2024-01-31,European Union (EU),Land Rover,TTM,M,61184,2024-01,1706659200000
2024-01-31,European Union (EU),Land Rover,UNITS,M,4945,2024-01,1706659200000
2024-01-31,European Union (EU),Land Rover,YTD,M,4945,2024-01,1706659200000
2024-01-31,European Union (EU),Lexus,TTM,M,42909,2024-01,1706659200000
2024-01-31,European Union (EU),Lexus,UNITS,M,4393,2024-01,1706659200000
2024-01-31,European Union (EU),Lexus,YTD,M,4393,2024-01,1706659200000
2024-01-31,European Union (EU),Mazda,TTM,M,153059,2024-01,1706659200000
2024-01-31,European Union (EU),Mazda,UNITS,M,10310,2024-01,1706659200000
2024-01-31,European Union (EU),Mazda,YTD,M,10310,2024-01,1706659200000
2024-01-31,European Union (EU),Mercedes,TTM,M,578452,2024-01,1706659200000
2024-01-31,European Union (EU),Mercedes,UNITS,M,34834,2024-01,1706659200000
2024-01-31,European Union (EU),Mercedes,YTD,M,34834,2024-01,1706659200000
2024-01-31,European Union (EU),Mercedes-Benz,TTM,M,605294,2024-01,1706659200000
2024-01-31,European Union (EU),Mercedes-Benz,UNITS,M,37088,2024-01,1706659200000
2024-01-31,European Union (EU),Mercedes-Benz,YTD,M,37088,2024-01,1706659200000
2024-01-31,European Union (EU),Mini,TTM,M,140562,2024-01,1706659200000
2024-01-31,European Union (EU),Mini,UNITS,M,7543,2024-01,1706659200000
2024-01-31,European Union (EU),Mini,YTD,M,7543,2024-01,1706659200000
2024-01-31,European Union (EU),Mitsubishi,TTM,M,43229,2024-01,1706659200000
2024-01-31,European Union (EU),Mitsubishi,UNITS,M,4717,2024-01,1706659200000
2024-01-31,European Union (EU),Mitsubishi,YTD,M,4717,2024-01,1706659200000
2024-01-31,European Union (EU),Nissan,TTM,M,214871,2024-01,1706659200000
2024-01-31,European Union (EU),Nissan,UNITS,M,18008,2024-01,1706659200000
2024-01-31,European Union (EU),Nissan,YTD,M,18008,2024-01,1706659200000
2024-01-31,European Union (EU),Opel/Vauxhall,TTM,M,368513,2024-01,1706659200000
2024-01-31,European Union (EU),Opel/Vauxhall,UNITS,M,30496,2024-01,1706659200000
2024-01-31,European Union (EU),Opel/Vauxhall,YTD,M,30496,2024-01,1706659200000
2024-01-31,European Union (EU),Peugeot,TTM,M,601997,2024-01,1706659200000
2024-01-31,European Union (EU),Peugeot,UNITS,M,50806,2024-01,1706659200000
2024-01-31,European Union (EU),Peugeot,YTD,M,50806,2024-01,1706659200000
2024-01-31,European Union (EU),Porsche,TTM,M,72798,2024-01,1706659200000
2024-01-31,European Union (EU),Porsche,UNITS,M,7296,2024-01,1706659200000
2024-01-31,European Union (EU),Porsche,YTD,M,7296,2024-01,1706659200000
2024-01-31,European Union (EU),Renault,TTM,M,645017,2024-01,1706659200000
2024-01-31,European Union (EU),Renault,UNITS,M,36798,2024-01,1706659200000
2024-01-31,European Union (EU),Renault,YTD,M,36798,2024-01,1706659200000
2024-01-31,European Union (EU),Renault Group,TTM,M,1184172,2024-01,1706659200000
2024-01-31,European Union (EU),Renault Group,UNITS,M,86033,2024-01,1706659200000
2024-01-31,European Union (EU),Renault Group,YTD,M,86033,2024-01,1706659200000
2024-01-31,European Union (EU),SAIC Motor,TTM,M,153088,2024-01,1706659200000
2024-01-31,European Union (EU),SAIC Motor,UNITS,M,9794,2024-01,1706659200000
2024-01-31,European Union (EU),SAIC Motor,YTD,M,9794,2024-01,1706659200000
2024-01-31,European Union (EU),Seat,TTM,M,220939,2024-01,1706659200000
2024-01-31,European Union (EU),Seat,UNITS,M,17100,2024-01,1706659200000
2024-01-31,European Union (EU),Seat,YTD,M,17100,2024-01,1706659200000
2024-01-31,European Union (EU),Skoda,TTM,M,607234,2024-01,1706659200000
2024-01-31,European Union (EU),Skoda,UNITS,M,54959,2024-01,1706659200000
2024-01-31,European Union (EU),Skoda,YTD,M,54959,2024-01,1706659200000
2024-01-31,European Union (EU),Smart,TTM,M,26842,2024-01,1706659200000
2024-01-31,European Union (EU),Smart,UNITS,M,2254,2024-01,1706659200000
2024-01-31,European Union (EU),Smart,YTD,M,2254,2024-01,1706659200000
2024-01-31,European Union (EU),Stellantis,TTM,M,1977858,2024-01,1706659200000
2024-01-31,European Union (EU),Stellantis,UNITS,M,162705,2024-01,1706659200000
2024-01-31,European Union (EU),Stellantis,YTD,M,162705,2024-01,1706659200000
2024-01-31,European Union (EU),Suzuki,TTM,M,164141,2024-01,1706659200000
2024-01-31,European Union (EU),Suzuki,UNITS,M,14022,2024-01,1706659200000
2024-01-31,European Union (EU),Suzuki,YTD,M,14022,2024-01,1706659200000
2024-01-31,European Union (EU),Tesla,TTM,M,302772,2024-01,1706659200000
2024-01-31,European Union (EU),Tesla,UNITS,M,15130,2024-01,1706659200000
2024-01-31,European Union (EU),Tesla,YTD,M,15130,2024-01,1706659200000
2024-01-31,European Union (EU),Toyota,TTM,M,715184,2024-01,1706659200000
2024-01-31,European Union (EU),Toyota,UNITS,M,71342,2024-01,1706659200000
2024-01-31,European Union (EU),Toyota,YTD,M,71342,2024-01,1706659200000
2024-01-31,European Union (EU),Toyota Group,TTM,M,758093,2024-01,1706659200000
2024-01-31,European Union (EU),Toyota Group,UNITS,M,75735,2024-01,1706659200000
2024-01-31,European Union (EU),Toyota Group,YTD,M,75735,2024-01,1706659200000
2024-01-31,European Union (EU),Volkswagen,TTM,M,1175439,2024-01,1706659200000
2024-01-31,European Union (EU),Volkswagen,UNITS,M,83511,2024-01,1706659200000
2024-01-31,European Union (EU),Volkswagen,YTD,M,83511,2024-01,1706659200000
2024-01-31,European Union (EU),Volkswagen Group,TTM,M,2852617,2024-01,1706659200000
2024-01-31,European Union (EU),Volkswagen Group,UNITS,M,217769,2024-01,1706659200000
2024-01-31,European Union (EU),Volkswagen Group,YTD,M,217769,2024-01,1706659200000
2024-01-31,European Union (EU),Volvo Cars,TTM,M,234499,2024-01,1706659200000
2024-01-31,European Union (EU),Volvo Cars,UNITS,M,21044,2024-01,1706659200000
2024-01-31,European Union (EU),Volvo Cars,YTD,M,21044,2024-01,1706659200000
2024-02-29,EU + EFTA + UK,Alfa Romeo,TTM,M,60005,2024-02,1709164800000
2024-02-29,EU + EFTA + UK,Alfa Romeo,UNITS,M,3605,2024-02,1709164800000
2024-02-29,EU + EFTA + UK,Alfa Romeo,YTD,M,7555,2024-02,1709164800000
2024-02-29,EU + EFTA + UK,Alpine,TTM,M,5550,2024-02,1709164800000
2024-02-29,EU + EFTA + UK,Alpine,UNITS,M,300,2024-02,1709164800000
2024-02-29,EU + EFTA + UK,Alpine,YTD,M,511,2024-02,1709164800000
2024-02-29,EU + EFTA + UK,Audi,TTM,M,818651,2024-02,1709164800000
2024-02-29,EU + EFTA + UK,Audi,UNITS,M,45927,2024-02,1709164800000
2024-02-29,EU + EFTA + UK,Audi,YTD,M,99291,2024-02,1709164800000
2024-02-29,EU + EFTA + UK,BMW,TTM,M,806016,2024-02,1709164800000
2024-02-29,EU + EFTA + UK,BMW,UNITS,M,54999,2024-02,1709164800000
2024-02-29,EU + EFTA + UK,BMW,YTD,M,115846,2024-02,1709164800000
2024-02-29,EU + EFTA + UK,BMW Group,TTM,M,1013119,2024-02,1709164800000
2024-02-29,EU + EFTA + UK,BMW Group,UNITS,M,65812,2024-02,1709164800000
2024-02-29,EU + EFTA + UK,BMW Group,YTD,M,138132,2024-02,1709164800000
2024-02-29,EU + EFTA + UK,Citroen,TTM,M,426164,2024-02,1709164800000
2024-02-29,EU + EFTA + UK,Citroen,UNITS,M,36661,2024-02,1709164800000
2024-02-29,EU + EFTA + UK,Citroen,YTD,M,69319,2024-02,1709164800000
2024-02-29,EU + EFTA + UK,Cupra,TTM,M,223052,2024-02,1709164800000
2024-02-29,EU + EFTA + UK,Cupra,UNITS,M,15418,2024-02,1709164800000
2024-02-29,EU + EFTA + UK,Cupra,YTD,M,28728,2024-02,1709164800000
2024-02-29,EU + EFTA + UK,DS,TTM,M,58141,2024-02,1709164800000
2024-02-29,EU + EFTA + UK,DS,UNITS,M,3539,2024-02,1709164800000
2024-02-29,EU + EFTA + UK,DS,YTD,M,7256,2024-02,1709164800000
2024-02-29,EU + EFTA + UK,Dacia,TTM,M,633498,2024-02,1709164800000
2024-02-29,EU + EFTA + UK,Dacia,UNITS,M,46832,2024-02,1709164800000
2024-02-29,EU + EFTA + UK,Dacia,YTD,M,98498,2024-02,1709164800000
2024-02-29,EU + EFTA + UK,Fiat,TTM,M,414110,2024-02,1709164800000
2024-02-29,EU + EFTA + UK,Fiat,UNITS,M,34116,2024-02,1709164800000
2024-02-29,EU + EFTA + UK,Fiat,YTD,M,63766,2024-02,1709164800000
2024-02-29,EU + EFTA + UK,Ford,TTM,M,577108,2024-02,1709164800000
2024-02-29,EU + EFTA + UK,Ford,UNITS,M,32810,2024-02,1709164800000
2024-02-29,EU + EFTA + UK,Ford,YTD,M,68698,2024-02,1709164800000
2024-02-29,EU + EFTA + UK,Honda,TTM,M,64081,2024-02,1709164800000
2024-02-29,EU + EFTA + UK,Honda,UNITS,M,5413,2024-02,1709164800000
2024-02-29,EU + EFTA + UK,Honda,YTD,M,11377,2024-02,1709164800000
2024-02-29,EU + EFTA + UK,Hyundai,TTM,M,594236,2024-02,1709164800000
2024-02-29,EU + EFTA + UK,Hyundai,UNITS,M,40093,2024-02,1709164800000
2024-02-29,EU + EFTA + UK,Hyundai,YTD,M,81896,2024-02,1709164800000
2024-02-29,EU + EFTA + UK,Hyundai Group,TTM,M,1217589,2024-02,1709164800000
2024-02-29,EU + EFTA + UK,Hyundai Group,UNITS,M,79172,2024-02,1709164800000
2024-02-29,EU + EFTA + UK,Hyundai Group,YTD,M,165712,2024-02,1709164800000
2024-02-29,EU + EFTA + UK,Jaguar,TTM,M,29389,2024-02,1709164800000
2024-02-29,EU + EFTA + UK,Jaguar,UNITS,M,1312,2024-02,1709164800000
2024-02-29,EU + EFTA + UK,Jaguar,YTD,M,3167,2024-02,1709164800000
2024-02-29,EU + EFTA + UK,Jaguar Land Rover Group,TTM,M,167779,2024-02,1709164800000
2024-02-29,EU + EFTA + UK,Jaguar Land Rover Group,UNITS,M,8020,2024-02,1709164800000
2024-02-29,EU + EFTA + UK,Jaguar Land Rover Group,YTD,M,20226,2024-02,1709164800000
2024-02-29,EU + EFTA + UK,Jeep,TTM,M,140567,2024-02,1709164800000
2024-02-29,EU + EFTA + UK,Jeep,UNITS,M,11271,2024-02,1709164800000
2024-02-29,EU + EFTA + UK,Jeep,YTD,M,23425,2024-02,1709164800000
2024-02-29,EU + EFTA + UK,Kia,TTM,M,623353,2024-02,1709164800000
2024-02-29,EU + EFTA + UK,Kia,UNITS,M,39079,2024-02,1709164800000
2024-02-29,EU + EFTA + UK,Kia,YTD,M,83816,2024-02,1709164800000
2024-02-29,EU + EFTA + UK,Lancia/Chrysler,TTM,M,53109,2024-02,1709164800000
2024-02-29,EU + EFTA + UK,Lancia/Chrysler,UNITS,M,4172,2024-02,1709164800000
2024-02-29,EU + EFTA + UK,Lancia/Chrysler,YTD,M,8098,2024-02,1709164800000
2024-02-29,EU + EFTA + UK,Land Rover,TTM,M,138390,2024-02,1709164800000
2024-02-29,EU + EFTA + UK,Land Rover,UNITS,M,6708,2024-02,1709164800000
2024-02-29,EU + EFTA + UK,Land Rover,YTD,M,17059,2024-02,1709164800000
2024-02-29,EU + EFTA + UK,Lexus,TTM,M,69524,2024-02,1709164800000
2024-02-29,EU + EFTA + UK,Lexus,UNITS,M,4843,2024-02,1709164800000
2024-02-29,EU + EFTA + UK,Lexus,YTD,M,10039,2024-02,1709164800000
2024-02-29,EU + EFTA + UK,Mazda,TTM,M,204643,2024-02,1709164800000
2024-02-29,EU + EFTA + UK,Mazda,UNITS,M,12311,2024-02,1709164800000
2024-02-29,EU + EFTA + UK,Mazda,YTD,M,24917,2024-02,1709164800000
2024-02-29,EU + EFTA + UK,Mercedes,TTM,M,727940,2024-02,1709164800000
2024-02-29,EU + EFTA + UK,Mercedes,UNITS,M,46818,2024-02,1709164800000
2024-02-29,EU + EFTA + UK,Mercedes,YTD,M,88045,2024-02,1709164800000
2024-02-29,EU + EFTA + UK,Mercedes-Benz,TTM,M,756528,2024-02,1709164800000
2024-02-29,EU + EFTA + UK,Mercedes-Benz,UNITS,M,48911,2024-02,1709164800000
2024-02-29,EU + EFTA + UK,Mercedes-Benz,YTD,M,92507,2024-02,1709164800000
2024-02-29,EU + EFTA + UK,Mini,TTM,M,207103,2024-02,1709164800000
2024-02-29,EU + EFTA + UK,Mini,UNITS,M,10813,2024-02,1709164800000
2024-02-29,EU + EFTA + UK,Mini,YTD,M,22286,2024-02,1709164800000
2024-02-29,EU + EFTA + UK,Mitsubishi,TTM,M,52681,2024-02,1709164800000
2024-02-29,EU + EFTA + UK,Mitsubishi,UNITS,M,5837,2024-02,1709164800000
2024-02-29,EU + EFTA + UK,Mitsubishi,YTD,M,10748,2024-02,1709164800000
2024-02-29,EU + EFTA + UK,Nissan,TTM,M,345722,2024-02,1709164800000
2024-02-29,EU + EFTA + UK,Nissan,UNITS,M,24055,2024-02,1709164800000
2024-02-29,EU + EFTA + UK,Nissan,YTD,M,51267,2024-02,1709164800000
2024-02-29,EU + EFTA + UK,Opel/Vauxhall,TTM,M,534957,2024-02,1709164800000
2024-02-29,EU + EFTA + UK,Opel/Vauxhall,UNITS,M,34250,2024-02,1709164800000
2024-02-29,EU + EFTA + UK,Opel/Vauxhall,YTD,M,73605,2024-02,1709164800000
2024-02-29,EU + EFTA + UK,Peugeot,TTM,M,757529,2024-02,1709164800000
2024-02-29,EU + EFTA + UK,Peugeot,UNITS,M,58094,2024-02,1709164800000
2024-02-29,EU + EFTA + UK,Peugeot,YTD,M,115484,2024-02,1709164800000
2024-02-29,EU + EFTA + UK,Porsche,TTM,M,113100,2024-02,1709164800000
2024-02-29,EU + EFTA + UK,Porsche,UNITS,M,9486,2024-02,1709164800000
2024-02-29,EU + EFTA + UK,Porsche,YTD,M,18524,2024-02,1709164800000
2024-02-29,EU + EFTA + UK,Renault,TTM,M,811078,2024-02,1709164800000
2024-02-29,EU + EFTA + UK,Renault,UNITS,M,49521,2024-02,1709164800000
2024-02-29,EU + EFTA + UK,Renault,YTD,M,90541,2024-02,1709164800000
2024-02-29,EU + EFTA + UK,Renault Group,TTM,M,1450126,2024-02,1709164800000
2024-02-29,EU + EFTA + UK,Renault Group,UNITS,M,96653,2024-02,1709164800000
2024-02-29,EU + EFTA + UK,Renault Group,YTD,M,189550,2024-02,1709164800000
2024-02-29,EU + EFTA + UK,SAIC Motor,TTM,M,281727,2024-02,1709164800000
2024-02-29,EU + EFTA + UK,SAIC Motor,UNITS,M,15804,2024-02,1709164800000
2024-02-29,EU + EFTA + UK,SAIC Motor,YTD,M,32611,2024-02,1709164800000
2024-02-29,EU + EFTA + UK,Seat,TTM,M,284785,2024-02,1709164800000
2024-02-29,EU + EFTA + UK,Seat,UNITS,M,21884,2024-02,1709164800000
2024-02-29,EU + EFTA + UK,Seat,YTD,M,41946,2024-02,1709164800000
2024-02-29,EU + EFTA + UK,Skoda,TTM,M,738841,2024-02,1709164800000
2024-02-29,EU + EFTA + UK,Skoda,UNITS,M,58854,2024-02,1709164800000
2024-02-29,EU + EFTA + UK,Skoda,YTD,M,120441,2024-02,1709164800000
2024-02-29,EU + EFTA + UK,Smart,TTM,M,28588,2024-02,1709164800000
2024-02-29,EU + EFTA + UK,Smart,UNITS,M,2093,2024-02,1709164800000
2024-02-29,EU + EFTA + UK,Smart,YTD,M,4462,2024-02,1709164800000
2024-02-29,EU + EFTA + UK,Stellantis,TTM,M,2454815,2024-02,1709164800000
2024-02-29,EU + EFTA + UK,Stellantis,UNITS,M,186151,2024-02,1709164800000
2024-02-29,EU + EFTA + UK,Stellantis,YTD,M,369470,2024-02,1709164800000
2024-02-29,EU + EFTA + UK,Suzuki,TTM,M,206383,2024-02,1709164800000
2024-02-29,EU + EFTA + UK,Suzuki,UNITS,M,18584,2024-02,1709164800000
2024-02-29,EU + EFTA + UK,Suzuki,YTD,M,34396,2024-02,1709164800000
2024-02-29,EU + EFTA + UK,Tesla,TTM,M,530416,2024-02,1709164800000
2024-02-29,EU + EFTA + UK,Tesla,UNITS,M,28182,2024-02,1709164800000
2024-02-29,EU + EFTA + UK,Tesla,YTD,M,46343,2024-02,1709164800000
2024-02-29,EU + EFTA + UK,Toyota,TTM,M,911364,2024-02,1709164800000
2024-02-29,EU + EFTA + UK,Toyota,UNITS,M,70595,2024-02,1709164800000
2024-02-29,EU + EFTA + UK,Toyota,YTD,M,149356,2024-02,1709164800000
2024-02-29,EU + EFTA + UK,Toyota Group,TTM,M,980888,2024-02,1709164800000
2024-02-29,EU + EFTA + UK,Toyota Group,UNITS,M,75438,2024-02,1709164800000
2024-02-29,EU + EFTA + UK,Toyota Group,YTD,M,159395,2024-02,1709164800000
2024-02-29,EU + EFTA + UK,Volkswagen,TTM,M,1536344,2024-02,1709164800000
2024-02-29,EU + EFTA + UK,Volkswagen,UNITS,M,96562,2024-02,1709164800000
2024-02-29,EU + EFTA + UK,Volkswagen,YTD,M,193379,2024-02,1709164800000
2024-02-29,EU + EFTA + UK,Volkswagen Group,TTM,M,3725359,2024-02,1709164800000
2024-02-29,EU + EFTA + UK,Volkswagen Group,UNITS,M,248647,2024-02,1709164800000
2024-02-29,EU + EFTA + UK,Volkswagen Group,YTD,M,503487,2024-02,1709164800000
2024-02-29,EU + EFTA + UK,Volvo Cars,TTM,M,327464,2024-02,1709164800000
2024-02-29,EU + EFTA + UK,Volvo Cars,UNITS,M,27681,2024-02,1709164800000
2024-02-29,EU + EFTA + UK,Volvo Cars,YTD,M,53613,2024-02,1709164800000
2024-02-29,European Union (EU),Alfa Romeo,TTM,M,49973,2024-02,1709164800000
2024-02-29,European Union (EU),Alfa Romeo,UNITS,M,3446,2024-02,1709164800000
2024-02-29,European Union (EU),Alfa Romeo,YTD,M,7242,2024-02,1709164800000
2024-02-29,European Union (EU),Alpine,TTM,M,3968,2024-02,1709164800000
2024-02-29,European Union (EU),Alpine,UNITS,M,278,2024-02,1709164800000
2024-02-29,European Union (EU),Alpine,YTD,M,442,2024-02,1709164800000
2024-02-29,European Union (EU),Audi,TTM,M,591494,2024-02,1709164800000
2024-02-29,European Union (EU),Audi,UNITS,M,39454,2024-02,1709164800000
2024-02-29,European Union (EU),Audi,YTD,M,82615,2024-02,1709164800000
2024-02-29,European Union (EU),BMW,TTM,M,623328,2024-02,1709164800000
2024-02-29,European Union (EU),BMW,UNITS,M,47165,2024-02,1709164800000
2024-02-29,European Union (EU),BMW,YTD,M,95456,2024-02,1709164800000
2024-02-29,European Union (EU),BMW Group,TTM,M,762159,2024-02,1709164800000
2024-02-29,European Union (EU),BMW Group,UNITS,M,55302,2024-02,1709164800000
2024-02-29,European Union (EU),BMW Group,YTD,M,111136,2024-02,1709164800000
2024-02-29,European Union (EU),Citroen,TTM,M,362292,2024-02,1709164800000
2024-02-29,European Union (EU),Citroen,UNITS,M,34264,2024-02,1709164800000
2024-02-29,European Union (EU),Citroen,YTD,M,64272,2024-02,1709164800000
2024-02-29,European Union (EU),Cupra,TTM,M,179278,2024-02,1709164800000
2024-02-29,European Union (EU),Cupra,UNITS,M,13763,2024-02,1709164800000
2024-02-29,European Union (EU),Cupra,YTD,M,25033,2024-02,1709164800000
2024-02-29,European Union (EU),DS,TTM,M,46416,2024-02,1709164800000
2024-02-29,European Union (EU),DS,UNITS,M,3434,2024-02,1709164800000
2024-02-29,European Union (EU),DS,YTD,M,7012,2024-02,1709164800000
2024-02-29,European Union (EU),Dacia,TTM,M,537701,2024-02,1709164800000
2024-02-29,European Union (EU),Dacia,UNITS,M,44702,2024-02,1709164800000
2024-02-29,European Union (EU),Dacia,YTD,M,93773,2024-02,1709164800000
2024-02-29,European Union (EU),Fiat,TTM,M,375473,2024-02,1709164800000
2024-02-29,European Union (EU),Fiat,UNITS,M,32693,2024-02,1709164800000
2024-02-29,European Union (EU),Fiat,YTD,M,60900,2024-02,1709164800000
2024-02-29,European Union (EU),Ford,TTM,M,366765,2024-02,1709164800000
2024-02-29,European Union (EU),Ford,UNITS,M,26341,2024-02,1709164800000
2024-02-29,European Union (EU),Ford,YTD,M,51962,2024-02,1709164800000
2024-02-29,European Union (EU),Honda,TTM,M,38572,2024-02,1709164800000
2024-02-29,European Union (EU),Honda,UNITS,M,3316,2024-02,1709164800000
2024-02-29,European Union (EU),Honda,YTD,M,9006,2024-02,1709164800000
2024-02-29,European Union (EU),Hyundai,TTM,M,451943,2024-02,1709164800000
2024-02-29,European Union (EU),Hyundai,UNITS,M,35315,2024-02,1709164800000
2024-02-29,European Union (EU),Hyundai,YTD,M,70113,2024-02,1709164800000
2024-02-29,European Union (EU),Hyundai Group,TTM,M,910454,2024-02,1709164800000
2024-02-29,European Union (EU),Hyundai Group,UNITS,M,69397,2024-02,1709164800000
2024-02-29,European Union (EU),Hyundai Group,YTD,M,138113,2024-02,1709164800000
2024-02-29,European Union (EU),Jaguar,TTM,M,10588,2024-02,1709164800000
2024-02-29,European Union (EU),Jaguar,UNITS,M,550,2024-02,1709164800000
2024-02-29,European Union (EU),Jaguar,YTD,M,1063,2024-02,1709164800000
2024-02-29,European Union (EU),Jaguar Land Rover Group,TTM,M,72273,2024-02,1709164800000
2024-02-29,European Union (EU),Jaguar Land Rover Group,UNITS,M,5249,2024-02,1709164800000
2024-02-29,European Union (EU),Jaguar Land Rover Group,YTD,M,10707,2024-02,1709164800000
2024-02-29,European Union (EU),Jeep,TTM,M,129883,2024-02,1709164800000
2024-02-29,European Union (EU),Jeep,UNITS,M,10725,2024-02,1709164800000
2024-02-29,European Union (EU),Jeep,YTD,M,22173,2024-02,1709164800000
2024-02-29,European Union (EU),Kia,TTM,M,458511,2024-02,1709164800000
2024-02-29,European Union (EU),Kia,UNITS,M,34082,2024-02,1709164800000
2024-02-29,European Union (EU),Kia,YTD,M,68000,2024-02,1709164800000
2024-02-29,European Union (EU),Lancia/Chrysler,TTM,M,49284,2024-02,1709164800000
2024-02-29,European Union (EU),Lancia/Chrysler,UNITS,M,4172,2024-02,1709164800000
2024-02-29,European Union (EU),Lancia/Chrysler,YTD,M,8098,2024-02,1709164800000
2024-02-29,European Union (EU),Land Rover,TTM,M,61685,2024-02,1709164800000
2024-02-29,European Union (EU),Land Rover,UNITS,M,4699,2024-02,1709164800000
2024-02-29,European Union (EU),Land Rover,YTD,M,9644,2024-02,1709164800000
2024-02-29,European Union (EU),Lexus,TTM,M,44600,2024-02,1709164800000
2024-02-29,European Union (EU),Lexus,UNITS,M,4230,2024-02,1709164800000
2024-02-29,European Union (EU),Lexus,YTD,M,8623,2024-02,1709164800000
2024-02-29,European Union (EU),Mazda,TTM,M,153111,2024-02,1709164800000
2024-02-29,European Union (EU),Mazda,UNITS,M,11028,2024-02,1709164800000
2024-02-29,European Union (EU),Mazda,YTD,M,21338,2024-02,1709164800000
2024-02-29,European Union (EU),Mercedes,TTM,M,575956,2024-02,1709164800000
2024-02-29,European Union (EU),Mercedes,UNITS,M,42194,2024-02,1709164800000
2024-02-29,European Union (EU),Mercedes,YTD,M,77028,2024-02,1709164800000
2024-02-29,European Union (EU),Mercedes-Benz,TTM,M,603300,2024-02,1709164800000
2024-02-29,European Union (EU),Mercedes-Benz,UNITS,M,44128,2024-02,1709164800000
2024-02-29,European Union (EU),Mercedes-Benz,YTD,M,81216,2024-02,1709164800000
2024-02-29,European Union (EU),Mini,TTM,M,138831,2024-02,1709164800000
2024-02-29,European Union (EU),Mini,UNITS,M,8137,2024-02,1709164800000
2024-02-29,European Union (EU),Mini,YTD,M,15680,2024-02,1709164800000
2024-02-29,European Union (EU),Mitsubishi,TTM,M,46478,2024-02,1709164800000
2024-02-29,European Union (EU),Mitsubishi,UNITS,M,5552,2024-02,1709164800000
2024-02-29,European Union (EU),Mitsubishi,YTD,M,10269,2024-02,1709164800000
2024-02-29,European Union (EU),Nissan,TTM,M,218250,2024-02,1709164800000
2024-02-29,European Union (EU),Nissan,UNITS,M,19220,2024-02,1709164800000
2024-02-29,European Union (EU),Nissan,YTD,M,37228,2024-02,1709164800000
2024-02-29,European Union (EU),Opel/Vauxhall,TTM,M,369813,2024-02,1709164800000
2024-02-29,European Union (EU),Opel/Vauxhall,UNITS,M,29211,2024-02,1709164800000
2024-02-29,European Union (EU),Opel/Vauxhall,YTD,M,59707,2024-02,1709164800000
2024-02-29,European Union (EU),Peugeot,TTM,M,605963,2024-02,1709164800000
2024-02-29,European Union (EU),Peugeot,UNITS,M,54162,2024-02,1709164800000
2024-02-29,European Union (EU),Peugeot,YTD,M,104968,2024-02,1709164800000
2024-02-29,European Union (EU),Porsche,TTM,M,75687,2024-02,1709164800000
2024-02-29,European Union (EU),Porsche,UNITS,M,8459,2024-02,1709164800000
2024-02-29,European Union (EU),Porsche,YTD,M,15755,2024-02,1709164800000
2024-02-29,European Union (EU),Renault,TTM,M,647461,2024-02,1709164800000
2024-02-29,European Union (EU),Renault,UNITS,M,46703,2024-02,1709164800000
2024-02-29,European Union (EU),Renault,YTD,M,83501,2024-02,1709164800000
2024-02-29,European Union (EU),Renault Group,TTM,M,1189130,2024-02,1709164800000
2024-02-29,European Union (EU),Renault Group,UNITS,M,91683,2024-02,1709164800000
2024-02-29,European Union (EU),Renault Group,YTD,M,177716,2024-02,1709164800000
2024-02-29,European Union (EU),SAIC Motor,TTM,M,158459,2024-02,1709164800000
2024-02-29,European Union (EU),SAIC Motor,UNITS,M,11891,2024-02,1709164800000
2024-02-29,European Union (EU),SAIC Motor,YTD,M,21685,2024-02,1709164800000
2024-02-29,European Union (EU),Seat,TTM,M,221589,2024-02,1709164800000
2024-02-29,European Union (EU),Seat,UNITS,M,19187,2024-02,1709164800000
2024-02-29,European Union (EU),Seat,YTD,M,36287,2024-02,1709164800000
2024-02-29,European Union (EU),Skoda,TTM,M,615763,2024-02,1709164800000
2024-02-29,European Union (EU),Skoda,UNITS,M,53522,2024-02,1709164800000
2024-02-29,European Union (EU),Skoda,YTD,M,108481,2024-02,1709164800000
2024-02-29,European Union (EU),Smart,TTM,M,27344,2024-02,1709164800000
2024-02-29,European Union (EU),Smart,UNITS,M,1934,2024-02,1709164800000
2024-02-29,European Union (EU),Smart,YTD,M,4188,2024-02,1709164800000
2024-02-29,European Union (EU),Stellantis,TTM,M,1996510,2024-02,1709164800000
2024-02-29,European Union (EU),Stellantis,UNITS,M,172514,2024-02,1709164800000
2024-02-29,European Union (EU),Stellantis,YTD,M,335219,2024-02,1709164800000
2024-02-29,European Union (EU),Suzuki,TTM,M,170571,2024-02,1709164800000
2024-02-29,European Union (EU),Suzuki,UNITS,M,17150,2024-02,1709164800000
2024-02-29,European Union (EU),Suzuki,YTD,M,31172,2024-02,1709164800000
2024-02-29,European Union (EU),Tesla,TTM,M,305669,2024-02,1709164800000
2024-02-29,European Union (EU),Tesla,UNITS,M,22181,2024-02,1709164800000
2024-02-29,European Union (EU),Tesla,YTD,M,37311,2024-02,1709164800000
2024-02-29,European Union (EU),Toyota,TTM,M,724074,2024-02,1709164800000
2024-02-29,European Union (EU),Toyota,UNITS,M,65298,2024-02,1709164800000
2024-02-29,European Union (EU),Toyota,YTD,M,136640,2024-02,1709164800000
2024-02-29,European Union (EU),Toyota Group,TTM,M,768674,2024-02,1709164800000
2024-02-29,European Union (EU),Toyota Group,UNITS,M,69528,2024-02,1709164800000
2024-02-29,European Union (EU),Toyota Group,YTD,M,145263,2024-02,1709164800000
2024-02-29,European Union (EU),Volkswagen,TTM,M,1175167,2024-02,1709164800000
2024-02-29,European Union (EU),Volkswagen,UNITS,M,86548,2024-02,1709164800000
2024-02-29,European Union (EU),Volkswagen,YTD,M,170059,2024-02,1709164800000
2024-02-29,European Union (EU),Volkswagen Group,TTM,M,2865493,2024-02,1709164800000
2024-02-29,European Union (EU),Volkswagen Group,UNITS,M,221379,2024-02,1709164800000
2024-02-29,European Union (EU),Volkswagen Group,YTD,M,439148,2024-02,1709164800000
2024-02-29,European Union (EU),Volvo Cars,TTM,M,242054,2024-02,1709164800000
2024-02-29,European Union (EU),Volvo Cars,UNITS,M,24304,2024-02,1709164800000
2024-02-29,European Union (EU),Volvo Cars,YTD,M,45348,2024-02,1709164800000
2024-03-31,EU + EFTA + UK,Alfa Romeo,TTM,M,59404,2024-03,1711843200000
2024-03-31,EU + EFTA + UK,Alfa Romeo,UNITS,M,5039,2024-03,1711843200000
2024-03-31,EU + EFTA + UK,Alfa Romeo,YTD,M,12594,2024-03,1711843200000
2024-03-31,EU + EFTA + UK,Alpine,TTM,M,5820,2024-03,1711843200000
2024-03-31,EU + EFTA + UK,Alpine,UNITS,M,466,2024-03,1711843200000
2024-03-31,EU + EFTA + UK,Alpine,YTD,M,977,2024-03,1711843200000
2024-03-31,EU + EFTA + UK,Audi,TTM,M,802106,2024-03,1711843200000
2024-03-31,EU + EFTA + UK,Audi,UNITS,M,64964,2024-03,1711843200000
2024-03-31,EU + EFTA + UK,Audi,YTD,M,164255,2024-03,1711843200000
2024-03-31,EU + EFTA + UK,BMW,TTM,M,812032,2024-03,1711843200000
2024-03-31,EU + EFTA + UK,BMW,UNITS,M,80647,2024-03,1711843200000
2024-03-31,EU + EFTA + UK,BMW,YTD,M,196493,2024-03,1711843200000
2024-03-31,EU + EFTA + UK,BMW Group,TTM,M,1012494,2024-03,1711843200000
2024-03-31,EU + EFTA + UK,BMW Group,UNITS,M,97221,2024-03,1711843200000
2024-03-31,EU + EFTA + UK,BMW Group,YTD,M,235353,2024-03,1711843200000
2024-03-31,EU + EFTA + UK,Citroen,TTM,M,424715,2024-03,1711843200000
2024-03-31,EU + EFTA + UK,Citroen,UNITS,M,45486,2024-03,1711843200000
2024-03-31,EU + EFTA + UK,Citroen,YTD,M,114805,2024-03,1711843200000
2024-03-31,EU + EFTA + UK,Cupra,TTM,M,223547,2024-03,1711843200000
2024-03-31,EU + EFTA + UK,Cupra,UNITS,M,20415,2024-03,1711843200000
2024-03-31,EU + EFTA + UK,Cupra,YTD,M,49143,2024-03,1711843200000
2024-03-31,EU + EFTA + UK,DS,TTM,M,56747,2024-03,1711843200000
2024-03-31,EU + EFTA + UK,DS,UNITS,M,4279,2024-03,1711843200000
2024-03-31,EU + EFTA + UK,DS,YTD,M,11535,2024-03,1711843200000
2024-03-31,EU + EFTA + UK,Dacia,TTM,M,632321,2024-03,1711843200000
2024-03-31,EU + EFTA + UK,Dacia,UNITS,M,52988,2024-03,1711843200000
2024-03-31,EU + EFTA + UK,Dacia,YTD,M,151486,2024-03,1711843200000
2024-03-31,EU + EFTA + UK,Fiat,TTM,M,410600,2024-03,1711843200000
2024-03-31,EU + EFTA + UK,Fiat,UNITS,M,37566,2024-03,1711843200000
2024-03-31,EU + EFTA + UK,Fiat,YTD,M,101332,2024-03,1711843200000
2024-03-31,EU + EFTA + UK,Ford,TTM,M,563771,2024-03,1711843200000
2024-03-31,EU + EFTA + UK,Ford,UNITS,M,48203,2024-03,1711843200000
2024-03-31,EU + EFTA + UK,Ford,YTD,M,116901,2024-03,1711843200000
2024-03-31,EU + EFTA + UK,Honda,TTM,M,69059,2024-03,1711843200000
2024-03-31,EU + EFTA + UK,Honda,UNITS,M,12753,2024-03,1711843200000
2024-03-31,EU + EFTA + UK,Honda,YTD,M,24130,2024-03,1711843200000
2024-03-31,EU + EFTA + UK,Hyundai,TTM,M,591176,2024-03,1711843200000
2024-03-31,EU + EFTA + UK,Hyundai,UNITS,M,53236,2024-03,1711843200000
2024-03-31,EU + EFTA + UK,Hyundai,YTD,M,135132,2024-03,1711843200000
2024-03-31,EU + EFTA + UK,Hyundai Group,TTM,M,1210811,2024-03,1711843200000
2024-03-31,EU + EFTA + UK,Hyundai Group,UNITS,M,112571,2024-03,1711843200000
2024-03-31,EU + EFTA + UK,Hyundai Group,YTD,M,278283,2024-03,1711843200000
2024-03-31,EU + EFTA + UK,Jaguar,TTM,M,31619,2024-03,1711843200000
2024-03-31,EU + EFTA + UK,Jaguar,UNITS,M,5510,2024-03,1711843200000
2024-03-31,EU + EFTA + UK,Jaguar,YTD,M,8677,2024-03,1711843200000
2024-03-31,EU + EFTA + UK,Jaguar Land Rover Group,TTM,M,170798,2024-03,1711843200000
2024-03-31,EU + EFTA + UK,Jaguar Land Rover Group,UNITS,M,24710,2024-03,1711843200000
2024-03-31,EU + EFTA + UK,Jaguar Land Rover Group,YTD,M,44936,2024-03,1711843200000
2024-03-31,EU + EFTA + UK,Jeep,TTM,M,141619,2024-03,1711843200000
2024-03-31,EU + EFTA + UK,Jeep,UNITS,M,13582,2024-03,1711843200000
2024-03-31,EU + EFTA + UK,Jeep,YTD,M,37007,2024-03,1711843200000
2024-03-31,EU + EFTA + UK,Kia,TTM,M,619635,2024-03,1711843200000
2024-03-31,EU + EFTA + UK,Kia,UNITS,M,59335,2024-03,1711843200000
2024-03-31,EU + EFTA + UK,Kia,YTD,M,143151,2024-03,1711843200000
2024-03-31,EU + EFTA + UK,Lancia/Chrysler,TTM,M,52917,2024-03,1711843200000
2024-03-31,EU + EFTA + UK,Lancia/Chrysler,UNITS,M,4890,2024-03,1711843200000
2024-03-31,EU + EFTA + UK,Lancia/Chrysler,YTD,M,12988,2024-03,1711843200000
2024-03-31,EU + EFTA + UK,Land Rover,TTM,M,139179,2024-03,1711843200000
2024-03-31,EU + EFTA + UK,Land Rover,UNITS,M,19200,2024-03,1711843200000
2024-03-31,EU + EFTA + UK,Land Rover,YTD,M,36259,2024-03,1711843200000
2024-03-31,EU + EFTA + UK,Lexus,TTM,M,72066,2024-03,1711843200000
2024-03-31,EU + EFTA + UK,Lexus,UNITS,M,7065,2024-03,1711843200000
2024-03-31,EU + EFTA + UK,Lexus,YTD,M,17104,2024-03,1711843200000
2024-03-31,EU + EFTA + UK,Mazda,TTM,M,201217,2024-03,1711843200000
2024-03-31,EU + EFTA + UK,Mazda,UNITS,M,20235,2024-03,1711843200000
2024-03-31,EU + EFTA + UK,Mazda,YTD,M,45152,2024-03,1711843200000
2024-03-31,EU + EFTA + UK,Mercedes,TTM,M,730473,2024-03,1711843200000
2024-03-31,EU + EFTA + UK,Mercedes,UNITS,M,79488,2024-03,1711843200000
2024-03-31,EU + EFTA + UK,Mercedes,YTD,M,167533,2024-03,1711843200000
2024-03-31,EU + EFTA + UK,Mercedes-Benz,TTM,M,759299,2024-03,1711843200000
2024-03-31,EU + EFTA + UK,Mercedes-Benz,UNITS,M,82291,2024-03,1711843200000
2024-03-31,EU + EFTA + UK,Mercedes-Benz,YTD,M,174798,2024-03,1711843200000
2024-03-31,EU + EFTA + UK,Mini,TTM,M,200462,2024-03,1711843200000
2024-03-31,EU + EFTA + UK,Mini,UNITS,M,16574,2024-03,1711843200000
2024-03-31,EU + EFTA + UK,Mini,YTD,M,38860,2024-03,1711843200000
2024-03-31,EU + EFTA + UK,Mitsubishi,TTM,M,60488,2024-03,1711843200000
2024-03-31,EU + EFTA + UK,Mitsubishi,UNITS,M,11586,2024-03,1711843200000
2024-03-31,EU + EFTA + UK,Mitsubishi,YTD,M,22334,2024-03,1711843200000
2024-03-31,EU + EFTA + UK,Nissan,TTM,M,353850,2024-03,1711843200000
2024-03-31,EU + EFTA + UK,Nissan,UNITS,M,51722,2024-03,1711843200000
2024-03-31,EU + EFTA + UK,Nissan,YTD,M,102989,2024-03,1711843200000
2024-03-31,EU + EFTA + UK,Opel/Vauxhall,TTM,M,529569,2024-03,1711843200000
2024-03-31,EU + EFTA + UK,Opel/Vauxhall,UNITS,M,48432,2024-03,1711843200000
2024-03-31,EU + EFTA + UK,Opel/Vauxhall,YTD,M,122037,2024-03,1711843200000
2024-03-31,EU + EFTA + UK,Peugeot,TTM,M,747497,2024-03,1711843200000
2024-03-31,EU + EFTA + UK,Peugeot,UNITS,M,68772,2024-03,1711843200000
2024-03-31,EU + EFTA + UK,Peugeot,YTD,M,184256,2024-03,1711843200000
2024-03-31,EU + EFTA + UK,Porsche,TTM,M,114336,2024-03,1711843200000
2024-03-31,EU + EFTA + UK,Porsche,UNITS,M,12685,2024-03,1711843200000
2024-03-31,EU + EFTA + UK,Porsche,YTD,M,31209,2024-03,1711843200000
2024-03-31,EU + EFTA + UK,Renault,TTM,M,815262,2024-03,1711843200000
2024-03-31,EU + EFTA + UK,Renault,UNITS,M,70175,2024-03,1711843200000
2024-03-31,EU + EFTA + UK,Renault,YTD,M,160716,2024-03,1711843200000
2024-03-31,EU + EFTA + UK,Renault Group,TTM,M,1453403,2024-03,1711843200000
2024-03-31,EU + EFTA + UK,Renault Group,UNITS,M,123629,2024-03,1711843200000
2024-03-31,EU + EFTA + UK,Renault Group,YTD,M,313179,2024-03,1711843200000
2024-03-31,EU + EFTA + UK,SAIC Motor,TTM,M,283964,2024-03,1711843200000
2024-03-31,EU + EFTA + UK,SAIC Motor,UNITS,M,26189,2024-03,1711843200000
2024-03-31,EU + EFTA + UK,SAIC Motor,YTD,M,58800,2024-03,1711843200000
2024-03-31,EU + EFTA + UK,Seat,TTM,M,285019,2024-03,1711843200000
2024-03-31,EU + EFTA + UK,Seat,UNITS,M,28629,2024-03,1711843200000
2024-03-31,EU + EFTA + UK,Seat,YTD,M,70575,2024-03,1711843200000
2024-03-31,EU + EFTA + UK,Skoda,TTM,M,739377,2024-03,1711843200000
2024-03-31,EU + EFTA + UK,Skoda,UNITS,M,66764,2024-03,1711843200000
2024-03-31,EU + EFTA + UK,Skoda,YTD,M,187205,2024-03,1711843200000
2024-03-31,EU + EFTA + UK,Smart,TTM,M,28826,2024-03,1711843200000
2024-03-31,EU + EFTA + UK,Smart,UNITS,M,2803,2024-03,1711843200000
2024-03-31,EU + EFTA + UK,Smart,YTD,M,7265,2024-03,1711843200000
2024-03-31,EU + EFTA + UK,Stellantis,TTM,M,2432916,2024-03,1711843200000
2024-03-31,EU + EFTA + UK,Stellantis,UNITS,M,228774,2024-03,1711843200000
2024-03-31,EU + EFTA + UK,Stellantis,YTD,M,598244,2024-03,1711843200000
2024-03-31,EU + EFTA + UK,Suzuki,TTM,M,210696,2024-03,1711843200000
2024-03-31,EU + EFTA + UK,Suzuki,UNITS,M,24419,2024-03,1711843200000
2024-03-31,EU + EFTA + UK,Suzuki,YTD,M,58815,2024-03,1711843200000
2024-03-31,EU + EFTA + UK,Tesla,TTM,M,508487,2024-03,1711843200000
2024-03-31,EU + EFTA + UK,Tesla,UNITS,M,39684,2024-03,1711843200000
2024-03-31,EU + EFTA + UK,Tesla,YTD,M,86027,2024-03,1711843200000
2024-03-31,EU + EFTA + UK,Toyota,TTM,M,918470,2024-03,1711843200000
2024-03-31,EU + EFTA + UK,Toyota,UNITS,M,94884,2024-03,1711843200000
2024-03-31,EU + EFTA + UK,Toyota,YTD,M,244240,2024-03,1711843200000
2024-03-31,EU + EFTA + UK,Toyota Group,TTM,M,990536,2024-03,1711843200000
2024-03-31,EU + EFTA + UK,Toyota Group,UNITS,M,101949,2024-03,1711843200000
2024-03-31,EU + EFTA + UK,Toyota Group,YTD,M,261344,2024-03,1711843200000
2024-03-31,EU + EFTA + UK,Volkswagen,TTM,M,1528703,2024-03,1711843200000
2024-03-31,EU + EFTA + UK,Volkswagen,UNITS,M,130445,2024-03,1711843200000
2024-03-31,EU + EFTA + UK,Volkswagen,YTD,M,323824,2024-03,1711843200000
2024-03-31,EU + EFTA + UK,Volkswagen Group,TTM,M,3703450,2024-03,1711843200000
2024-03-31,EU + EFTA + UK,Volkswagen Group,UNITS,M,324897,2024-03,1711843200000
2024-03-31,EU + EFTA + UK,Volkswagen Group,YTD,M,828384,2024-03,1711843200000
2024-03-31,EU + EFTA + UK,Volvo Cars,TTM,M,336945,2024-03,1711843200000
2024-03-31,EU + EFTA + UK,Volvo Cars,UNITS,M,38593,2024-03,1711843200000
2024-03-31,EU + EFTA + UK,Volvo Cars,YTD,M,92206,2024-03,1711843200000
2024-03-31,European Union (EU),Alfa Romeo,TTM,M,49501,2024-03,1711843200000
2024-03-31,European Union (EU),Alfa Romeo,UNITS,M,4775,2024-03,1711843200000
2024-03-31,European Union (EU),Alfa Romeo,YTD,M,12017,2024-03,1711843200000
2024-03-31,European Union (EU),Alpine,TTM,M,4176,2024-03,1711843200000
2024-03-31,European Union (EU),Alpine,UNITS,M,353,2024-03,1711843200000
2024-03-31,European Union (EU),Alpine,YTD,M,795,2024-03,1711843200000
2024-03-31,European Union (EU),Audi,TTM,M,576102,2024-03,1711843200000
2024-03-31,European Union (EU),Audi,UNITS,M,44760,2024-03,1711843200000
2024-03-31,European Union (EU),Audi,YTD,M,127375,2024-03,1711843200000
2024-03-31,European Union (EU),BMW,TTM,M,624101,2024-03,1711843200000
2024-03-31,European Union (EU),BMW,UNITS,M,58135,2024-03,1711843200000
2024-03-31,European Union (EU),BMW,YTD,M,153591,2024-03,1711843200000
2024-03-31,European Union (EU),BMW Group,TTM,M,757491,2024-03,1711843200000
2024-03-31,European Union (EU),BMW Group,UNITS,M,67933,2024-03,1711843200000
2024-03-31,European Union (EU),BMW Group,YTD,M,179069,2024-03,1711843200000
2024-03-31,European Union (EU),Citroen,TTM,M,361569,2024-03,1711843200000
2024-03-31,European Union (EU),Citroen,UNITS,M,40344,2024-03,1711843200000
2024-03-31,European Union (EU),Citroen,YTD,M,104616,2024-03,1711843200000
2024-03-31,European Union (EU),Cupra,TTM,M,178955,2024-03,1711843200000
2024-03-31,European Union (EU),Cupra,UNITS,M,15890,2024-03,1711843200000
2024-03-31,European Union (EU),Cupra,YTD,M,40923,2024-03,1711843200000
2024-03-31,European Union (EU),DS,TTM,M,45255,2024-03,1711843200000
2024-03-31,European Union (EU),DS,UNITS,M,4070,2024-03,1711843200000
2024-03-31,European Union (EU),DS,YTD,M,11082,2024-03,1711843200000
2024-03-31,European Union (EU),Dacia,TTM,M,535924,2024-03,1711843200000
2024-03-31,European Union (EU),Dacia,UNITS,M,47214,2024-03,1711843200000
2024-03-31,European Union (EU),Dacia,YTD,M,140987,2024-03,1711843200000
2024-03-31,European Union (EU),Fiat,TTM,M,371893,2024-03,1711843200000
2024-03-31,European Union (EU),Fiat,UNITS,M,33606,2024-03,1711843200000
2024-03-31,European Union (EU),Fiat,YTD,M,94506,2024-03,1711843200000
2024-03-31,European Union (EU),Ford,TTM,M,357537,2024-03,1711843200000
2024-03-31,European Union (EU),Ford,UNITS,M,30502,2024-03,1711843200000
2024-03-31,European Union (EU),Ford,YTD,M,82464,2024-03,1711843200000
2024-03-31,European Union (EU),Honda,TTM,M,39988,2024-03,1711843200000
2024-03-31,European Union (EU),Honda,UNITS,M,4222,2024-03,1711843200000
2024-03-31,European Union (EU),Honda,YTD,M,13228,2024-03,1711843200000
2024-03-31,European Union (EU),Hyundai,TTM,M,448964,2024-03,1711843200000
2024-03-31,European Union (EU),Hyundai,UNITS,M,38224,2024-03,1711843200000
2024-03-31,European Union (EU),Hyundai,YTD,M,108337,2024-03,1711843200000
2024-03-31,European Union (EU),Hyundai Group,TTM,M,905377,2024-03,1711843200000
2024-03-31,European Union (EU),Hyundai Group,UNITS,M,78254,2024-03,1711843200000
2024-03-31,European Union (EU),Hyundai Group,YTD,M,216367,2024-03,1711843200000
2024-03-31,European Union (EU),Jaguar,TTM,M,10106,2024-03,1711843200000
2024-03-31,European Union (EU),Jaguar,UNITS,M,796,2024-03,1711843200000
2024-03-31,European Union (EU),Jaguar,YTD,M,1859,2024-03,1711843200000
2024-03-31,European Union (EU),Jaguar Land Rover Group,TTM,M,71209,2024-03,1711843200000
2024-03-31,European Union (EU),Jaguar Land Rover Group,UNITS,M,6072,2024-03,1711843200000
2024-03-31,European Union (EU),Jaguar Land Rover Group,YTD,M,16779,2024-03,1711843200000
2024-03-31,European Union (EU),Jeep,TTM,M,129978,2024-03,1711843200000
2024-03-31,European Union (EU),Jeep,UNITS,M,11862,2024-03,1711843200000
2024-03-31,European Union (EU),Jeep,YTD,M,34035,2024-03,1711843200000
2024-03-31,European Union (EU),Kia,TTM,M,456413,2024-03,1711843200000
2024-03-31,European Union (EU),Kia,UNITS,M,40030,2024-03,1711843200000
2024-03-31,European Union (EU),Kia,YTD,M,108030,2024-03,1711843200000
2024-03-31,European Union (EU),Lancia/Chrysler,TTM,M,49093,2024-03,1711843200000
2024-03-31,European Union (EU),Lancia/Chrysler,UNITS,M,4890,2024-03,1711843200000
2024-03-31,European Union (EU),Lancia/Chrysler,YTD,M,12988,2024-03,1711843200000
2024-03-31,European Union (EU),Land Rover,TTM,M,61103,2024-03,1711843200000
2024-03-31,European Union (EU),Land Rover,UNITS,M,5276,2024-03,1711843200000
2024-03-31,European Union (EU),Land Rover,YTD,M,14920,2024-03,1711843200000
2024-03-31,European Union (EU),Lexus,TTM,M,48523,2024-03,1711843200000
2024-03-31,European Union (EU),Lexus,UNITS,M,6854,2024-03,1711843200000
2024-03-31,European Union (EU),Lexus,YTD,M,15477,2024-03,1711843200000
2024-03-31,European Union (EU),Mazda,TTM,M,150258,2024-03,1711843200000
2024-03-31,European Union (EU),Mazda,UNITS,M,15055,2024-03,1711843200000
2024-03-31,European Union (EU),Mazda,YTD,M,36393,2024-03,1711843200000
2024-03-31,European Union (EU),Mercedes,TTM,M,575316,2024-03,1711843200000
2024-03-31,European Union (EU),Mercedes,UNITS,M,57416,2024-03,1711843200000
2024-03-31,European Union (EU),Mercedes,YTD,M,134444,2024-03,1711843200000
2024-03-31,European Union (EU),Mercedes-Benz,TTM,M,602544,2024-03,1711843200000
2024-03-31,European Union (EU),Mercedes-Benz,UNITS,M,59814,2024-03,1711843200000
2024-03-31,European Union (EU),Mercedes-Benz,YTD,M,141030,2024-03,1711843200000
2024-03-31,European Union (EU),Mini,TTM,M,133390,2024-03,1711843200000
2024-03-31,European Union (EU),Mini,UNITS,M,9798,2024-03,1711843200000
2024-03-31,European Union (EU),Mini,YTD,M,25478,2024-03,1711843200000
2024-03-31,European Union (EU),Mitsubishi,TTM,M,54145,2024-03,1711843200000
2024-03-31,European Union (EU),Mitsubishi,UNITS,M,11217,2024-03,1711843200000
2024-03-31,European Union (EU),Mitsubishi,YTD,M,21486,2024-03,1711843200000
2024-03-31,European Union (EU),Nissan,TTM,M,222946,2024-03,1711843200000
2024-03-31,European Union (EU),Nissan,UNITS,M,30173,2024-03,1711843200000
2024-03-31,European Union (EU),Nissan,YTD,M,67401,2024-03,1711843200000
2024-03-31,European Union (EU),Opel/Vauxhall,TTM,M,361220,2024-03,1711843200000
2024-03-31,European Union (EU),Opel/Vauxhall,UNITS,M,32512,2024-03,1711843200000
2024-03-31,European Union (EU),Opel/Vauxhall,YTD,M,92219,2024-03,1711843200000
2024-03-31,European Union (EU),Peugeot,TTM,M,593499,2024-03,1711843200000
2024-03-31,European Union (EU),Peugeot,UNITS,M,56375,2024-03,1711843200000
2024-03-31,European Union (EU),Peugeot,YTD,M,161343,2024-03,1711843200000
2024-03-31,European Union (EU),Porsche,TTM,M,77360,2024-03,1711843200000
2024-03-31,European Union (EU),Porsche,UNITS,M,8919,2024-03,1711843200000
2024-03-31,European Union (EU),Porsche,YTD,M,24674,2024-03,1711843200000
2024-03-31,European Union (EU),Renault,TTM,M,646713,2024-03,1711843200000
2024-03-31,European Union (EU),Renault,UNITS,M,60643,2024-03,1711843200000
2024-03-31,European Union (EU),Renault,YTD,M,144144,2024-03,1711843200000
2024-03-31,European Union (EU),Renault Group,TTM,M,1186813,2024-03,1711843200000
2024-03-31,European Union (EU),Renault Group,UNITS,M,108210,2024-03,1711843200000
2024-03-31,European Union (EU),Renault Group,YTD,M,285926,2024-03,1711843200000
2024-03-31,European Union (EU),SAIC Motor,TTM,M,159773,2024-03,1711843200000
2024-03-31,European Union (EU),SAIC Motor,UNITS,M,12786,2024-03,1711843200000
2024-03-31,European Union (EU),SAIC Motor,YTD,M,34471,2024-03,1711843200000
2024-03-31,European Union (EU),Seat,TTM,M,220671,2024-03,1711843200000
2024-03-31,European Union (EU),Seat,UNITS,M,22161,2024-03,1711843200000
2024-03-31,European Union (EU),Seat,YTD,M,58448,2024-03,1711843200000
2024-03-31,European Union (EU),Skoda,TTM,M,613910,2024-03,1711843200000
2024-03-31,European Union (EU),Skoda,UNITS,M,54635,2024-03,1711843200000
2024-03-31,European Union (EU),Skoda,YTD,M,163116,2024-03,1711843200000
2024-03-31,European Union (EU),Smart,TTM,M,27228,2024-03,1711843200000
2024-03-31,European Union (EU),Smart,UNITS,M,2398,2024-03,1711843200000
2024-03-31,European Union (EU),Smart,YTD,M,6586,2024-03,1711843200000
2024-03-31,European Union (EU),Stellantis,TTM,M,1969156,2024-03,1711843200000
2024-03-31,European Union (EU),Stellantis,UNITS,M,189029,2024-03,1711843200000
2024-03-31,European Union (EU),Stellantis,YTD,M,524248,2024-03,1711843200000
2024-03-31,European Union (EU),Suzuki,TTM,M,174096,2024-03,1711843200000
2024-03-31,European Union (EU),Suzuki,UNITS,M,18744,2024-03,1711843200000
2024-03-31,European Union (EU),Suzuki,YTD,M,49916,2024-03,1711843200000
2024-03-31,European Union (EU),Tesla,TTM,M,292620,2024-03,1711843200000
2024-03-31,European Union (EU),Tesla,UNITS,M,28463,2024-03,1711843200000
2024-03-31,European Union (EU),Tesla,YTD,M,65774,2024-03,1711843200000
2024-03-31,European Union (EU),Toyota,TTM,M,752189,2024-03,1711843200000
2024-03-31,European Union (EU),Toyota,UNITS,M,92568,2024-03,1711843200000
2024-03-31,European Union (EU),Toyota,YTD,M,229208,2024-03,1711843200000
2024-03-31,European Union (EU),Toyota Group,TTM,M,800712,2024-03,1711843200000
2024-03-31,European Union (EU),Toyota Group,UNITS,M,99422,2024-03,1711843200000
2024-03-31,European Union (EU),Toyota Group,YTD,M,244685,2024-03,1711843200000
2024-03-31,European Union (EU),Volkswagen,TTM,M,1168122,2024-03,1711843200000
2024-03-31,European Union (EU),Volkswagen,UNITS,M,104726,2024-03,1711843200000
2024-03-31,European Union (EU),Volkswagen,YTD,M,274785,2024-03,1711843200000
2024-03-31,European Union (EU),Volkswagen Group,TTM,M,2841466,2024-03,1711843200000
2024-03-31,European Union (EU),Volkswagen Group,UNITS,M,251722,2024-03,1711843200000
2024-03-31,European Union (EU),Volkswagen Group,YTD,M,690870,2024-03,1711843200000
2024-03-31,European Union (EU),Volvo Cars,TTM,M,250339,2024-03,1711843200000
2024-03-31,European Union (EU),Volvo Cars,UNITS,M,29668,2024-03,1711843200000
2024-03-31,European Union (EU),Volvo Cars,YTD,M,75016,2024-03,1711843200000
2024-04-30,EU + EFTA + UK,Alfa Romeo,TTM,M,58022,2024-04,1714435200000
2024-04-30,EU + EFTA + UK,Alfa Romeo,UNITS,M,4258,2024-04,1714435200000
2024-04-30,EU + EFTA + UK,Alfa Romeo,YTD,M,16852,2024-04,1714435200000
2024-04-30,EU + EFTA + UK,Alpine,TTM,M,6021,2024-04,1714435200000
2024-04-30,EU + EFTA + UK,Alpine,UNITS,M,397,2024-04,1714435200000
2024-04-30,EU + EFTA + UK,Alpine,YTD,M,1374,2024-04,1714435200000
2024-04-30,EU + EFTA + UK,Audi,TTM,M,776757,2024-04,1714435200000
2024-04-30,EU + EFTA + UK,Audi,UNITS,M,56160,2024-04,1714435200000
2024-04-30,EU + EFTA + UK,Audi,YTD,M,220415,2024-04,1714435200000
2024-04-30,EU + EFTA + UK,BMW,TTM,M,803126,2024-04,1714435200000
2024-04-30,EU + EFTA + UK,BMW,UNITS,M,65725,2024-04,1714435200000
2024-04-30,EU + EFTA + UK,BMW,YTD,M,262218,2024-04,1714435200000
2024-04-30,EU + EFTA + UK,BMW Group,TTM,M,989633,2024-04,1714435200000
2024-04-30,EU + EFTA + UK,BMW Group,UNITS,M,74985,2024-04,1714435200000
2024-04-30,EU + EFTA + UK,BMW Group,YTD,M,310338,2024-04,1714435200000
2024-04-30,EU + EFTA + UK,Citroen,TTM,M,410696,2024-04,1714435200000
2024-04-30,EU + EFTA + UK,Citroen,UNITS,M,32916,2024-04,1714435200000
2024-04-30,EU + EFTA + UK,Citroen,YTD,M,147721,2024-04,1714435200000
2024-04-30,EU + EFTA + UK,Cupra,TTM,M,221357,2024-04,1714435200000
2024-04-30,EU + EFTA + UK,Cupra,UNITS,M,17730,2024-04,1714435200000
2024-04-30,EU + EFTA + UK,Cupra,YTD,M,66873,2024-04,1714435200000
2024-04-30,EU + EFTA + UK,DS,TTM,M,54323,2024-04,1714435200000
2024-04-30,EU + EFTA + UK,DS,UNITS,M,3249,2024-04,1714435200000
2024-04-30,EU + EFTA + UK,DS,YTD,M,14784,2024-04,1714435200000
2024-04-30,EU + EFTA + UK,Dacia,TTM,M,628309,2024-04,1714435200000
2024-04-30,EU + EFTA + UK,Dacia,UNITS,M,50153,2024-04,1714435200000
2024-04-30,EU + EFTA + UK,Dacia,YTD,M,201639,2024-04,1714435200000
2024-04-30,EU + EFTA + UK,Fiat,TTM,M,399210,2024-04,1714435200000
2024-04-30,EU + EFTA + UK,Fiat,UNITS,M,29686,2024-04,1714435200000
2024-04-30,EU + EFTA + UK,Fiat,YTD,M,131018,2024-04,1714435200000
2024-04-30,EU + EFTA + UK,Ford,TTM,M,538312,2024-04,1714435200000
2024-04-30,EU + EFTA + UK,Ford,UNITS,M,36081,2024-04,1714435200000
2024-04-30,EU + EFTA + UK,Ford,YTD,M,152982,2024-04,1714435200000
2024-04-30,EU + EFTA + UK,Honda,TTM,M,67171,2024-04,1714435200000
2024-04-30,EU + EFTA + UK,Honda,UNITS,M,5887,2024-04,1714435200000
2024-04-30,EU + EFTA + UK,Honda,YTD,M,30017,2024-04,1714435200000
2024-04-30,EU + EFTA + UK,Hyundai,TTM,M,581651,2024-04,1714435200000
2024-04-30,EU + EFTA + UK,Hyundai,UNITS,M,46771,2024-04,1714435200000
2024-04-30,EU + EFTA + UK,Hyundai,YTD,M,181903,2024-04,1714435200000
2024-04-30,EU + EFTA + UK,Hyundai Group,TTM,M,1182976,2024-04,1714435200000
2024-04-30,EU + EFTA + UK,Hyundai Group,UNITS,M,91514,2024-04,1714435200000
2024-04-30,EU + EFTA + UK,Hyundai Group,YTD,M,369797,2024-04,1714435200000
2024-04-30,EU + EFTA + UK,Jaguar,TTM,M,30300,2024-04,1714435200000
2024-04-30,EU + EFTA + UK,Jaguar,UNITS,M,1961,2024-04,1714435200000
2024-04-30,EU + EFTA + UK,Jaguar,YTD,M,10638,2024-04,1714435200000
2024-04-30,EU + EFTA + UK,Jaguar Land Rover Group,TTM,M,161430,2024-04,1714435200000
2024-04-30,EU + EFTA + UK,Jaguar Land Rover Group,UNITS,M,12323,2024-04,1714435200000
2024-04-30,EU + EFTA + UK,Jaguar Land Rover Group,YTD,M,57259,2024-04,1714435200000
2024-04-30,EU + EFTA + UK,Jeep,TTM,M,139346,2024-04,1714435200000
2024-04-30,EU + EFTA + UK,Jeep,UNITS,M,10257,2024-04,1714435200000
2024-04-30,EU + EFTA + UK,Jeep,YTD,M,47264,2024-04,1714435200000
2024-04-30,EU + EFTA + UK,Kia,TTM,M,601325,2024-04,1714435200000
2024-04-30,EU + EFTA + UK,Kia,UNITS,M,44743,2024-04,1714435200000
2024-04-30,EU + EFTA + UK,Kia,YTD,M,187894,2024-04,1714435200000
2024-04-30,EU + EFTA + UK,Lancia/Chrysler,TTM,M,51655,2024-04,1714435200000
2024-04-30,EU + EFTA + UK,Lancia/Chrysler,UNITS,M,3820,2024-04,1714435200000
2024-04-30,EU + EFTA + UK,Lancia/Chrysler,YTD,M,16808,2024-04,1714435200000
2024-04-30,EU + EFTA + UK,Land Rover,TTM,M,131130,2024-04,1714435200000
2024-04-30,EU + EFTA + UK,Land Rover,UNITS,M,10362,2024-04,1714435200000
2024-04-30,EU + EFTA + UK,Land Rover,YTD,M,46621,2024-04,1714435200000
2024-04-30,EU + EFTA + UK,Lexus,TTM,M,73524,2024-04,1714435200000
2024-04-30,EU + EFTA + UK,Lexus,UNITS,M,5981,2024-04,1714435200000
2024-04-30,EU + EFTA + UK,Lexus,YTD,M,23085,2024-04,1714435200000
2024-04-30,EU + EFTA + UK,Mazda,TTM,M,191330,2024-04,1714435200000
2024-04-30,EU + EFTA + UK,Mazda,UNITS,M,13774,2024-04,1714435200000
2024-04-30,EU + EFTA + UK,Mazda,YTD,M,58926,2024-04,1714435200000
2024-04-30,EU + EFTA + UK,Mercedes,TTM,M,705485,2024-04,1714435200000
2024-04-30,EU + EFTA + UK,Mercedes,UNITS,M,51967,2024-04,1714435200000
2024-04-30,EU + EFTA + UK,Mercedes,YTD,M,219500,2024-04,1714435200000
2024-04-30,EU + EFTA + UK,Mercedes-Benz,TTM,M,734478,2024-04,1714435200000
2024-04-30,EU + EFTA + UK,Mercedes-Benz,UNITS,M,54699,2024-04,1714435200000
2024-04-30,EU + EFTA + UK,Mercedes-Benz,YTD,M,229497,2024-04,1714435200000
2024-04-30,EU + EFTA + UK,Mini,TTM,M,186507,2024-04,1714435200000
2024-04-30,EU + EFTA + UK,Mini,UNITS,M,9260,2024-04,1714435200000
2024-04-30,EU + EFTA + UK,Mini,YTD,M,48120,2024-04,1714435200000
2024-04-30,EU + EFTA + UK,Mitsubishi,TTM,M,60518,2024-04,1714435200000
2024-04-30,EU + EFTA + UK,Mitsubishi,UNITS,M,3809,2024-04,1714435200000
2024-04-30,EU + EFTA + UK,Mitsubishi,YTD,M,26143,2024-04,1714435200000
2024-04-30,EU + EFTA + UK,Nissan,TTM,M,331981,2024-04,1714435200000
2024-04-30,EU + EFTA + UK,Nissan,UNITS,M,21725,2024-04,1714435200000
2024-04-30,EU + EFTA + UK,Nissan,YTD,M,124714,2024-04,1714435200000
2024-04-30,EU + EFTA + UK,Opel/Vauxhall,TTM,M,506813,2024-04,1714435200000
2024-04-30,EU + EFTA + UK,Opel/Vauxhall,UNITS,M,31064,2024-04,1714435200000
2024-04-30,EU + EFTA + UK,Opel/Vauxhall,YTD,M,153101,2024-04,1714435200000
2024-04-30,EU + EFTA + UK,Peugeot,TTM,M,719555,2024-04,1714435200000
2024-04-30,EU + EFTA + UK,Peugeot,UNITS,M,50862,2024-04,1714435200000
2024-04-30,EU + EFTA + UK,Peugeot,YTD,M,235118,2024-04,1714435200000
2024-04-30,EU + EFTA + UK,Porsche,TTM,M,113328,2024-04,1714435200000
2024-04-30,EU + EFTA + UK,Porsche,UNITS,M,10441,2024-04,1714435200000
2024-04-30,EU + EFTA + UK,Porsche,YTD,M,41650,2024-04,1714435200000
2024-04-30,EU + EFTA + UK,Renault,TTM,M,808063,2024-04,1714435200000
2024-04-30,EU + EFTA + UK,Renault,UNITS,M,58792,2024-04,1714435200000
2024-04-30,EU + EFTA + UK,Renault,YTD,M,219508,2024-04,1714435200000
2024-04-30,EU + EFTA + UK,Renault Group,TTM,M,1442393,2024-04,1714435200000
2024-04-30,EU + EFTA + UK,Renault Group,UNITS,M,109342,2024-04,1714435200000
2024-04-30,EU + EFTA + UK,Renault Group,YTD,M,422521,2024-04,1714435200000
2024-04-30,EU + EFTA + UK,SAIC Motor,TTM,M,277421,2024-04,1714435200000
2024-04-30,EU + EFTA + UK,SAIC Motor,UNITS,M,17409,2024-04,1714435200000
2024-04-30,EU + EFTA + UK,SAIC Motor,YTD,M,76209,2024-04,1714435200000
2024-04-30,EU + EFTA + UK,Seat,TTM,M,282093,2024-04,1714435200000
2024-04-30,EU + EFTA + UK,Seat,UNITS,M,25469,2024-04,1714435200000
2024-04-30,EU + EFTA + UK,Seat,YTD,M,96044,2024-04,1714435200000
2024-04-30,EU + EFTA + UK,Skoda,TTM,M,735063,2024-04,1714435200000
2024-04-30,EU + EFTA + UK,Skoda,UNITS,M,61914,2024-04,1714435200000
2024-04-30,EU + EFTA + UK,Skoda,YTD,M,249119,2024-04,1714435200000
2024-04-30,EU + EFTA + UK,Smart,TTM,M,28993,2024-04,1714435200000
2024-04-30,EU + EFTA + UK,Smart,UNITS,M,2732,2024-04,1714435200000
2024-04-30,EU + EFTA + UK,Smart,YTD,M,9997,2024-04,1714435200000
2024-04-30,EU + EFTA + UK,Stellantis,TTM,M,2348932,2024-04,1714435200000
2024-04-30,EU + EFTA + UK,Stellantis,UNITS,M,166689,2024-04,1714435200000
2024-04-30,EU + EFTA + UK,Stellantis,YTD,M,764933,2024-04,1714435200000
2024-04-30,EU + EFTA + UK,Suzuki,TTM,M,208488,2024-04,1714435200000
2024-04-30,EU + EFTA + UK,Suzuki,UNITS,M,17898,2024-04,1714435200000
2024-04-30,EU + EFTA + UK,Suzuki,YTD,M,76713,2024-04,1714435200000
2024-04-30,EU + EFTA + UK,Tesla,TTM,M,461102,2024-04,1714435200000
2024-04-30,EU + EFTA + UK,Tesla,UNITS,M,14228,2024-04,1714435200000
2024-04-30,EU + EFTA + UK,Tesla,YTD,M,100255,2024-04,1714435200000
2024-04-30,EU + EFTA + UK,Toyota,TTM,M,909601,2024-04,1714435200000
2024-04-30,EU + EFTA + UK,Toyota,UNITS,M,78909,2024-04,1714435200000
2024-04-30,EU + EFTA + UK,Toyota,YTD,M,323149,2024-04,1714435200000
2024-04-30,EU + EFTA + UK,Toyota Group,TTM,M,983125,2024-04,1714435200000
2024-04-30,EU + EFTA + UK,Toyota Group,UNITS,M,84890,2024-04,1714435200000
2024-04-30,EU + EFTA + UK,Toyota Group,YTD,M,346234,2024-04,1714435200000
2024-04-30,EU + EFTA + UK,Volkswagen,TTM,M,1514694,2024-04,1714435200000
2024-04-30,EU + EFTA + UK,Volkswagen,UNITS,M,124077,2024-04,1714435200000
2024-04-30,EU + EFTA + UK,Volkswagen,YTD,M,447901,2024-04,1714435200000
2024-04-30,EU + EFTA + UK,Volkswagen Group,TTM,M,3653224,2024-04,1714435200000
2024-04-30,EU + EFTA + UK,Volkswagen Group,UNITS,M,296580,2024-04,1714435200000
2024-04-30,EU + EFTA + UK,Volkswagen Group,YTD,M,1124964,2024-04,1714435200000
2024-04-30,EU + EFTA + UK,Volvo Cars,TTM,M,341761,2024-04,1714435200000
2024-04-30,EU + EFTA + UK,Volvo Cars,UNITS,M,33928,2024-04,1714435200000
2024-04-30,EU + EFTA + UK,Volvo Cars,YTD,M,126134,2024-04,1714435200000
2024-04-30,European Union (EU),Alfa Romeo,TTM,M,49029,2024-04,1714435200000
2024-04-30,European Union (EU),Alfa Romeo,UNITS,M,4775,2024-04,1714435200000
2024-04-30,European Union (EU),Alfa Romeo,YTD,M,16792,2024-04,1714435200000
2024-04-30,European Union (EU),Alpine,TTM,M,4384,2024-04,1714435200000
2024-04-30,European Union (EU),Alpine,UNITS,M,353,2024-04,1714435200000
2024-04-30,European Union (EU),Alpine,YTD,M,1148,2024-04,1714435200000
2024-04-30,European Union (EU),Audi,TTM,M,560710,2024-04,1714435200000
2024-04-30,European Union (EU),Audi,UNITS,M,44760,2024-04,1714435200000
2024-04-30,European Union (EU),Audi,YTD,M,172135,2024-04,1714435200000
2024-04-30,European Union (EU),BMW,TTM,M,624874,2024-04,1714435200000
2024-04-30,European Union (EU),BMW,UNITS,M,58135,2024-04,1714435200000
2024-04-30,European Union (EU),BMW,YTD,M,211726,2024-04,1714435200000
2024-04-30,European Union (EU),BMW Group,TTM,M,752823,2024-04,1714435200000
2024-04-30,European Union (EU),BMW Group,UNITS,M,67933,2024-04,1714435200000
2024-04-30,European Union (EU),BMW Group,YTD,M,247002,2024-04,1714435200000
2024-04-30,European Union (EU),Citroen,TTM,M,360846,2024-04,1714435200000
2024-04-30,European Union (EU),Citroen,UNITS,M,40344,2024-04,1714435200000
2024-04-30,European Union (EU),Citroen,YTD,M,144960,2024-04,1714435200000
2024-04-30,European Union (EU),Cupra,TTM,M,178632,2024-04,1714435200000
2024-04-30,European Union (EU),Cupra,UNITS,M,15890,2024-04,1714435200000
2024-04-30,European Union (EU),Cupra,YTD,M,56813,2024-04,1714435200000
2024-04-30,European Union (EU),DS,TTM,M,44094,2024-04,1714435200000
2024-04-30,European Union (EU),DS,UNITS,M,4070,2024-04,1714435200000
2024-04-30,European Union (EU),DS,YTD,M,15152,2024-04,1714435200000
2024-04-30,European Union (EU),Dacia,TTM,M,534147,2024-04,1714435200000
2024-04-30,European Union (EU),Dacia,UNITS,M,47214,2024-04,1714435200000
2024-04-30,European Union (EU),Dacia,YTD,M,188201,2024-04,1714435200000
2024-04-30,European Union (EU),Fiat,TTM,M,368313,2024-04,1714435200000
2024-04-30,European Union (EU),Fiat,UNITS,M,33606,2024-04,1714435200000
2024-04-30,European Union (EU),Fiat,YTD,M,128112,2024-04,1714435200000
2024-04-30,European Union (EU),Ford,TTM,M,348309,2024-04,1714435200000
2024-04-30,European Union (EU),Ford,UNITS,M,30502,2024-04,1714435200000
2024-04-30,European Union (EU),Ford,YTD,M,112966,2024-04,1714435200000
2024-04-30,European Union (EU),Honda,TTM,M,41404,2024-04,1714435200000
2024-04-30,European Union (EU),Honda,UNITS,M,4222,2024-04,1714435200000
2024-04-30,European Union (EU),Honda,YTD,M,17450,2024-04,1714435200000
2024-04-30,European Union (EU),Hyundai,TTM,M,445985,2024-04,1714435200000
2024-04-30,European Union (EU),Hyundai,UNITS,M,38224,2024-04,1714435200000
2024-04-30,European Union (EU),Hyundai,YTD,M,146561,2024-04,1714435200000
2024-04-30,European Union (EU),Hyundai Group,TTM,M,900300,2024-04,1714435200000
2024-04-30,European Union (EU),Hyundai Group,UNITS,M,78254,2024-04,1714435200000
2024-04-30,European Union (EU),Hyundai Group,YTD,M,294621,2024-04,1714435200000
2024-04-30,European Union (EU),Jaguar,TTM,M,9624,2024-04,1714435200000
2024-04-30,European Union (EU),Jaguar,UNITS,M,796,2024-04,1714435200000
2024-04-30,European Union (EU),Jaguar,YTD,M,2655,2024-04,1714435200000
2024-04-30,European Union (EU),Jaguar Land Rover Group,TTM,M,70145,2024-04,1714435200000
2024-04-30,European Union (EU),Jaguar Land Rover Group,UNITS,M,6072,2024-04,1714435200000
2024-04-30,European Union (EU),Jaguar Land Rover Group,YTD,M,22851,2024-04,1714435200000
2024-04-30,European Union (EU),Jeep,TTM,M,130073,2024-04,1714435200000
2024-04-30,European Union (EU),Jeep,UNITS,M,11862,2024-04,1714435200000
2024-04-30,European Union (EU),Jeep,YTD,M,45897,2024-04,1714435200000
2024-04-30,European Union (EU),Kia,TTM,M,454315,2024-04,1714435200000
2024-04-30,European Union (EU),Kia,UNITS,M,40030,2024-04,1714435200000
2024-04-30,European Union (EU),Kia,YTD,M,148060,2024-04,1714435200000
2024-04-30,European Union (EU),Lancia/Chrysler,TTM,M,48902,2024-04,1714435200000
2024-04-30,European Union (EU),Lancia/Chrysler,UNITS,M,4890,2024-04,1714435200000
2024-04-30,European Union (EU),Lancia/Chrysler,YTD,M,17878,2024-04,1714435200000
2024-04-30,European Union (EU),Land Rover,TTM,M,60521,2024-04,1714435200000
2024-04-30,European Union (EU),Land Rover,UNITS,M,5276,2024-04,1714435200000
2024-04-30,European Union (EU),Land Rover,YTD,M,20196,2024-04,1714435200000
2024-04-30,European Union (EU),Lexus,TTM,M,52446,2024-04,1714435200000
2024-04-30,European Union (EU),Lexus,UNITS,M,6854,2024-04,1714435200000
2024-04-30,European Union (EU),Lexus,YTD,M,22331,2024-04,1714435200000
2024-04-30,European Union (EU),Mazda,TTM,M,147405,2024-04,1714435200000
2024-04-30,European Union (EU),Mazda,UNITS,M,15055,2024-04,1714435200000
2024-04-30,European Union (EU),Mazda,YTD,M,51448,2024-04,1714435200000
2024-04-30,European Union (EU),Mercedes,TTM,M,574676,2024-04,1714435200000
2024-04-30,European Union (EU),Mercedes,UNITS,M,57416,2024-04,1714435200000
2024-04-30,European Union (EU),Mercedes,YTD,M,191860,2024-04,1714435200000
2024-04-30,European Union (EU),Mercedes-Benz,TTM,M,601788,2024-04,1714435200000
2024-04-30,European Union (EU),Mercedes-Benz,UNITS,M,59814,2024-04,1714435200000
2024-04-30,European Union (EU),Mercedes-Benz,YTD,M,200844,2024-04,1714435200000
2024-04-30,European Union (EU),Mini,TTM,M,127949,2024-04,1714435200000
2024-04-30,European Union (EU),Mini,UNITS,M,9798,2024-04,1714435200000
2024-04-30,European Union (EU),Mini,YTD,M,35276,2024-04,1714435200000
2024-04-30,European Union (EU),Mitsubishi,TTM,M,61812,2024-04,1714435200000
2024-04-30,European Union (EU),Mitsubishi,UNITS,M,11217,2024-04,1714435200000
2024-04-30,European Union (EU),Mitsubishi,YTD,M,32703,2024-04,1714435200000
2024-04-30,European Union (EU),Nissan,TTM,M,227642,2024-04,1714435200000
2024-04-30,European Union (EU),Nissan,UNITS,M,30173,2024-04,1714435200000
2024-04-30,European Union (EU),Nissan,YTD,M,97574,2024-04,1714435200000
2024-04-30,European Union (EU),Opel/Vauxhall,TTM,M,352627,2024-04,1714435200000
2024-04-30,European Union (EU),Opel/Vauxhall,UNITS,M,32512,2024-04,1714435200000
2024-04-30,European Union (EU),Opel/Vauxhall,YTD,M,124731,2024-04,1714435200000
2024-04-30,European Union (EU),Peugeot,TTM,M,581035,2024-04,1714435200000
2024-04-30,European Union (EU),Peugeot,UNITS,M,56375,2024-04,1714435200000
2024-04-30,European Union (EU),Peugeot,YTD,M,217718,2024-04,1714435200000
2024-04-30,European Union (EU),Porsche,TTM,M,79033,2024-04,1714435200000
2024-04-30,European Union (EU),Porsche,UNITS,M,8919,2024-04,1714435200000
2024-04-30,European Union (EU),Porsche,YTD,M,33593,2024-04,1714435200000
2024-04-30,European Union (EU),Renault,TTM,M,645965,2024-04,1714435200000
2024-04-30,European Union (EU),Renault,UNITS,M,60643,2024-04,1714435200000
2024-04-30,European Union (EU),Renault,YTD,M,204787,2024-04,1714435200000
2024-04-30,European Union (EU),Renault Group,TTM,M,1184496,2024-04,1714435200000
2024-04-30,European Union (EU),Renault Group,UNITS,M,108210,2024-04,1714435200000
2024-04-30,European Union (EU),Renault Group,YTD,M,394136,2024-04,1714435200000
2024-04-30,European Union (EU),SAIC Motor,TTM,M,161087,2024-04,1714435200000
2024-04-30,European Union (EU),SAIC Motor,UNITS,M,12786,2024-04,1714435200000
2024-04-30,European Union (EU),SAIC Motor,YTD,M,47257,2024-04,1714435200000
2024-04-30,European Union (EU),Seat,TTM,M,219753,2024-04,1714435200000
2024-04-30,European Union (EU),Seat,UNITS,M,22161,2024-04,1714435200000
2024-04-30,European Union (EU),Seat,YTD,M,80609,2024-04,1714435200000
2024-04-30,European Union (EU),Skoda,TTM,M,612057,2024-04,1714435200000
2024-04-30,European Union (EU),Skoda,UNITS,M,54635,2024-04,1714435200000
2024-04-30,European Union (EU),Skoda,YTD,M,217751,2024-04,1714435200000
2024-04-30,European Union (EU),Smart,TTM,M,27112,2024-04,1714435200000
2024-04-30,European Union (EU),Smart,UNITS,M,2398,2024-04,1714435200000
2024-04-30,European Union (EU),Smart,YTD,M,8984,2024-04,1714435200000
2024-04-30,European Union (EU),Stellantis,TTM,M,1941802,2024-04,1714435200000
2024-04-30,European Union (EU),Stellantis,UNITS,M,189029,2024-04,1714435200000
2024-04-30,European Union (EU),Stellantis,YTD,M,713277,2024-04,1714435200000
2024-04-30,European Union (EU),Suzuki,TTM,M,177621,2024-04,1714435200000
2024-04-30,European Union (EU),Suzuki,UNITS,M,18744,2024-04,1714435200000
2024-04-30,European Union (EU),Suzuki,YTD,M,68660,2024-04,1714435200000
2024-04-30,European Union (EU),Tesla,TTM,M,279571,2024-04,1714435200000
2024-04-30,European Union (EU),Tesla,UNITS,M,28463,2024-04,1714435200000
2024-04-30,European Union (EU),Tesla,YTD,M,94237,2024-04,1714435200000
2024-04-30,European Union (EU),Toyota,TTM,M,780304,2024-04,1714435200000
2024-04-30,European Union (EU),Toyota,UNITS,M,92568,2024-04,1714435200000
2024-04-30,European Union (EU),Toyota,YTD,M,321776,2024-04,1714435200000
2024-04-30,European Union (EU),Toyota Group,TTM,M,832750,2024-04,1714435200000
2024-04-30,European Union (EU),Toyota Group,UNITS,M,99422,2024-04,1714435200000
2024-04-30,European Union (EU),Toyota Group,YTD,M,344107,2024-04,1714435200000
2024-04-30,European Union (EU),Volkswagen,TTM,M,1161077,2024-04,1714435200000
2024-04-30,European Union (EU),Volkswagen,UNITS,M,104726,2024-04,1714435200000
2024-04-30,European Union (EU),Volkswagen,YTD,M,379511,2024-04,1714435200000
2024-04-30,European Union (EU),Volkswagen Group,TTM,M,2817439,2024-04,1714435200000
2024-04-30,European Union (EU),Volkswagen Group,UNITS,M,251722,2024-04,1714435200000
2024-04-30,European Union (EU),Volkswagen Group,YTD,M,942592,2024-04,1714435200000
2024-04-30,European Union (EU),Volvo Cars,TTM,M,258624,2024-04,1714435200000
2024-04-30,European Union (EU),Volvo Cars,UNITS,M,29668,2024-04,1714435200000
2024-04-30,European Union (EU),Volvo Cars,YTD,M,104684,2024-04,1714435200000
2024-05-31,EU + EFTA + UK,Alfa Romeo,TTM,M,57338,2024-05,1717113600000
2024-05-31,EU + EFTA + UK,Alfa Romeo,UNITS,M,4052,2024-05,1717113600000
2024-05-31,EU + EFTA + UK,Alfa Romeo,YTD,M,20904,2024-05,1717113600000
2024-05-31,EU + EFTA + UK,Alpine,TTM,M,5932,2024-05,1717113600000
2024-05-31,EU + EFTA + UK,Alpine,UNITS,M,358,2024-05,1717113600000
2024-05-31,EU + EFTA + UK,Alpine,YTD,M,1732,2024-05,1717113600000
2024-05-31,EU + EFTA + UK,Audi,TTM,M,770085,2024-05,1717113600000
2024-05-31,EU + EFTA + UK,Audi,UNITS,M,59096,2024-05,1717113600000
2024-05-31,EU + EFTA + UK,Audi,YTD,M,279511,2024-05,1717113600000
2024-05-31,EU + EFTA + UK,BMW,TTM,M,798253,2024-05,1717113600000
2024-05-31,EU + EFTA + UK,BMW,UNITS,M,64923,2024-05,1717113600000
2024-05-31,EU + EFTA + UK,BMW,YTD,M,327141,2024-05,1717113600000
2024-05-31,EU + EFTA + UK,BMW Group,TTM,M,978857,2024-05,1717113600000
2024-05-31,EU + EFTA + UK,BMW Group,UNITS,M,74318,2024-05,1717113600000
2024-05-31,EU + EFTA + UK,BMW Group,YTD,M,384656,2024-05,1717113600000
2024-05-31,EU + EFTA + UK,Citroen,TTM,M,412986,2024-05,1717113600000
2024-05-31,EU + EFTA + UK,Citroen,UNITS,M,32521,2024-05,1717113600000
2024-05-31,EU + EFTA + UK,Citroen,YTD,M,180242,2024-05,1717113600000
2024-05-31,EU + EFTA + UK,Cupra,TTM,M,223948,2024-05,1717113600000
2024-05-31,EU + EFTA + UK,Cupra,UNITS,M,20324,2024-05,1717113600000
2024-05-31,EU + EFTA + UK,Cupra,YTD,M,87197,2024-05,1717113600000
2024-05-31,EU + EFTA + UK,DS,TTM,M,52202,2024-05,1717113600000
2024-05-31,EU + EFTA + UK,DS,UNITS,M,2882,2024-05,1717113600000
2024-05-31,EU + EFTA + UK,DS,YTD,M,17666,2024-05,1717113600000
2024-05-31,EU + EFTA + UK,Dacia,TTM,M,624010,2024-05,1717113600000
2024-05-31,EU + EFTA + UK,Dacia,UNITS,M,43647,2024-05,1717113600000
2024-05-31,EU + EFTA + UK,Dacia,YTD,M,245286,2024-05,1717113600000
2024-05-31,EU + EFTA + UK,Fiat,TTM,M,395210,2024-05,1717113600000
2024-05-31,EU + EFTA + UK,Fiat,UNITS,M,27766,2024-05,1717113600000
2024-05-31,EU + EFTA + UK,Fiat,YTD,M,158784,2024-05,1717113600000
2024-05-31,EU + EFTA + UK,Ford,TTM,M,528587,2024-05,1717113600000
2024-05-31,EU + EFTA + UK,Ford,UNITS,M,35272,2024-05,1717113600000
2024-05-31,EU + EFTA + UK,Ford,YTD,M,188254,2024-05,1717113600000
2024-05-31,EU + EFTA + UK,Honda,TTM,M,68662,2024-05,1717113600000
2024-05-31,EU + EFTA + UK,Honda,UNITS,M,5220,2024-05,1717113600000
2024-05-31,EU + EFTA + UK,Honda,YTD,M,35237,2024-05,1717113600000
2024-05-31,EU + EFTA + UK,Hyundai,TTM,M,582944,2024-05,1717113600000
2024-05-31,EU + EFTA + UK,Hyundai,UNITS,M,46697,2024-05,1717113600000
2024-05-31,EU + EFTA + UK,Hyundai,YTD,M,228600,2024-05,1717113600000
2024-05-31,EU + EFTA + UK,Hyundai Group,TTM,M,1178255,2024-05,1717113600000
2024-05-31,EU + EFTA + UK,Hyundai Group,UNITS,M,92196,2024-05,1717113600000
2024-05-31,EU + EFTA + UK,Hyundai Group,YTD,M,461993,2024-05,1717113600000
2024-05-31,EU + EFTA + UK,Jaguar,TTM,M,29973,2024-05,1717113600000
2024-05-31,EU + EFTA + UK,Jaguar,UNITS,M,1882,2024-05,1717113600000
2024-05-31,EU + EFTA + UK,Jaguar,YTD,M,12520,2024-05,1717113600000
2024-05-31,EU + EFTA + UK,Jaguar Land Rover Group,TTM,M,163433,2024-05,1717113600000
2024-05-31,EU + EFTA + UK,Jaguar Land Rover Group,UNITS,M,12688,2024-05,1717113600000
2024-05-31,EU + EFTA + UK,Jaguar Land Rover Group,YTD,M,69947,2024-05,1717113600000
2024-05-31,EU + EFTA + UK,Jeep,TTM,M,139570,2024-05,1717113600000
2024-05-31,EU + EFTA + UK,Jeep,UNITS,M,11384,2024-05,1717113600000
2024-05-31,EU + EFTA + UK,Jeep,YTD,M,58648,2024-05,1717113600000
2024-05-31,EU + EFTA + UK,Kia,TTM,M,595311,2024-05,1717113600000
2024-05-31,EU + EFTA + UK,Kia,UNITS,M,45499,2024-05,1717113600000
2024-05-31,EU + EFTA + UK,Kia,YTD,M,233393,2024-05,1717113600000
2024-05-31,EU + EFTA + UK,Lancia/Chrysler,TTM,M,50790,2024-05,1717113600000
2024-05-31,EU + EFTA + UK,Lancia/Chrysler,UNITS,M,3847,2024-05,1717113600000
2024-05-31,EU + EFTA + UK,Lancia/Chrysler,YTD,M,20655,2024-05,1717113600000
2024-05-31,EU + EFTA + UK,Land Rover,TTM,M,133460,2024-05,1717113600000
2024-05-31,EU + EFTA + UK,Land Rover,UNITS,M,10806,2024-05,1717113600000
2024-05-31,EU + EFTA + UK,Land Rover,YTD,M,57427,2024-05,1717113600000
2024-05-31,EU + EFTA + UK,Lexus,TTM,M,73943,2024-05,1717113600000
2024-05-31,EU + EFTA + UK,Lexus,UNITS,M,6144,2024-05,1717113600000
2024-05-31,EU + EFTA + UK,Lexus,YTD,M,29229,2024-05,1717113600000
2024-05-31,EU + EFTA + UK,Mazda,TTM,M,193145,2024-05,1717113600000
2024-05-31,EU + EFTA + UK,Mazda,UNITS,M,15385,2024-05,1717113600000
2024-05-31,EU + EFTA + UK,Mazda,YTD,M,74311,2024-05,1717113600000
2024-05-31,EU + EFTA + UK,Mercedes,TTM,M,705567,2024-05,1717113600000
2024-05-31,EU + EFTA + UK,Mercedes,UNITS,M,53127,2024-05,1717113600000
2024-05-31,EU + EFTA + UK,Mercedes,YTD,M,272627,2024-05,1717113600000
2024-05-31,EU + EFTA + UK,Mercedes-Benz,TTM,M,734566,2024-05,1717113600000
2024-05-31,EU + EFTA + UK,Mercedes-Benz,UNITS,M,55412,2024-05,1717113600000
2024-05-31,EU + EFTA + UK,Mercedes-Benz,YTD,M,284909,2024-05,1717113600000
2024-05-31,EU + EFTA + UK,Mini,TTM,M,180604,2024-05,1717113600000
2024-05-31,EU + EFTA + UK,Mini,UNITS,M,9395,2024-05,1717113600000
2024-05-31,EU + EFTA + UK,Mini,YTD,M,57515,2024-05,1717113600000
2024-05-31,EU + EFTA + UK,Mitsubishi,TTM,M,61470,2024-05,1717113600000
2024-05-31,EU + EFTA + UK,Mitsubishi,UNITS,M,4766,2024-05,1717113600000
2024-05-31,EU + EFTA + UK,Mitsubishi,YTD,M,30909,2024-05,1717113600000
2024-05-31,EU + EFTA + UK,Nissan,TTM,M,332719,2024-05,1717113600000
2024-05-31,EU + EFTA + UK,Nissan,UNITS,M,21706,2024-05,1717113600000
2024-05-31,EU + EFTA + UK,Nissan,YTD,M,146420,2024-05,1717113600000
2024-05-31,EU + EFTA + UK,Opel/Vauxhall,TTM,M,503660,2024-05,1717113600000
2024-05-31,EU + EFTA + UK,Opel/Vauxhall,UNITS,M,37463,2024-05,1717113600000
2024-05-31,EU + EFTA + UK,Opel/Vauxhall,YTD,M,190564,2024-05,1717113600000
2024-05-31,EU + EFTA + UK,Peugeot,TTM,M,711434,2024-05,1717113600000
2024-05-31,EU + EFTA + UK,Peugeot,UNITS,M,53447,2024-05,1717113600000
2024-05-31,EU + EFTA + UK,Peugeot,YTD,M,288565,2024-05,1717113600000
2024-05-31,EU + EFTA + UK,Porsche,TTM,M,113341,2024-05,1717113600000
2024-05-31,EU + EFTA + UK,Porsche,UNITS,M,8567,2024-05,1717113600000
2024-05-31,EU + EFTA + UK,Porsche,YTD,M,50217,2024-05,1717113600000
2024-05-31,EU + EFTA + UK,Renault,TTM,M,808789,2024-05,1717113600000
2024-05-31,EU + EFTA + UK,Renault,UNITS,M,62565,2024-05,1717113600000
2024-05-31,EU + EFTA + UK,Renault,YTD,M,282073,2024-05,1717113600000
2024-05-31,EU + EFTA + UK,Renault Group,TTM,M,1438731,2024-05,1717113600000
2024-05-31,EU + EFTA + UK,Renault Group,UNITS,M,106570,2024-05,1717113600000
2024-05-31,EU + EFTA + UK,Renault Group,YTD,M,529091,2024-05,1717113600000
2024-05-31,EU + EFTA + UK,SAIC Motor,TTM,M,278454,2024-05,1717113600000
2024-05-31,EU + EFTA + UK,SAIC Motor,UNITS,M,20992,2024-05,1717113600000
2024-05-31,EU + EFTA + UK,SAIC Motor,YTD,M,97201,2024-05,1717113600000
2024-05-31,EU + EFTA + UK,Seat,TTM,M,286478,2024-05,1717113600000
2024-05-31,EU + EFTA + UK,Seat,UNITS,M,25162,2024-05,1717113600000
2024-05-31,EU + EFTA + UK,Seat,YTD,M,121206,2024-05,1717113600000
2024-05-31,EU + EFTA + UK,Skoda,TTM,M,739181,2024-05,1717113600000
2024-05-31,EU + EFTA + UK,Skoda,UNITS,M,62372,2024-05,1717113600000
2024-05-31,EU + EFTA + UK,Skoda,YTD,M,311491,2024-05,1717113600000
2024-05-31,EU + EFTA + UK,Smart,TTM,M,28999,2024-05,1717113600000
2024-05-31,EU + EFTA + UK,Smart,UNITS,M,2285,2024-05,1717113600000
2024-05-31,EU + EFTA + UK,Smart,YTD,M,12282,2024-05,1717113600000
2024-05-31,EU + EFTA + UK,Stellantis,TTM,M,2332295,2024-05,1717113600000
2024-05-31,EU + EFTA + UK,Stellantis,UNITS,M,173969,2024-05,1717113600000
2024-05-31,EU + EFTA + UK,Stellantis,YTD,M,938902,2024-05,1717113600000
2024-05-31,EU + EFTA + UK,Suzuki,TTM,M,209525,2024-05,1717113600000
2024-05-31,EU + EFTA + UK,Suzuki,UNITS,M,17001,2024-05,1717113600000
2024-05-31,EU + EFTA + UK,Suzuki,YTD,M,93714,2024-05,1717113600000
2024-05-31,EU + EFTA + UK,Tesla,TTM,M,450391,2024-05,1717113600000
2024-05-31,EU + EFTA + UK,Tesla,UNITS,M,19108,2024-05,1717113600000
2024-05-31,EU + EFTA + UK,Tesla,YTD,M,119363,2024-05,1717113600000
2024-05-31,EU + EFTA + UK,Toyota,TTM,M,915322,2024-05,1717113600000
2024-05-31,EU + EFTA + UK,Toyota,UNITS,M,75031,2024-05,1717113600000
2024-05-31,EU + EFTA + UK,Toyota,YTD,M,398180,2024-05,1717113600000
2024-05-31,EU + EFTA + UK,Toyota Group,TTM,M,989265,2024-05,1717113600000
2024-05-31,EU + EFTA + UK,Toyota Group,UNITS,M,81175,2024-05,1717113600000
2024-05-31,EU + EFTA + UK,Toyota Group,YTD,M,427409,2024-05,1717113600000
2024-05-31,EU + EFTA + UK,Volkswagen,TTM,M,1515707,2024-05,1717113600000
2024-05-31,EU + EFTA + UK,Volkswagen,UNITS,M,120141,2024-05,1717113600000
2024-05-31,EU + EFTA + UK,Volkswagen,YTD,M,568042,2024-05,1717113600000
2024-05-31,EU + EFTA + UK,Volkswagen Group,TTM,M,3658557,2024-05,1717113600000
2024-05-31,EU + EFTA + UK,Volkswagen Group,UNITS,M,296446,2024-05,1717113600000
2024-05-31,EU + EFTA + UK,Volkswagen Group,YTD,M,1421410,2024-05,1717113600000
2024-05-31,EU + EFTA + UK,Volvo Cars,TTM,M,348878,2024-05,1717113600000
2024-05-31,EU + EFTA + UK,Volvo Cars,UNITS,M,34101,2024-05,1717113600000
2024-05-31,EU + EFTA + UK,Volvo Cars,YTD,M,160235,2024-05,1717113600000
2024-05-31,European Union (EU),Alfa Romeo,TTM,M,48335,2024-05,1717113600000
2024-05-31,European Union (EU),Alfa Romeo,UNITS,M,3750,2024-05,1717113600000
2024-05-31,European Union (EU),Alfa Romeo,YTD,M,20542,2024-05,1717113600000
2024-05-31,European Union (EU),Alpine,TTM,M,4319,2024-05,1717113600000
2024-05-31,European Union (EU),Alpine,UNITS,M,328,2024-05,1717113600000
2024-05-31,European Union (EU),Alpine,YTD,M,1476,2024-05,1717113600000
2024-05-31,European Union (EU),Audi,TTM,M,555779,2024-05,1717113600000
2024-05-31,European Union (EU),Audi,UNITS,M,46521,2024-05,1717113600000
2024-05-31,European Union (EU),Audi,YTD,M,218656,2024-05,1717113600000
2024-05-31,European Union (EU),BMW,TTM,M,618008,2024-05,1717113600000
2024-05-31,European Union (EU),BMW,UNITS,M,52137,2024-05,1717113600000
2024-05-31,European Union (EU),BMW,YTD,M,263863,2024-05,1717113600000
2024-05-31,European Union (EU),BMW Group,TTM,M,740541,2024-05,1717113600000
2024-05-31,European Union (EU),BMW Group,UNITS,M,58472,2024-05,1717113600000
2024-05-31,European Union (EU),BMW Group,YTD,M,305474,2024-05,1717113600000
2024-05-31,European Union (EU),Citroen,TTM,M,363373,2024-05,1717113600000
2024-05-31,European Union (EU),Citroen,UNITS,M,30141,2024-05,1717113600000
2024-05-31,European Union (EU),Citroen,YTD,M,175101,2024-05,1717113600000
2024-05-31,European Union (EU),Cupra,TTM,M,180666,2024-05,1717113600000
2024-05-31,European Union (EU),Cupra,UNITS,M,17275,2024-05,1717113600000
2024-05-31,European Union (EU),Cupra,YTD,M,74088,2024-05,1717113600000
2024-05-31,European Union (EU),DS,TTM,M,42170,2024-05,1717113600000
2024-05-31,European Union (EU),DS,UNITS,M,2797,2024-05,1717113600000
2024-05-31,European Union (EU),DS,YTD,M,17949,2024-05,1717113600000
2024-05-31,European Union (EU),Dacia,TTM,M,529578,2024-05,1717113600000
2024-05-31,European Union (EU),Dacia,UNITS,M,40128,2024-05,1717113600000
2024-05-31,European Union (EU),Dacia,YTD,M,228329,2024-05,1717113600000
2024-05-31,European Union (EU),Fiat,TTM,M,364981,2024-05,1717113600000
2024-05-31,European Union (EU),Fiat,UNITS,M,26975,2024-05,1717113600000
2024-05-31,European Union (EU),Fiat,YTD,M,155087,2024-05,1717113600000
2024-05-31,European Union (EU),Ford,TTM,M,342398,2024-05,1717113600000
2024-05-31,European Union (EU),Ford,UNITS,M,26897,2024-05,1717113600000
2024-05-31,European Union (EU),Ford,YTD,M,139863,2024-05,1717113600000
2024-05-31,European Union (EU),Honda,TTM,M,42388,2024-05,1717113600000
2024-05-31,European Union (EU),Honda,UNITS,M,3027,2024-05,1717113600000
2024-05-31,European Union (EU),Honda,YTD,M,20477,2024-05,1717113600000
2024-05-31,European Union (EU),Hyundai,TTM,M,447193,2024-05,1717113600000
2024-05-31,European Union (EU),Hyundai,UNITS,M,37942,2024-05,1717113600000
2024-05-31,European Union (EU),Hyundai,YTD,M,184503,2024-05,1717113600000
2024-05-31,European Union (EU),Hyundai Group,TTM,M,895404,2024-05,1717113600000
2024-05-31,European Union (EU),Hyundai Group,UNITS,M,73413,2024-05,1717113600000
2024-05-31,European Union (EU),Hyundai Group,YTD,M,368034,2024-05,1717113600000
2024-05-31,European Union (EU),Jaguar,TTM,M,9274,2024-05,1717113600000
2024-05-31,European Union (EU),Jaguar,UNITS,M,512,2024-05,1717113600000
2024-05-31,European Union (EU),Jaguar,YTD,M,3167,2024-05,1717113600000
2024-05-31,European Union (EU),Jaguar Land Rover Group,TTM,M,70794,2024-05,1717113600000
2024-05-31,European Union (EU),Jaguar Land Rover Group,UNITS,M,5941,2024-05,1717113600000
2024-05-31,European Union (EU),Jaguar Land Rover Group,YTD,M,28792,2024-05,1717113600000
2024-05-31,European Union (EU),Jeep,TTM,M,130218,2024-05,1717113600000
2024-05-31,European Union (EU),Jeep,UNITS,M,11007,2024-05,1717113600000
2024-05-31,European Union (EU),Jeep,YTD,M,56904,2024-05,1717113600000
2024-05-31,European Union (EU),Kia,TTM,M,448211,2024-05,1717113600000
2024-05-31,European Union (EU),Kia,UNITS,M,35471,2024-05,1717113600000
2024-05-31,European Union (EU),Kia,YTD,M,183531,2024-05,1717113600000
2024-05-31,European Union (EU),Lancia/Chrysler,TTM,M,48044,2024-05,1717113600000
2024-05-31,European Union (EU),Lancia/Chrysler,UNITS,M,3854,2024-05,1717113600000
2024-05-31,European Union (EU),Lancia/Chrysler,YTD,M,21732,2024-05,1717113600000
2024-05-31,European Union (EU),Land Rover,TTM,M,61520,2024-05,1717113600000
2024-05-31,European Union (EU),Land Rover,UNITS,M,5429,2024-05,1717113600000
2024-05-31,European Union (EU),Land Rover,YTD,M,25625,2024-05,1717113600000
2024-05-31,European Union (EU),Lexus,TTM,M,54302,2024-05,1717113600000
2024-05-31,European Union (EU),Lexus,UNITS,M,5897,2024-05,1717113600000
2024-05-31,European Union (EU),Lexus,YTD,M,28228,2024-05,1717113600000
2024-05-31,European Union (EU),Mazda,TTM,M,149058,2024-05,1717113600000
2024-05-31,European Union (EU),Mazda,UNITS,M,12322,2024-05,1717113600000
2024-05-31,European Union (EU),Mazda,YTD,M,63770,2024-05,1717113600000
2024-05-31,European Union (EU),Mercedes,TTM,M,573118,2024-05,1717113600000
2024-05-31,European Union (EU),Mercedes,UNITS,M,43815,2024-05,1717113600000
2024-05-31,European Union (EU),Mercedes,YTD,M,235675,2024-05,1717113600000
2024-05-31,European Union (EU),Mercedes-Benz,TTM,M,600287,2024-05,1717113600000
2024-05-31,European Union (EU),Mercedes-Benz,UNITS,M,46106,2024-05,1717113600000
2024-05-31,European Union (EU),Mercedes-Benz,YTD,M,246950,2024-05,1717113600000
2024-05-31,European Union (EU),Mini,TTM,M,122533,2024-05,1717113600000
2024-05-31,European Union (EU),Mini,UNITS,M,6335,2024-05,1717113600000
2024-05-31,European Union (EU),Mini,YTD,M,41611,2024-05,1717113600000
2024-05-31,European Union (EU),Mitsubishi,TTM,M,62779,2024-05,1717113600000
2024-05-31,European Union (EU),Mitsubishi,UNITS,M,4597,2024-05,1717113600000
2024-05-31,European Union (EU),Mitsubishi,YTD,M,37300,2024-05,1717113600000
2024-05-31,European Union (EU),Nissan,TTM,M,228691,2024-05,1717113600000
2024-05-31,European Union (EU),Nissan,UNITS,M,14671,2024-05,1717113600000
2024-05-31,European Union (EU),Nissan,YTD,M,112245,2024-05,1717113600000
2024-05-31,European Union (EU),Opel/Vauxhall,TTM,M,352601,2024-05,1717113600000
2024-05-31,European Union (EU),Opel/Vauxhall,UNITS,M,31101,2024-05,1717113600000
2024-05-31,European Union (EU),Opel/Vauxhall,YTD,M,155832,2024-05,1717113600000
2024-05-31,European Union (EU),Peugeot,TTM,M,573765,2024-05,1717113600000
2024-05-31,European Union (EU),Peugeot,UNITS,M,48436,2024-05,1717113600000
2024-05-31,European Union (EU),Peugeot,YTD,M,266154,2024-05,1717113600000
2024-05-31,European Union (EU),Porsche,TTM,M,79432,2024-05,1717113600000
2024-05-31,European Union (EU),Porsche,UNITS,M,6623,2024-05,1717113600000
2024-05-31,European Union (EU),Porsche,YTD,M,40216,2024-05,1717113600000
2024-05-31,European Union (EU),Renault,TTM,M,644909,2024-05,1717113600000
2024-05-31,European Union (EU),Renault,UNITS,M,57625,2024-05,1717113600000
2024-05-31,European Union (EU),Renault,YTD,M,262412,2024-05,1717113600000
2024-05-31,European Union (EU),Renault Group,TTM,M,1178806,2024-05,1717113600000
2024-05-31,European Union (EU),Renault Group,UNITS,M,98081,2024-05,1717113600000
2024-05-31,European Union (EU),Renault Group,YTD,M,492217,2024-05,1717113600000
2024-05-31,European Union (EU),SAIC Motor,TTM,M,161397,2024-05,1717113600000
2024-05-31,European Union (EU),SAIC Motor,UNITS,M,13562,2024-05,1717113600000
2024-05-31,European Union (EU),SAIC Motor,YTD,M,60819,2024-05,1717113600000
2024-05-31,European Union (EU),Seat,TTM,M,222873,2024-05,1717113600000
2024-05-31,European Union (EU),Seat,UNITS,M,21402,2024-05,1717113600000
2024-05-31,European Union (EU),Seat,YTD,M,102011,2024-05,1717113600000
2024-05-31,European Union (EU),Skoda,TTM,M,615781,2024-05,1717113600000
2024-05-31,European Union (EU),Skoda,UNITS,M,53439,2024-05,1717113600000
2024-05-31,European Union (EU),Skoda,YTD,M,271190,2024-05,1717113600000
2024-05-31,European Union (EU),Smart,TTM,M,27169,2024-05,1717113600000
2024-05-31,European Union (EU),Smart,UNITS,M,2291,2024-05,1717113600000
2024-05-31,European Union (EU),Smart,YTD,M,11275,2024-05,1717113600000
2024-05-31,European Union (EU),Stellantis,TTM,M,1930155,2024-05,1717113600000
2024-05-31,European Union (EU),Stellantis,UNITS,M,158533,2024-05,1717113600000
2024-05-31,European Union (EU),Stellantis,YTD,M,871810,2024-05,1717113600000
2024-05-31,European Union (EU),Suzuki,TTM,M,178413,2024-05,1717113600000
2024-05-31,European Union (EU),Suzuki,UNITS,M,14308,2024-05,1717113600000
2024-05-31,European Union (EU),Suzuki,YTD,M,82968,2024-05,1717113600000
2024-05-31,European Union (EU),Tesla,TTM,M,272115,2024-05,1717113600000
2024-05-31,European Union (EU),Tesla,UNITS,M,14682,2024-05,1717113600000
2024-05-31,European Union (EU),Tesla,YTD,M,108919,2024-05,1717113600000
2024-05-31,European Union (EU),Toyota,TTM,M,794597,2024-05,1717113600000
2024-05-31,European Union (EU),Toyota,UNITS,M,71994,2024-05,1717113600000
2024-05-31,European Union (EU),Toyota,YTD,M,393770,2024-05,1717113600000
2024-05-31,European Union (EU),Toyota Group,TTM,M,848899,2024-05,1717113600000
2024-05-31,European Union (EU),Toyota Group,UNITS,M,77891,2024-05,1717113600000
2024-05-31,European Union (EU),Toyota Group,YTD,M,421998,2024-05,1717113600000
2024-05-31,European Union (EU),Volkswagen,TTM,M,1163860,2024-05,1717113600000
2024-05-31,European Union (EU),Volkswagen,UNITS,M,105895,2024-05,1717113600000
2024-05-31,European Union (EU),Volkswagen,YTD,M,485406,2024-05,1717113600000
2024-05-31,European Union (EU),Volkswagen Group,TTM,M,2824452,2024-05,1717113600000
2024-05-31,European Union (EU),Volkswagen Group,UNITS,M,251719,2024-05,1717113600000
2024-05-31,European Union (EU),Volkswagen Group,YTD,M,1194311,2024-05,1717113600000
2024-05-31,European Union (EU),Volvo Cars,TTM,M,264507,2024-05,1717113600000
2024-05-31,European Union (EU),Volvo Cars,UNITS,M,26473,2024-05,1717113600000
2024-05-31,European Union (EU),Volvo Cars,YTD,M,131157,2024-05,1717113600000
2024-06-30,EU + EFTA + UK,Alfa Romeo,TTM,M,55782,2024-06,1719705600000
2024-06-30,EU + EFTA + UK,Alfa Romeo,UNITS,M,3940,2024-06,1719705600000
2024-06-30,EU + EFTA + UK,Alfa Romeo,YTD,M,24844,2024-06,1719705600000
2024-06-30,EU + EFTA + UK,Alpine,TTM,M,6184,2024-06,1719705600000
2024-06-30,EU + EFTA + UK,Alpine,UNITS,M,834,2024-06,1719705600000
2024-06-30,EU + EFTA + UK,Alpine,YTD,M,2566,2024-06,1719705600000
2024-06-30,EU + EFTA + UK,Audi,TTM,M,763209,2024-06,1719705600000
2024-06-30,EU + EFTA + UK,Audi,UNITS,M,65493,2024-06,1719705600000
2024-06-30,EU + EFTA + UK,Audi,YTD,M,345004,2024-06,1719705600000
2024-06-30,EU + EFTA + UK,BMW,TTM,M,802883,2024-06,1719705600000
2024-06-30,EU + EFTA + UK,BMW,UNITS,M,71026,2024-06,1719705600000
2024-06-30,EU + EFTA + UK,BMW,YTD,M,398167,2024-06,1719705600000
2024-06-30,EU + EFTA + UK,BMW Group,TTM,M,977646,2024-06,1719705600000
2024-06-30,EU + EFTA + UK,BMW Group,UNITS,M,82665,2024-06,1719705600000
2024-06-30,EU + EFTA + UK,BMW Group,YTD,M,467321,2024-06,1719705600000
2024-06-30,EU + EFTA + UK,Citroen,TTM,M,421069,2024-06,1719705600000
2024-06-30,EU + EFTA + UK,Citroen,UNITS,M,43252,2024-06,1719705600000
2024-06-30,EU + EFTA + UK,Citroen,YTD,M,223494,2024-06,1719705600000
2024-06-30,EU + EFTA + UK,Cupra,TTM,M,230415,2024-06,1719705600000
2024-06-30,EU + EFTA + UK,Cupra,UNITS,M,26075,2024-06,1719705600000
2024-06-30,EU + EFTA + UK,Cupra,YTD,M,113272,2024-06,1719705600000
2024-06-30,EU + EFTA + UK,DS,TTM,M,50692,2024-06,1719705600000
2024-06-30,EU + EFTA + UK,DS,UNITS,M,3782,2024-06,1719705600000
2024-06-30,EU + EFTA + UK,DS,YTD,M,21448,2024-06,1719705600000
2024-06-30,EU + EFTA + UK,Dacia,TTM,M,628814,2024-06,1719705600000
2024-06-30,EU + EFTA + UK,Dacia,UNITS,M,60398,2024-06,1719705600000
2024-06-30,EU + EFTA + UK,Dacia,YTD,M,305684,2024-06,1719705600000
2024-06-30,EU + EFTA + UK,Fiat,TTM,M,398424,2024-06,1719705600000
2024-06-30,EU + EFTA + UK,Fiat,UNITS,M,38352,2024-06,1719705600000
2024-06-30,EU + EFTA + UK,Fiat,YTD,M,197136,2024-06,1719705600000
2024-06-30,EU + EFTA + UK,Ford,TTM,M,516021,2024-06,1719705600000
2024-06-30,EU + EFTA + UK,Ford,UNITS,M,38301,2024-06,1719705600000
2024-06-30,EU + EFTA + UK,Ford,YTD,M,226555,2024-06,1719705600000
2024-06-30,EU + EFTA + UK,Honda,TTM,M,69909,2024-06,1719705600000
2024-06-30,EU + EFTA + UK,Honda,UNITS,M,6072,2024-06,1719705600000
2024-06-30,EU + EFTA + UK,Honda,YTD,M,41309,2024-06,1719705600000
2024-06-30,EU + EFTA + UK,Hyundai,TTM,M,584398,2024-06,1719705600000
2024-06-30,EU + EFTA + UK,Hyundai,UNITS,M,53384,2024-06,1719705600000
2024-06-30,EU + EFTA + UK,Hyundai,YTD,M,281984,2024-06,1719705600000
2024-06-30,EU + EFTA + UK,Hyundai Group,TTM,M,1174049,2024-06,1719705600000
2024-06-30,EU + EFTA + UK,Hyundai Group,UNITS,M,102335,2024-06,1719705600000
2024-06-30,EU + EFTA + UK,Hyundai Group,YTD,M,564328,2024-06,1719705600000
2024-06-30,EU + EFTA + UK,Jaguar,TTM,M,29174,2024-06,1719705600000
2024-06-30,EU + EFTA + UK,Jaguar,UNITS,M,1819,2024-06,1719705600000
2024-06-30,EU + EFTA + UK,Jaguar,YTD,M,14339,2024-06,1719705600000
2024-06-30,EU + EFTA + UK,Jaguar Land Rover Group,TTM,M,163277,2024-06,1719705600000
2024-06-30,EU + EFTA + UK,Jaguar Land Rover Group,UNITS,M,13492,2024-06,1719705600000
2024-06-30,EU + EFTA + UK,Jaguar Land Rover Group,YTD,M,83439,2024-06,1719705600000
2024-06-30,EU + EFTA + UK,Jeep,TTM,M,139805,2024-06,1719705600000
2024-06-30,EU + EFTA + UK,Jeep,UNITS,M,12183,2024-06,1719705600000
2024-06-30,EU + EFTA + UK,Jeep,YTD,M,70831,2024-06,1719705600000
2024-06-30,EU + EFTA + UK,Kia,TTM,M,589651,2024-06,1719705600000
2024-06-30,EU + EFTA + UK,Kia,UNITS,M,48951,2024-06,1719705600000
2024-06-30,EU + EFTA + UK,Kia,YTD,M,282344,2024-06,1719705600000
2024-06-30,EU + EFTA + UK,Lancia/Chrysler,TTM,M,50450,2024-06,1719705600000
2024-06-30,EU + EFTA + UK,Lancia/Chrysler,UNITS,M,4179,2024-06,1719705600000
2024-06-30,EU + EFTA + UK,Lancia/Chrysler,YTD,M,24834,2024-06,1719705600000
2024-06-30,EU + EFTA + UK,Land Rover,TTM,M,134103,2024-06,1719705600000
2024-06-30,EU + EFTA + UK,Land Rover,UNITS,M,11673,2024-06,1719705600000
2024-06-30,EU + EFTA + UK,Land Rover,YTD,M,69100,2024-06,1719705600000
2024-06-30,EU + EFTA + UK,Lexus,TTM,M,74581,2024-06,1719705600000
2024-06-30,EU + EFTA + UK,Lexus,UNITS,M,7120,2024-06,1719705600000
2024-06-30,EU + EFTA + UK,Lexus,YTD,M,36349,2024-06,1719705600000
2024-06-30,EU + EFTA + UK,Mazda,TTM,M,194852,2024-06,1719705600000
2024-06-30,EU + EFTA + UK,Mazda,UNITS,M,19054,2024-06,1719705600000
2024-06-30,EU + EFTA + UK,Mazda,YTD,M,93365,2024-06,1719705600000
2024-06-30,EU + EFTA + UK,Mercedes,TTM,M,706148,2024-06,1719705600000
2024-06-30,EU + EFTA + UK,Mercedes,UNITS,M,61547,2024-06,1719705600000
2024-06-30,EU + EFTA + UK,Mercedes,YTD,M,334174,2024-06,1719705600000
2024-06-30,EU + EFTA + UK,Mercedes-Benz,TTM,M,736075,2024-06,1719705600000
2024-06-30,EU + EFTA + UK,Mercedes-Benz,UNITS,M,64748,2024-06,1719705600000
2024-06-30,EU + EFTA + UK,Mercedes-Benz,YTD,M,349657,2024-06,1719705600000
2024-06-30,EU + EFTA + UK,Mini,TTM,M,174763,2024-06,1719705600000
2024-06-30,EU + EFTA + UK,Mini,UNITS,M,11639,2024-06,1719705600000
2024-06-30,EU + EFTA + UK,Mini,YTD,M,69154,2024-06,1719705600000
2024-06-30,EU + EFTA + UK,Mitsubishi,TTM,M,63820,2024-06,1719705600000
2024-06-30,EU + EFTA + UK,Mitsubishi,UNITS,M,6739,2024-06,1719705600000
2024-06-30,EU + EFTA + UK,Mitsubishi,YTD,M,37648,2024-06,1719705600000
2024-06-30,EU + EFTA + UK,Nissan,TTM,M,335747,2024-06,1719705600000
2024-06-30,EU + EFTA + UK,Nissan,UNITS,M,29893,2024-06,1719705600000
2024-06-30,EU + EFTA + UK,Nissan,YTD,M,176313,2024-06,1719705600000
2024-06-30,EU + EFTA + UK,Opel/Vauxhall,TTM,M,499618,2024-06,1719705600000
2024-06-30,EU + EFTA + UK,Opel/Vauxhall,UNITS,M,43046,2024-06,1719705600000
2024-06-30,EU + EFTA + UK,Opel/Vauxhall,YTD,M,233610,2024-06,1719705600000
2024-06-30,EU + EFTA + UK,Peugeot,TTM,M,704414,2024-06,1719705600000
2024-06-30,EU + EFTA + UK,Peugeot,UNITS,M,57097,2024-06,1719705600000
2024-06-30,EU + EFTA + UK,Peugeot,YTD,M,345662,2024-06,1719705600000
2024-06-30,EU + EFTA + UK,Porsche,TTM,M,112153,2024-06,1719705600000
2024-06-30,EU + EFTA + UK,Porsche,UNITS,M,8194,2024-06,1719705600000
2024-06-30,EU + EFTA + UK,Porsche,YTD,M,58411,2024-06,1719705600000
2024-06-30,EU + EFTA + UK,Renault,TTM,M,813639,2024-06,1719705600000
2024-06-30,EU + EFTA + UK,Renault,UNITS,M,81684,2024-06,1719705600000
2024-06-30,EU + EFTA + UK,Renault,YTD,M,363757,2024-06,1719705600000
2024-06-30,EU + EFTA + UK,Renault Group,TTM,M,1448637,2024-06,1719705600000
2024-06-30,EU + EFTA + UK,Renault Group,UNITS,M,142916,2024-06,1719705600000
2024-06-30,EU + EFTA + UK,Renault Group,YTD,M,672007,2024-06,1719705600000
2024-06-30,EU + EFTA + UK,SAIC Motor,TTM,M,284459,2024-06,1719705600000
2024-06-30,EU + EFTA + UK,SAIC Motor,UNITS,M,31589,2024-06,1719705600000
2024-06-30,EU + EFTA + UK,SAIC Motor,YTD,M,128790,2024-06,1719705600000
2024-06-30,EU + EFTA + UK,Seat,TTM,M,291741,2024-06,1719705600000
2024-06-30,EU + EFTA + UK,Seat,UNITS,M,29427,2024-06,1719705600000
2024-06-30,EU + EFTA + UK,Seat,YTD,M,150633,2024-06,1719705600000
2024-06-30,EU + EFTA + UK,Skoda,TTM,M,746444,2024-06,1719705600000
2024-06-30,EU + EFTA + UK,Skoda,UNITS,M,69522,2024-06,1719705600000
2024-06-30,EU + EFTA + UK,Skoda,YTD,M,381013,2024-06,1719705600000
2024-06-30,EU + EFTA + UK,Smart,TTM,M,29927,2024-06,1719705600000
2024-06-30,EU + EFTA + UK,Smart,UNITS,M,3201,2024-06,1719705600000
2024-06-30,EU + EFTA + UK,Smart,YTD,M,15483,2024-06,1719705600000
2024-06-30,EU + EFTA + UK,Stellantis,TTM,M,2328934,2024-06,1719705600000
2024-06-30,EU + EFTA + UK,Stellantis,UNITS,M,206358,2024-06,1719705600000
2024-06-30,EU + EFTA + UK,Stellantis,YTD,M,1145260,2024-06,1719705600000
2024-06-30,EU + EFTA + UK,Suzuki,TTM,M,214611,2024-06,1719705600000
2024-06-30,EU + EFTA + UK,Suzuki,UNITS,M,21769,2024-06,1719705600000
2024-06-30,EU + EFTA + UK,Suzuki,YTD,M,115483,2024-06,1719705600000
2024-06-30,EU + EFTA + UK,Tesla,TTM,M,446839,2024-06,1719705600000
2024-06-30,EU + EFTA + UK,Tesla,UNITS,M,45087,2024-06,1719705600000
2024-06-30,EU + EFTA + UK,Tesla,YTD,M,164450,2024-06,1719705600000
2024-06-30,EU + EFTA + UK,Toyota,TTM,M,926107,2024-06,1719705600000
2024-06-30,EU + EFTA + UK,Toyota,UNITS,M,86022,2024-06,1719705600000
2024-06-30,EU + EFTA + UK,Toyota,YTD,M,484202,2024-06,1719705600000
2024-06-30,EU + EFTA + UK,Toyota Group,TTM,M,1000688,2024-06,1719705600000
2024-06-30,EU + EFTA + UK,Toyota Group,UNITS,M,93142,2024-06,1719705600000
2024-06-30,EU + EFTA + UK,Toyota Group,YTD,M,520551,2024-06,1719705600000
2024-06-30,EU + EFTA + UK,Volkswagen,TTM,M,1522547,2024-06,1719705600000
2024-06-30,EU + EFTA + UK,Volkswagen,UNITS,M,145414,2024-06,1719705600000
2024-06-30,EU + EFTA + UK,Volkswagen,YTD,M,713456,2024-06,1719705600000
2024-06-30,EU + EFTA + UK,Volkswagen Group,TTM,M,3676363,2024-06,1719705600000
2024-06-30,EU + EFTA + UK,Volkswagen Group,UNITS,M,345097,2024-06,1719705600000
2024-06-30,EU + EFTA + UK,Volkswagen Group,YTD,M,1766507,2024-06,1719705600000
2024-06-30,EU + EFTA + UK,Volvo Cars,TTM,M,357337,2024-06,1719705600000
2024-06-30,EU + EFTA + UK,Volvo Cars,UNITS,M,34710,2024-06,1719705600000
2024-06-30,EU + EFTA + UK,Volvo Cars,YTD,M,194945,2024-06,1719705600000
2024-06-30,European Union (EU),Alfa Romeo,TTM,M,46815,2024-06,1719705600000
2024-06-30,European Union (EU),Alfa Romeo,UNITS,M,3649,2024-06,1719705600000
2024-06-30,European Union (EU),Alfa Romeo,YTD,M,24191,2024-06,1719705600000
2024-06-30,European Union (EU),Alpine,TTM,M,4593,2024-06,1719705600000
2024-06-30,European Union (EU),Alpine,UNITS,M,800,2024-06,1719705600000
2024-06-30,European Union (EU),Alpine,YTD,M,2276,2024-06,1719705600000
2024-06-30,European Union (EU),Audi,TTM,M,549557,2024-06,1719705600000
2024-06-30,European Union (EU),Audi,UNITS,M,51236,2024-06,1719705600000
2024-06-30,European Union (EU),Audi,YTD,M,269892,2024-06,1719705600000
2024-06-30,European Union (EU),BMW,TTM,M,620717,2024-06,1719705600000
2024-06-30,European Union (EU),BMW,UNITS,M,54754,2024-06,1719705600000
2024-06-30,European Union (EU),BMW,YTD,M,318617,2024-06,1719705600000
2024-06-30,European Union (EU),BMW Group,TTM,M,738010,2024-06,1719705600000
2024-06-30,European Union (EU),BMW Group,UNITS,M,62400,2024-06,1719705600000
2024-06-30,European Union (EU),BMW Group,YTD,M,367874,2024-06,1719705600000
2024-06-30,European Union (EU),Citroen,TTM,M,370952,2024-06,1719705600000
2024-06-30,European Union (EU),Citroen,UNITS,M,40705,2024-06,1719705600000
2024-06-30,European Union (EU),Citroen,YTD,M,215806,2024-06,1719705600000
2024-06-30,European Union (EU),Cupra,TTM,M,187047,2024-06,1719705600000
2024-06-30,European Union (EU),Cupra,UNITS,M,22930,2024-06,1719705600000
2024-06-30,European Union (EU),Cupra,YTD,M,97018,2024-06,1719705600000
2024-06-30,European Union (EU),DS,TTM,M,40913,2024-06,1719705600000
2024-06-30,European Union (EU),DS,UNITS,M,3672,2024-06,1719705600000
2024-06-30,European Union (EU),DS,YTD,M,21621,2024-06,1719705600000
2024-06-30,European Union (EU),Dacia,TTM,M,534119,2024-06,1719705600000
2024-06-30,European Union (EU),Dacia,UNITS,M,56689,2024-06,1719705600000
2024-06-30,European Union (EU),Dacia,YTD,M,285018,2024-06,1719705600000
2024-06-30,European Union (EU),Fiat,TTM,M,368394,2024-06,1719705600000
2024-06-30,European Union (EU),Fiat,UNITS,M,36786,2024-06,1719705600000
2024-06-30,European Union (EU),Fiat,YTD,M,191873,2024-06,1719705600000
2024-06-30,European Union (EU),Ford,TTM,M,336571,2024-06,1719705600000
2024-06-30,European Union (EU),Ford,UNITS,M,29196,2024-06,1719705600000
2024-06-30,European Union (EU),Ford,YTD,M,169059,2024-06,1719705600000
2024-06-30,European Union (EU),Honda,TTM,M,43577,2024-06,1719705600000
2024-06-30,European Union (EU),Honda,UNITS,M,3531,2024-06,1719705600000
2024-06-30,European Union (EU),Honda,YTD,M,24008,2024-06,1719705600000
2024-06-30,European Union (EU),Hyundai,TTM,M,447560,2024-06,1719705600000
2024-06-30,European Union (EU),Hyundai,UNITS,M,42429,2024-06,1719705600000
2024-06-30,European Union (EU),Hyundai,YTD,M,226932,2024-06,1719705600000
2024-06-30,European Union (EU),Hyundai Group,TTM,M,889699,2024-06,1719705600000
2024-06-30,European Union (EU),Hyundai Group,UNITS,M,80098,2024-06,1719705600000
2024-06-30,European Union (EU),Hyundai Group,YTD,M,448132,2024-06,1719705600000
2024-06-30,European Union (EU),Jaguar,TTM,M,8744,2024-06,1719705600000
2024-06-30,European Union (EU),Jaguar,UNITS,M,603,2024-06,1719705600000
2024-06-30,European Union (EU),Jaguar,YTD,M,3770,2024-06,1719705600000
2024-06-30,European Union (EU),Jaguar Land Rover Group,TTM,M,70372,2024-06,1719705600000
2024-06-30,European Union (EU),Jaguar Land Rover Group,UNITS,M,6267,2024-06,1719705600000
2024-06-30,European Union (EU),Jaguar Land Rover Group,YTD,M,35059,2024-06,1719705600000
2024-06-30,European Union (EU),Jeep,TTM,M,130359,2024-06,1719705600000
2024-06-30,European Union (EU),Jeep,UNITS,M,11481,2024-06,1719705600000
2024-06-30,European Union (EU),Jeep,YTD,M,68385,2024-06,1719705600000
2024-06-30,European Union (EU),Kia,TTM,M,442139,2024-06,1719705600000
2024-06-30,European Union (EU),Kia,UNITS,M,37669,2024-06,1719705600000
2024-06-30,European Union (EU),Kia,YTD,M,221200,2024-06,1719705600000
2024-06-30,European Union (EU),Lancia/Chrysler,TTM,M,47706,2024-06,1719705600000
2024-06-30,European Union (EU),Lancia/Chrysler,UNITS,M,4179,2024-06,1719705600000
2024-06-30,European Union (EU),Lancia/Chrysler,YTD,M,25911,2024-06,1719705600000
2024-06-30,European Union (EU),Land Rover,TTM,M,61628,2024-06,1719705600000
2024-06-30,European Union (EU),Land Rover,UNITS,M,5664,2024-06,1719705600000
2024-06-30,European Union (EU),Land Rover,YTD,M,31289,2024-06,1719705600000
2024-06-30,European Union (EU),Lexus,TTM,M,56782,2024-06,1719705600000
2024-06-30,European Union (EU),Lexus,UNITS,M,6921,2024-06,1719705600000
2024-06-30,European Union (EU),Lexus,YTD,M,35149,2024-06,1719705600000
2024-06-30,European Union (EU),Mazda,TTM,M,150606,2024-06,1719705600000
2024-06-30,European Union (EU),Mazda,UNITS,M,15416,2024-06,1719705600000
2024-06-30,European Union (EU),Mazda,YTD,M,79186,2024-06,1719705600000
2024-06-30,European Union (EU),Mercedes,TTM,M,573176,2024-06,1719705600000
2024-06-30,European Union (EU),Mercedes,UNITS,M,50592,2024-06,1719705600000
2024-06-30,European Union (EU),Mercedes,YTD,M,286267,2024-06,1719705600000
2024-06-30,European Union (EU),Mercedes-Benz,TTM,M,601102,2024-06,1719705600000
2024-06-30,European Union (EU),Mercedes-Benz,UNITS,M,53562,2024-06,1719705600000
2024-06-30,European Union (EU),Mercedes-Benz,YTD,M,300512,2024-06,1719705600000
2024-06-30,European Union (EU),Mini,TTM,M,117293,2024-06,1719705600000
2024-06-30,European Union (EU),Mini,UNITS,M,7646,2024-06,1719705600000
2024-06-30,European Union (EU),Mini,YTD,M,49257,2024-06,1719705600000
2024-06-30,European Union (EU),Mitsubishi,TTM,M,65143,2024-06,1719705600000
2024-06-30,European Union (EU),Mitsubishi,UNITS,M,6537,2024-06,1719705600000
2024-06-30,European Union (EU),Mitsubishi,YTD,M,43837,2024-06,1719705600000
2024-06-30,European Union (EU),Nissan,TTM,M,230566,2024-06,1719705600000
2024-06-30,European Union (EU),Nissan,UNITS,M,19965,2024-06,1719705600000
2024-06-30,European Union (EU),Nissan,YTD,M,132210,2024-06,1719705600000
2024-06-30,European Union (EU),Opel/Vauxhall,TTM,M,352685,2024-06,1719705600000
2024-06-30,European Union (EU),Opel/Vauxhall,UNITS,M,36391,2024-06,1719705600000
2024-06-30,European Union (EU),Opel/Vauxhall,YTD,M,192223,2024-06,1719705600000
2024-06-30,European Union (EU),Peugeot,TTM,M,567233,2024-06,1719705600000
2024-06-30,European Union (EU),Peugeot,UNITS,M,52044,2024-06,1719705600000
2024-06-30,European Union (EU),Peugeot,YTD,M,318198,2024-06,1719705600000
2024-06-30,European Union (EU),Porsche,TTM,M,79217,2024-06,1719705600000
2024-06-30,European Union (EU),Porsche,UNITS,M,6254,2024-06,1719705600000
2024-06-30,European Union (EU),Porsche,YTD,M,46470,2024-06,1719705600000
2024-06-30,European Union (EU),Renault,TTM,M,647692,2024-06,1719705600000
2024-06-30,European Union (EU),Renault,UNITS,M,74249,2024-06,1719705600000
2024-06-30,European Union (EU),Renault,YTD,M,336661,2024-06,1719705600000
2024-06-30,European Union (EU),Renault Group,TTM,M,1186404,2024-06,1719705600000
2024-06-30,European Union (EU),Renault Group,UNITS,M,131738,2024-06,1719705600000
2024-06-30,European Union (EU),Renault Group,YTD,M,623955,2024-06,1719705600000
2024-06-30,European Union (EU),SAIC Motor,TTM,M,164872,2024-06,1719705600000
2024-06-30,European Union (EU),SAIC Motor,UNITS,M,21031,2024-06,1719705600000
2024-06-30,European Union (EU),SAIC Motor,YTD,M,81850,2024-06,1719705600000
2024-06-30,European Union (EU),Seat,TTM,M,227275,2024-06,1719705600000
2024-06-30,European Union (EU),Seat,UNITS,M,25656,2024-06,1719705600000
2024-06-30,European Union (EU),Seat,YTD,M,127667,2024-06,1719705600000
2024-06-30,European Union (EU),Skoda,TTM,M,623650,2024-06,1719705600000
2024-06-30,European Union (EU),Skoda,UNITS,M,60619,2024-06,1719705600000
2024-06-30,European Union (EU),Skoda,YTD,M,331809,2024-06,1719705600000
2024-06-30,European Union (EU),Smart,TTM,M,27926,2024-06,1719705600000
2024-06-30,European Union (EU),Smart,UNITS,M,2970,2024-06,1719705600000
2024-06-30,European Union (EU),Smart,YTD,M,14245,2024-06,1719705600000
2024-06-30,European Union (EU),Stellantis,TTM,M,1931392,2024-06,1719705600000
2024-06-30,European Union (EU),Stellantis,UNITS,M,189364,2024-06,1719705600000
2024-06-30,European Union (EU),Stellantis,YTD,M,1061174,2024-06,1719705600000
2024-06-30,European Union (EU),Suzuki,TTM,M,183325,2024-06,1719705600000
2024-06-30,European Union (EU),Suzuki,UNITS,M,18566,2024-06,1719705600000
2024-06-30,European Union (EU),Suzuki,YTD,M,101534,2024-06,1719705600000
2024-06-30,European Union (EU),Tesla,TTM,M,269862,2024-06,1719705600000
2024-06-30,European Union (EU),Tesla,UNITS,M,33610,2024-06,1719705600000
2024-06-30,European Union (EU),Tesla,YTD,M,142529,2024-06,1719705600000
2024-06-30,European Union (EU),Toyota,TTM,M,813561,2024-06,1719705600000
2024-06-30,European Union (EU),Toyota,UNITS,M,81474,2024-06,1719705600000
2024-06-30,European Union (EU),Toyota,YTD,M,475244,2024-06,1719705600000
2024-06-30,European Union (EU),Toyota Group,TTM,M,870343,2024-06,1719705600000
2024-06-30,European Union (EU),Toyota Group,UNITS,M,88395,2024-06,1719705600000
2024-06-30,European Union (EU),Toyota Group,YTD,M,510393,2024-06,1719705600000
2024-06-30,European Union (EU),Volkswagen,TTM,M,1171884,2024-06,1719705600000
2024-06-30,European Union (EU),Volkswagen,UNITS,M,126223,2024-06,1719705600000
2024-06-30,European Union (EU),Volkswagen,YTD,M,611629,2024-06,1719705600000
2024-06-30,European Union (EU),Volkswagen Group,TTM,M,2844778,2024-06,1719705600000
2024-06-30,European Union (EU),Volkswagen Group,UNITS,M,293678,2024-06,1719705600000
2024-06-30,European Union (EU),Volkswagen Group,YTD,M,1487989,2024-06,1719705600000
2024-06-30,European Union (EU),Volvo Cars,TTM,M,270270,2024-06,1719705600000
2024-06-30,European Union (EU),Volvo Cars,UNITS,M,25974,2024-06,1719705600000
2024-06-30,European Union (EU),Volvo Cars,YTD,M,157131,2024-06,1719705600000
2024-07-31,EU + EFTA + UK,Alfa Romeo,TTM,M,53390,2024-07,1722384000000
2024-07-31,EU + EFTA + UK,Alfa Romeo,UNITS,M,3104,2024-07,1722384000000
2024-07-31,EU + EFTA + UK,Alfa Romeo,YTD,M,27948,2024-07,1722384000000
2024-07-31,EU + EFTA + UK,Alpine,TTM,M,5793,2024-07,1722384000000
2024-07-31,EU + EFTA + UK,Alpine,UNITS,M,191,2024-07,1722384000000
2024-07-31,EU + EFTA + UK,Alpine,YTD,M,2757,2024-07,1722384000000
2024-07-31,EU + EFTA + UK,Audi,TTM,M,749987,2024-07,1722384000000
2024-07-31,EU + EFTA + UK,Audi,UNITS,M,59147,2024-07,1722384000000
2024-07-31,EU + EFTA + UK,Audi,YTD,M,404151,2024-07,1722384000000
2024-07-31,EU + EFTA + UK,BMW,TTM,M,800192,2024-07,1722384000000
2024-07-31,EU + EFTA + UK,BMW,UNITS,M,63705,2024-07,1722384000000
2024-07-31,EU + EFTA + UK,BMW,YTD,M,461872,2024-07,1722384000000
2024-07-31,EU + EFTA + UK,BMW Group,TTM,M,968372,2024-07,1722384000000
2024-07-31,EU + EFTA + UK,BMW Group,UNITS,M,74602,2024-07,1722384000000
2024-07-31,EU + EFTA + UK,BMW Group,YTD,M,541923,2024-07,1722384000000
2024-07-31,EU + EFTA + UK,BYD,TTM,M,4151,2024-07,1722384000000
2024-07-31,EU + EFTA + UK,BYD,UNITS,M,4151,2024-07,1722384000000
2024-07-31,EU + EFTA + UK,BYD,YTD,M,4151,2024-07,1722384000000
2024-07-31,EU + EFTA + UK,Citroen,TTM,M,412198,2024-07,1722384000000
2024-07-31,EU + EFTA + UK,Citroen,UNITS,M,26298,2024-07,1722384000000
2024-07-31,EU + EFTA + UK,Citroen,YTD,M,249792,2024-07,1722384000000
2024-07-31,EU + EFTA + UK,Cupra,TTM,M,227469,2024-07,1722384000000
2024-07-31,EU + EFTA + UK,Cupra,UNITS,M,16662,2024-07,1722384000000
2024-07-31,EU + EFTA + UK,Cupra,YTD,M,129934,2024-07,1722384000000
2024-07-31,EU + EFTA + UK,DS,TTM,M,48234,2024-07,1722384000000
2024-07-31,EU + EFTA + UK,DS,UNITS,M,2834,2024-07,1722384000000
2024-07-31,EU + EFTA + UK,DS,YTD,M,24282,2024-07,1722384000000
2024-07-31,EU + EFTA + UK,Dacia,TTM,M,620688,2024-07,1722384000000
2024-07-31,EU + EFTA + UK,Dacia,UNITS,M,47468,2024-07,1722384000000
2024-07-31,EU + EFTA + UK,Dacia,YTD,M,353152,2024-07,1722384000000
2024-07-31,EU + EFTA + UK,Fiat,TTM,M,387148,2024-07,1722384000000
2024-07-31,EU + EFTA + UK,Fiat,UNITS,M,23862,2024-07,1722384000000
2024-07-31,EU + EFTA + UK,Fiat,YTD,M,220998,2024-07,1722384000000
2024-07-31,EU + EFTA + UK,Ford,TTM,M,497294,2024-07,1722384000000
2024-07-31,EU + EFTA + UK,Ford,UNITS,M,32140,2024-07,1722384000000
2024-07-31,EU + EFTA + UK,Ford,YTD,M,258695,2024-07,1722384000000
2024-07-31,EU + EFTA + UK,Honda,TTM,M,71152,2024-07,1722384000000
2024-07-31,EU + EFTA + UK,Honda,UNITS,M,6068,2024-07,1722384000000
2024-07-31,EU + EFTA + UK,Honda,YTD,M,47377,2024-07,1722384000000
2024-07-31,EU + EFTA + UK,Hyundai,TTM,M,579762,2024-07,1722384000000
2024-07-31,EU + EFTA + UK,Hyundai,UNITS,M,47294,2024-07,1722384000000
2024-07-31,EU + EFTA + UK,Hyundai,YTD,M,329278,2024-07,1722384000000
2024-07-31,EU + EFTA + UK,Hyundai Group,TTM,M,1161442,2024-07,1722384000000
2024-07-31,EU + EFTA + UK,Hyundai Group,UNITS,M,93934,2024-07,1722384000000
2024-07-31,EU + EFTA + UK,Hyundai Group,YTD,M,658262,2024-07,1722384000000
2024-07-31,EU + EFTA + UK,Jaguar,TTM,M,28016,2024-07,1722384000000
2024-07-31,EU + EFTA + UK,Jaguar,UNITS,M,1460,2024-07,1722384000000
2024-07-31,EU + EFTA + UK,Jaguar,YTD,M,15799,2024-07,1722384000000
2024-07-31,EU + EFTA + UK,Jaguar Land Rover Group,TTM,M,161729,2024-07,1722384000000
2024-07-31,EU + EFTA + UK,Jaguar Land Rover Group,UNITS,M,12100,2024-07,1722384000000
2024-07-31,EU + EFTA + UK,Jaguar Land Rover Group,YTD,M,95539,2024-07,1722384000000
2024-07-31,EU + EFTA + UK,Jeep,TTM,M,138336,2024-07,1722384000000
2024-07-31,EU + EFTA + UK,Jeep,UNITS,M,10479,2024-07,1722384000000
2024-07-31,EU + EFTA + UK,Jeep,YTD,M,81310,2024-07,1722384000000
2024-07-31,EU + EFTA + UK,Kia,TTM,M,581680,2024-07,1722384000000
2024-07-31,EU + EFTA + UK,Kia,UNITS,M,46640,2024-07,1722384000000
2024-07-31,EU + EFTA + UK,Kia,YTD,M,328984,2024-07,1722384000000
2024-07-31,EU + EFTA + UK,Lancia/Chrysler,TTM,M,48774,2024-07,1722384000000
2024-07-31,EU + EFTA + UK,Lancia/Chrysler,UNITS,M,2843,2024-07,1722384000000
2024-07-31,EU + EFTA + UK,Lancia/Chrysler,YTD,M,27677,2024-07,1722384000000
2024-07-31,EU + EFTA + UK,Land Rover,TTM,M,133713,2024-07,1722384000000
2024-07-31,EU + EFTA + UK,Land Rover,UNITS,M,10640,2024-07,1722384000000
2024-07-31,EU + EFTA + UK,Land Rover,YTD,M,79740,2024-07,1722384000000
2024-07-31,EU + EFTA + UK,Lexus,TTM,M,74317,2024-07,1722384000000
2024-07-31,EU + EFTA + UK,Lexus,UNITS,M,6218,2024-07,1722384000000
2024-07-31,EU + EFTA + UK,Lexus,YTD,M,42567,2024-07,1722384000000
2024-07-31,EU + EFTA + UK,Mazda,TTM,M,189300,2024-07,1722384000000
2024-07-31,EU + EFTA + UK,Mazda,UNITS,M,11795,2024-07,1722384000000
2024-07-31,EU + EFTA + UK,Mazda,YTD,M,105160,2024-07,1722384000000
2024-07-31,EU + EFTA + UK,Mercedes,TTM,M,706729,2024-07,1722384000000
2024-07-31,EU + EFTA + UK,Mercedes,UNITS,M,61547,2024-07,1722384000000
2024-07-31,EU + EFTA + UK,Mercedes,YTD,M,395721,2024-07,1722384000000
2024-07-31,EU + EFTA + UK,Mercedes-Benz,TTM,M,726283,2024-07,1722384000000
2024-07-31,EU + EFTA + UK,Mercedes-Benz,UNITS,M,53447,2024-07,1722384000000
2024-07-31,EU + EFTA + UK,Mercedes-Benz,YTD,M,403104,2024-07,1722384000000
2024-07-31,EU + EFTA + UK,Mini,TTM,M,168180,2024-07,1722384000000
2024-07-31,EU + EFTA + UK,Mini,UNITS,M,10897,2024-07,1722384000000
2024-07-31,EU + EFTA + UK,Mini,YTD,M,80051,2024-07,1722384000000
2024-07-31,EU + EFTA + UK,Mitsubishi,TTM,M,62655,2024-07,1722384000000
2024-07-31,EU + EFTA + UK,Mitsubishi,UNITS,M,3224,2024-07,1722384000000
2024-07-31,EU + EFTA + UK,Mitsubishi,YTD,M,40872,2024-07,1722384000000
2024-07-31,EU + EFTA + UK,Nissan,TTM,M,330940,2024-07,1722384000000
2024-07-31,EU + EFTA + UK,Nissan,UNITS,M,22058,2024-07,1722384000000
2024-07-31,EU + EFTA + UK,Nissan,YTD,M,198371,2024-07,1722384000000
2024-07-31,EU + EFTA + UK,Opel/Vauxhall,TTM,M,486389,2024-07,1722384000000
2024-07-31,EU + EFTA + UK,Opel/Vauxhall,UNITS,M,33859,2024-07,1722384000000
2024-07-31,EU + EFTA + UK,Opel/Vauxhall,YTD,M,267469,2024-07,1722384000000
2024-07-31,EU + EFTA + UK,Peugeot,TTM,M,689588,2024-07,1722384000000
2024-07-31,EU + EFTA + UK,Peugeot,UNITS,M,49291,2024-07,1722384000000
2024-07-31,EU + EFTA + UK,Peugeot,YTD,M,394953,2024-07,1722384000000
2024-07-31,EU + EFTA + UK,Porsche,TTM,M,109184,2024-07,1722384000000
2024-07-31,EU + EFTA + UK,Porsche,UNITS,M,6413,2024-07,1722384000000
2024-07-31,EU + EFTA + UK,Porsche,YTD,M,64824,2024-07,1722384000000
2024-07-31,EU + EFTA + UK,Renault,TTM,M,784930,2024-07,1722384000000
2024-07-31,EU + EFTA + UK,Renault,UNITS,M,48125,2024-07,1722384000000
2024-07-31,EU + EFTA + UK,Renault,YTD,M,411882,2024-07,1722384000000
2024-07-31,EU + EFTA + UK,Renault Group,TTM,M,1411411,2024-07,1722384000000
2024-07-31,EU + EFTA + UK,Renault Group,UNITS,M,95784,2024-07,1722384000000
2024-07-31,EU + EFTA + UK,Renault Group,YTD,M,767791,2024-07,1722384000000
2024-07-31,EU + EFTA + UK,SAIC Motor,TTM,M,279482,2024-07,1722384000000
2024-07-31,EU + EFTA + UK,SAIC Motor,UNITS,M,20607,2024-07,1722384000000
2024-07-31,EU + EFTA + UK,SAIC Motor,YTD,M,149397,2024-07,1722384000000
2024-07-31,EU + EFTA + UK,Seat,TTM,M,290479,2024-07,1722384000000
2024-07-31,EU + EFTA + UK,Seat,UNITS,M,22902,2024-07,1722384000000
2024-07-31,EU + EFTA + UK,Seat,YTD,M,173535,2024-07,1722384000000
2024-07-31,EU + EFTA + UK,Skoda,TTM,M,743627,2024-07,1722384000000
2024-07-31,EU + EFTA + UK,Skoda,UNITS,M,59442,2024-07,1722384000000
2024-07-31,EU + EFTA + UK,Skoda,YTD,M,440455,2024-07,1722384000000
2024-07-31,EU + EFTA + UK,Smart,TTM,M,30855,2024-07,1722384000000
2024-07-31,EU + EFTA + UK,Smart,UNITS,M,3201,2024-07,1722384000000
2024-07-31,EU + EFTA + UK,Smart,YTD,M,18684,2024-07,1722384000000
2024-07-31,EU + EFTA + UK,Stellantis,TTM,M,2272286,2024-07,1722384000000
2024-07-31,EU + EFTA + UK,Stellantis,UNITS,M,153071,2024-07,1722384000000
2024-07-31,EU + EFTA + UK,Stellantis,YTD,M,1298331,2024-07,1722384000000
2024-07-31,EU + EFTA + UK,Suzuki,TTM,M,213106,2024-07,1722384000000
2024-07-31,EU + EFTA + UK,Suzuki,UNITS,M,15178,2024-07,1722384000000
2024-07-31,EU + EFTA + UK,Suzuki,YTD,M,130661,2024-07,1722384000000
2024-07-31,EU + EFTA + UK,Tesla,TTM,M,412969,2024-07,1722384000000
2024-07-31,EU + EFTA + UK,Tesla,UNITS,M,14769,2024-07,1722384000000
2024-07-31,EU + EFTA + UK,Tesla,YTD,M,179219,2024-07,1722384000000
2024-07-31,EU + EFTA + UK,Toyota,TTM,M,925042,2024-07,1722384000000
2024-07-31,EU + EFTA + UK,Toyota,UNITS,M,74172,2024-07,1722384000000
2024-07-31,EU + EFTA + UK,Toyota,YTD,M,558374,2024-07,1722384000000
2024-07-31,EU + EFTA + UK,Toyota Group,TTM,M,999359,2024-07,1722384000000
2024-07-31,EU + EFTA + UK,Toyota Group,UNITS,M,80390,2024-07,1722384000000
2024-07-31,EU + EFTA + UK,Toyota Group,YTD,M,600941,2024-07,1722384000000
2024-07-31,EU + EFTA + UK,Volkswagen,TTM,M,1493300,2024-07,1722384000000
2024-07-31,EU + EFTA + UK,Volkswagen,UNITS,M,109327,2024-07,1722384000000
2024-07-31,EU + EFTA + UK,Volkswagen,YTD,M,822783,2024-07,1722384000000
2024-07-31,EU + EFTA + UK,Volkswagen Group,TTM,M,3623731,2024-07,1722384000000
2024-07-31,EU + EFTA + UK,Volkswagen Group,UNITS,M,274659,2024-07,1722384000000
2024-07-31,EU + EFTA + UK,Volkswagen Group,YTD,M,2041166,2024-07,1722384000000
2024-07-31,EU + EFTA + UK,Volvo Cars,TTM,M,361130,2024-07,1722384000000
2024-07-31,EU + EFTA + UK,Volvo Cars,UNITS,M,30044,2024-07,1722384000000
2024-07-31,EU + EFTA + UK,Volvo Cars,YTD,M,224989,2024-07,1722384000000
2024-07-31,European Union (EU),Alfa Romeo,TTM,M,45994,2024-07,1722384000000
2024-07-31,European Union (EU),Alfa Romeo,UNITS,M,2947,2024-07,1722384000000
2024-07-31,European Union (EU),Alfa Romeo,YTD,M,27138,2024-07,1722384000000
2024-07-31,European Union (EU),Alpine,TTM,M,4339,2024-07,1722384000000
2024-07-31,European Union (EU),Alpine,UNITS,M,159,2024-07,1722384000000
2024-07-31,European Union (EU),Alpine,YTD,M,2435,2024-07,1722384000000
2024-07-31,European Union (EU),Audi,TTM,M,549872,2024-07,1722384000000
2024-07-31,European Union (EU),Audi,UNITS,M,47842,2024-07,1722384000000
2024-07-31,European Union (EU),Audi,YTD,M,317734,2024-07,1722384000000
2024-07-31,European Union (EU),BMW,TTM,M,626243,2024-07,1722384000000
2024-07-31,European Union (EU),BMW,UNITS,M,51761,2024-07,1722384000000
2024-07-31,European Union (EU),BMW,YTD,M,370378,2024-07,1722384000000
2024-07-31,European Union (EU),BMW Group,TTM,M,739598,2024-07,1722384000000
2024-07-31,European Union (EU),BMW Group,UNITS,M,59439,2024-07,1722384000000
2024-07-31,European Union (EU),BMW Group,YTD,M,427313,2024-07,1722384000000
2024-07-31,European Union (EU),BYD,TTM,M,3165,2024-07,1722384000000
2024-07-31,European Union (EU),BYD,UNITS,M,3165,2024-07,1722384000000
2024-07-31,European Union (EU),BYD,YTD,M,3165,2024-07,1722384000000
2024-07-31,European Union (EU),Citroen,TTM,M,371128,2024-07,1722384000000
2024-07-31,European Union (EU),Citroen,UNITS,M,24114,2024-07,1722384000000
2024-07-31,European Union (EU),Citroen,YTD,M,239920,2024-07,1722384000000
2024-07-31,European Union (EU),Cupra,TTM,M,184592,2024-07,1722384000000
2024-07-31,European Union (EU),Cupra,UNITS,M,13430,2024-07,1722384000000
2024-07-31,European Union (EU),Cupra,YTD,M,110448,2024-07,1722384000000
2024-07-31,European Union (EU),DS,TTM,M,40014,2024-07,1722384000000
2024-07-31,European Union (EU),DS,UNITS,M,2694,2024-07,1722384000000
2024-07-31,European Union (EU),DS,YTD,M,24315,2024-07,1722384000000
2024-07-31,European Union (EU),Dacia,TTM,M,538219,2024-07,1722384000000
2024-07-31,European Union (EU),Dacia,UNITS,M,44798,2024-07,1722384000000
2024-07-31,European Union (EU),Dacia,YTD,M,329816,2024-07,1722384000000
2024-07-31,European Union (EU),Fiat,TTM,M,360723,2024-07,1722384000000
2024-07-31,European Union (EU),Fiat,UNITS,M,22698,2024-07,1722384000000
2024-07-31,European Union (EU),Fiat,YTD,M,214571,2024-07,1722384000000
2024-07-31,European Union (EU),Ford,TTM,M,331127,2024-07,1722384000000
2024-07-31,European Union (EU),Ford,UNITS,M,23860,2024-07,1722384000000
2024-07-31,European Union (EU),Ford,YTD,M,192919,2024-07,1722384000000
2024-07-31,European Union (EU),Honda,TTM,M,44218,2024-07,1722384000000
2024-07-31,European Union (EU),Honda,UNITS,M,3397,2024-07,1722384000000
2024-07-31,European Union (EU),Honda,YTD,M,27405,2024-07,1722384000000
2024-07-31,European Union (EU),Hyundai,TTM,M,446264,2024-07,1722384000000
2024-07-31,European Union (EU),Hyundai,UNITS,M,38527,2024-07,1722384000000
2024-07-31,European Union (EU),Hyundai,YTD,M,265459,2024-07,1722384000000
2024-07-31,European Union (EU),Hyundai Group,TTM,M,885947,2024-07,1722384000000
2024-07-31,European Union (EU),Hyundai Group,UNITS,M,74794,2024-07,1722384000000
2024-07-31,European Union (EU),Hyundai Group,YTD,M,522926,2024-07,1722384000000
2024-07-31,European Union (EU),Jaguar,TTM,M,8261,2024-07,1722384000000
2024-07-31,European Union (EU),Jaguar,UNITS,M,376,2024-07,1722384000000
2024-07-31,European Union (EU),Jaguar,YTD,M,4146,2024-07,1722384000000
2024-07-31,European Union (EU),Jaguar Land Rover Group,TTM,M,69437,2024-07,1722384000000
2024-07-31,European Union (EU),Jaguar Land Rover Group,UNITS,M,5223,2024-07,1722384000000
2024-07-31,European Union (EU),Jaguar Land Rover Group,YTD,M,40282,2024-07,1722384000000
2024-07-31,European Union (EU),Jeep,TTM,M,129766,2024-07,1722384000000
2024-07-31,European Union (EU),Jeep,UNITS,M,9535,2024-07,1722384000000
2024-07-31,European Union (EU),Jeep,YTD,M,77920,2024-07,1722384000000
2024-07-31,European Union (EU),Kia,TTM,M,439683,2024-07,1722384000000
2024-07-31,European Union (EU),Kia,UNITS,M,36267,2024-07,1722384000000
2024-07-31,European Union (EU),Kia,YTD,M,257467,2024-07,1722384000000
2024-07-31,European Union (EU),Lancia/Chrysler,TTM,M,47185,2024-07,1722384000000
2024-07-31,European Union (EU),Lancia/Chrysler,UNITS,M,2843,2024-07,1722384000000
2024-07-31,European Union (EU),Lancia/Chrysler,YTD,M,28754,2024-07,1722384000000
2024-07-31,European Union (EU),Land Rover,TTM,M,61176,2024-07,1722384000000
2024-07-31,European Union (EU),Land Rover,UNITS,M,4847,2024-07,1722384000000
2024-07-31,European Union (EU),Land Rover,YTD,M,36136,2024-07,1722384000000
2024-07-31,European Union (EU),Lexus,TTM,M,59469,2024-07,1722384000000
2024-07-31,European Union (EU),Lexus,UNITS,M,6040,2024-07,1722384000000
2024-07-31,European Union (EU),Lexus,YTD,M,41189,2024-07,1722384000000
2024-07-31,European Union (EU),Mazda,TTM,M,149579,2024-07,1722384000000
2024-07-31,European Union (EU),Mazda,UNITS,M,9609,2024-07,1722384000000
2024-07-31,European Union (EU),Mazda,YTD,M,88795,2024-07,1722384000000
2024-07-31,European Union (EU),Mercedes,TTM,M,576109,2024-07,1722384000000
2024-07-31,European Union (EU),Mercedes,UNITS,M,44354,2024-07,1722384000000
2024-07-31,European Union (EU),Mercedes,YTD,M,330621,2024-07,1722384000000
2024-07-31,European Union (EU),Mercedes-Benz,TTM,M,601939,2024-07,1722384000000
2024-07-31,European Union (EU),Mercedes-Benz,UNITS,M,44427,2024-07,1722384000000
2024-07-31,European Union (EU),Mercedes-Benz,YTD,M,344939,2024-07,1722384000000
2024-07-31,European Union (EU),Mini,TTM,M,113355,2024-07,1722384000000
2024-07-31,European Union (EU),Mini,UNITS,M,7678,2024-07,1722384000000
2024-07-31,European Union (EU),Mini,YTD,M,56935,2024-07,1722384000000
2024-07-31,European Union (EU),Mitsubishi,TTM,M,65410,2024-07,1722384000000
2024-07-31,European Union (EU),Mitsubishi,UNITS,M,3049,2024-07,1722384000000
2024-07-31,European Union (EU),Mitsubishi,YTD,M,46886,2024-07,1722384000000
2024-07-31,European Union (EU),Nissan,TTM,M,228411,2024-07,1722384000000
2024-07-31,European Union (EU),Nissan,UNITS,M,13547,2024-07,1722384000000
2024-07-31,European Union (EU),Nissan,YTD,M,145757,2024-07,1722384000000
2024-07-31,European Union (EU),Opel/Vauxhall,TTM,M,354127,2024-07,1722384000000
2024-07-31,European Union (EU),Opel/Vauxhall,UNITS,M,28021,2024-07,1722384000000
2024-07-31,European Union (EU),Opel/Vauxhall,YTD,M,220244,2024-07,1722384000000
2024-07-31,European Union (EU),Peugeot,TTM,M,569109,2024-07,1722384000000
2024-07-31,European Union (EU),Peugeot,UNITS,M,43965,2024-07,1722384000000
2024-07-31,European Union (EU),Peugeot,YTD,M,362163,2024-07,1722384000000
2024-07-31,European Union (EU),Porsche,TTM,M,78404,2024-07,1722384000000
2024-07-31,European Union (EU),Porsche,UNITS,M,4832,2024-07,1722384000000
2024-07-31,European Union (EU),Porsche,YTD,M,51302,2024-07,1722384000000
2024-07-31,European Union (EU),Renault,TTM,M,642162,2024-07,1722384000000
2024-07-31,European Union (EU),Renault,UNITS,M,43630,2024-07,1722384000000
2024-07-31,European Union (EU),Renault,YTD,M,380291,2024-07,1722384000000
2024-07-31,European Union (EU),Renault Group,TTM,M,1184720,2024-07,1722384000000
2024-07-31,European Union (EU),Renault Group,UNITS,M,88587,2024-07,1722384000000
2024-07-31,European Union (EU),Renault Group,YTD,M,712542,2024-07,1722384000000
2024-07-31,European Union (EU),SAIC Motor,TTM,M,167777,2024-07,1722384000000
2024-07-31,European Union (EU),SAIC Motor,UNITS,M,14229,2024-07,1722384000000
2024-07-31,European Union (EU),SAIC Motor,YTD,M,96079,2024-07,1722384000000
2024-07-31,European Union (EU),Seat,TTM,M,227416,2024-07,1722384000000
2024-07-31,European Union (EU),Seat,UNITS,M,19383,2024-07,1722384000000
2024-07-31,European Union (EU),Seat,YTD,M,147050,2024-07,1722384000000
2024-07-31,European Union (EU),Skoda,TTM,M,627217,2024-07,1722384000000
2024-07-31,European Union (EU),Skoda,UNITS,M,52251,2024-07,1722384000000
2024-07-31,European Union (EU),Skoda,YTD,M,384060,2024-07,1722384000000
2024-07-31,European Union (EU),Smart,TTM,M,25833,2024-07,1722384000000
2024-07-31,European Union (EU),Smart,UNITS,M,76,2024-07,1722384000000
2024-07-31,European Union (EU),Smart,YTD,M,14321,2024-07,1722384000000
2024-07-31,European Union (EU),Stellantis,TTM,M,1924160,2024-07,1722384000000
2024-07-31,European Union (EU),Stellantis,UNITS,M,137235,2024-07,1722384000000
2024-07-31,European Union (EU),Stellantis,YTD,M,1198409,2024-07,1722384000000
2024-07-31,European Union (EU),Suzuki,TTM,M,183442,2024-07,1722384000000
2024-07-31,European Union (EU),Suzuki,UNITS,M,12967,2024-07,1722384000000
2024-07-31,European Union (EU),Suzuki,YTD,M,114501,2024-07,1722384000000
2024-07-31,European Union (EU),Tesla,TTM,M,267750,2024-07,1722384000000
2024-07-31,European Union (EU),Tesla,UNITS,M,11465,2024-07,1722384000000
2024-07-31,European Union (EU),Tesla,YTD,M,153994,2024-07,1722384000000
2024-07-31,European Union (EU),Toyota,TTM,M,831586,2024-07,1722384000000
2024-07-31,European Union (EU),Toyota,UNITS,M,72550,2024-07,1722384000000
2024-07-31,European Union (EU),Toyota,YTD,M,547794,2024-07,1722384000000
2024-07-31,European Union (EU),Toyota Group,TTM,M,891055,2024-07,1722384000000
2024-07-31,European Union (EU),Toyota Group,UNITS,M,78590,2024-07,1722384000000
2024-07-31,European Union (EU),Toyota Group,YTD,M,588983,2024-07,1722384000000
2024-07-31,European Union (EU),Volkswagen,TTM,M,1167168,2024-07,1722384000000
2024-07-31,European Union (EU),Volkswagen,UNITS,M,92216,2024-07,1722384000000
2024-07-31,European Union (EU),Volkswagen,YTD,M,703845,2024-07,1722384000000
2024-07-31,European Union (EU),Volkswagen Group,TTM,M,2840874,2024-07,1722384000000
2024-07-31,European Union (EU),Volkswagen Group,UNITS,M,230558,2024-07,1722384000000
2024-07-31,European Union (EU),Volkswagen Group,YTD,M,1718547,2024-07,1722384000000
2024-07-31,European Union (EU),Volvo Cars,TTM,M,276148,2024-07,1722384000000
2024-07-31,European Union (EU),Volvo Cars,UNITS,M,22033,2024-07,1722384000000
2024-07-31,European Union (EU),Volvo Cars,YTD,M,179164,2024-07,1722384000000
2024-08-31,EU + EFTA + UK,Alfa Romeo,TTM,M,50998,2024-08,1725062400000
2024-08-31,EU + EFTA + UK,Alfa Romeo,UNITS,M,3104,2024-08,1725062400000
2024-08-31,EU + EFTA + UK,Alfa Romeo,YTD,M,31052,2024-08,1725062400000
2024-08-31,EU + EFTA + UK,Alpine,TTM,M,5402,2024-08,1725062400000
2024-08-31,EU + EFTA + UK,Alpine,UNITS,M,191,2024-08,1725062400000
2024-08-31,EU + EFTA + UK,Alpine,YTD,M,2948,2024-08,1725062400000
2024-08-31,EU + EFTA + UK,Audi,TTM,M,736765,2024-08,1725062400000
2024-08-31,EU + EFTA + UK,Audi,UNITS,M,59147,2024-08,1725062400000
2024-08-31,EU + EFTA + UK,Audi,YTD,M,463298,2024-08,1725062400000
2024-08-31,EU + EFTA + UK,BMW,TTM,M,797501,2024-08,1725062400000
2024-08-31,EU + EFTA + UK,BMW,UNITS,M,63705,2024-08,1725062400000
2024-08-31,EU + EFTA + UK,BMW,YTD,M,525577,2024-08,1725062400000
2024-08-31,EU + EFTA + UK,BMW Group,TTM,M,959098,2024-08,1725062400000
2024-08-31,EU + EFTA + UK,BMW Group,UNITS,M,74602,2024-08,1725062400000
2024-08-31,EU + EFTA + UK,BMW Group,YTD,M,616525,2024-08,1725062400000
2024-08-31,EU + EFTA + UK,BYD,TTM,M,8302,2024-08,1725062400000
2024-08-31,EU + EFTA + UK,BYD,UNITS,M,4151,2024-08,1725062400000
2024-08-31,EU + EFTA + UK,BYD,YTD,M,8302,2024-08,1725062400000
2024-08-31,EU + EFTA + UK,Citroen,TTM,M,403327,2024-08,1725062400000
2024-08-31,EU + EFTA + UK,Citroen,UNITS,M,26298,2024-08,1725062400000
2024-08-31,EU + EFTA + UK,Citroen,YTD,M,276090,2024-08,1725062400000
2024-08-31,EU + EFTA + UK,Cupra,TTM,M,224523,2024-08,1725062400000
2024-08-31,EU + EFTA + UK,Cupra,UNITS,M,16662,2024-08,1725062400000
2024-08-31,EU + EFTA + UK,Cupra,YTD,M,146596,2024-08,1725062400000
2024-08-31,EU + EFTA + UK,DS,TTM,M,45776,2024-08,1725062400000
2024-08-31,EU + EFTA + UK,DS,UNITS,M,2834,2024-08,1725062400000
2024-08-31,EU + EFTA + UK,DS,YTD,M,27116,2024-08,1725062400000
2024-08-31,EU + EFTA + UK,Dacia,TTM,M,612562,2024-08,1725062400000
2024-08-31,EU + EFTA + UK,Dacia,UNITS,M,47468,2024-08,1725062400000
2024-08-31,EU + EFTA + UK,Dacia,YTD,M,400620,2024-08,1725062400000
2024-08-31,EU + EFTA + UK,Fiat,TTM,M,375872,2024-08,1725062400000
2024-08-31,EU + EFTA + UK,Fiat,UNITS,M,23862,2024-08,1725062400000
2024-08-31,EU + EFTA + UK,Fiat,YTD,M,244860,2024-08,1725062400000
2024-08-31,EU + EFTA + UK,Ford,TTM,M,478567,2024-08,1725062400000
2024-08-31,EU + EFTA + UK,Ford,UNITS,M,32140,2024-08,1725062400000
2024-08-31,EU + EFTA + UK,Ford,YTD,M,290835,2024-08,1725062400000
2024-08-31,EU + EFTA + UK,Honda,TTM,M,72395,2024-08,1725062400000
2024-08-31,EU + EFTA + UK,Honda,UNITS,M,6068,2024-08,1725062400000
2024-08-31,EU + EFTA + UK,Honda,YTD,M,53445,2024-08,1725062400000
2024-08-31,EU + EFTA + UK,Hyundai,TTM,M,575126,2024-08,1725062400000
2024-08-31,EU + EFTA + UK,Hyundai,UNITS,M,47294,2024-08,1725062400000
2024-08-31,EU + EFTA + UK,Hyundai,YTD,M,376572,2024-08,1725062400000
2024-08-31,EU + EFTA + UK,Hyundai Group,TTM,M,1148835,2024-08,1725062400000
2024-08-31,EU + EFTA + UK,Hyundai Group,UNITS,M,93934,2024-08,1725062400000
2024-08-31,EU + EFTA + UK,Hyundai Group,YTD,M,752196,2024-08,1725062400000
2024-08-31,EU + EFTA + UK,Jaguar,TTM,M,26858,2024-08,1725062400000
2024-08-31,EU + EFTA + UK,Jaguar,UNITS,M,1460,2024-08,1725062400000
2024-08-31,EU + EFTA + UK,Jaguar,YTD,M,17259,2024-08,1725062400000
2024-08-31,EU + EFTA + UK,Jaguar Land Rover Group,TTM,M,160181,2024-08,1725062400000
2024-08-31,EU + EFTA + UK,Jaguar Land Rover Group,UNITS,M,12100,2024-08,1725062400000
2024-08-31,EU + EFTA + UK,Jaguar Land Rover Group,YTD,M,107639,2024-08,1725062400000
2024-08-31,EU + EFTA + UK,Jeep,TTM,M,136867,2024-08,1725062400000
2024-08-31,EU + EFTA + UK,Jeep,UNITS,M,10479,2024-08,1725062400000
2024-08-31,EU + EFTA + UK,Jeep,YTD,M,91789,2024-08,1725062400000
2024-08-31,EU + EFTA + UK,Kia,TTM,M,573709,2024-08,1725062400000
2024-08-31,EU + EFTA + UK,Kia,UNITS,M,46640,2024-08,1725062400000
2024-08-31,EU + EFTA + UK,Kia,YTD,M,375624,2024-08,1725062400000
2024-08-31,EU + EFTA + UK,Lancia/Chrysler,TTM,M,47098,2024-08,1725062400000
2024-08-31,EU + EFTA + UK,Lancia/Chrysler,UNITS,M,2843,2024-08,1725062400000
2024-08-31,EU + EFTA + UK,Lancia/Chrysler,YTD,M,30520,2024-08,1725062400000
2024-08-31,EU + EFTA + UK,Land Rover,TTM,M,133323,2024-08,1725062400000
2024-08-31,EU + EFTA + UK,Land Rover,UNITS,M,10640,2024-08,1725062400000
2024-08-31,EU + EFTA + UK,Land Rover,YTD,M,90380,2024-08,1725062400000
2024-08-31,EU + EFTA + UK,Lexus,TTM,M,74053,2024-08,1725062400000
2024-08-31,EU + EFTA + UK,Lexus,UNITS,M,6218,2024-08,1725062400000
2024-08-31,EU + EFTA + UK,Lexus,YTD,M,48785,2024-08,1725062400000
2024-08-31,EU + EFTA + UK,Mazda,TTM,M,183748,2024-08,1725062400000
2024-08-31,EU + EFTA + UK,Mazda,UNITS,M,11795,2024-08,1725062400000
2024-08-31,EU + EFTA + UK,Mazda,YTD,M,116955,2024-08,1725062400000
2024-08-31,EU + EFTA + UK,Mercedes,TTM,M,707310,2024-08,1725062400000
2024-08-31,EU + EFTA + UK,Mercedes,UNITS,M,61547,2024-08,1725062400000
2024-08-31,EU + EFTA + UK,Mercedes,YTD,M,457268,2024-08,1725062400000
2024-08-31,EU + EFTA + UK,Mercedes-Benz,TTM,M,716491,2024-08,1725062400000
2024-08-31,EU + EFTA + UK,Mercedes-Benz,UNITS,M,53447,2024-08,1725062400000
2024-08-31,EU + EFTA + UK,Mercedes-Benz,YTD,M,456551,2024-08,1725062400000
2024-08-31,EU + EFTA + UK,Mini,TTM,M,161597,2024-08,1725062400000
2024-08-31,EU + EFTA + UK,Mini,UNITS,M,10897,2024-08,1725062400000
2024-08-31,EU + EFTA + UK,Mini,YTD,M,90948,2024-08,1725062400000
2024-08-31,EU + EFTA + UK,Mitsubishi,TTM,M,61490,2024-08,1725062400000
2024-08-31,EU + EFTA + UK,Mitsubishi,UNITS,M,3224,2024-08,1725062400000
2024-08-31,EU + EFTA + UK,Mitsubishi,YTD,M,44096,2024-08,1725062400000
2024-08-31,EU + EFTA + UK,Nissan,TTM,M,326133,2024-08,1725062400000
2024-08-31,EU + EFTA + UK,Nissan,UNITS,M,22058,2024-08,1725062400000
2024-08-31,EU + EFTA + UK,Nissan,YTD,M,220429,2024-08,1725062400000
2024-08-31,EU + EFTA + UK,Opel/Vauxhall,TTM,M,473160,2024-08,1725062400000
2024-08-31,EU + EFTA + UK,Opel/Vauxhall,UNITS,M,33859,2024-08,1725062400000
2024-08-31,EU + EFTA + UK,Opel/Vauxhall,YTD,M,301328,2024-08,1725062400000
2024-08-31,EU + EFTA + UK,Peugeot,TTM,M,674762,2024-08,1725062400000
2024-08-31,EU + EFTA + UK,Peugeot,UNITS,M,49291,2024-08,1725062400000
2024-08-31,EU + EFTA + UK,Peugeot,YTD,M,444244,2024-08,1725062400000
2024-08-31,EU + EFTA + UK,Porsche,TTM,M,106215,2024-08,1725062400000
2024-08-31,EU + EFTA + UK,Porsche,UNITS,M,6413,2024-08,1725062400000
2024-08-31,EU + EFTA + UK,Porsche,YTD,M,71237,2024-08,1725062400000
2024-08-31,EU + EFTA + UK,Renault,TTM,M,756221,2024-08,1725062400000
2024-08-31,EU + EFTA + UK,Renault,UNITS,M,48125,2024-08,1725062400000
2024-08-31,EU + EFTA + UK,Renault,YTD,M,460007,2024-08,1725062400000
2024-08-31,EU + EFTA + UK,Renault Group,TTM,M,1374185,2024-08,1725062400000
2024-08-31,EU + EFTA + UK,Renault Group,UNITS,M,95784,2024-08,1725062400000
2024-08-31,EU + EFTA + UK,Renault Group,YTD,M,863575,2024-08,1725062400000
2024-08-31,EU + EFTA + UK,SAIC Motor,TTM,M,274505,2024-08,1725062400000
2024-08-31,EU + EFTA + UK,SAIC Motor,UNITS,M,20607,2024-08,1725062400000
2024-08-31,EU + EFTA + UK,SAIC Motor,YTD,M,170004,2024-08,1725062400000
2024-08-31,EU + EFTA + UK,Seat,TTM,M,289217,2024-08,1725062400000
2024-08-31,EU + EFTA + UK,Seat,UNITS,M,22902,2024-08,1725062400000
2024-08-31,EU + EFTA + UK,Seat,YTD,M,196437,2024-08,1725062400000
2024-08-31,EU + EFTA + UK,Skoda,TTM,M,740810,2024-08,1725062400000
2024-08-31,EU + EFTA + UK,Skoda,UNITS,M,59442,2024-08,1725062400000
2024-08-31,EU + EFTA + UK,Skoda,YTD,M,499897,2024-08,1725062400000
2024-08-31,EU + EFTA + UK,Smart,TTM,M,31783,2024-08,1725062400000
2024-08-31,EU + EFTA + UK,Smart,UNITS,M,3201,2024-08,1725062400000
2024-08-31,EU + EFTA + UK,Smart,YTD,M,21885,2024-08,1725062400000
2024-08-31,EU + EFTA + UK,Stellantis,TTM,M,2215638,2024-08,1725062400000
2024-08-31,EU + EFTA + UK,Stellantis,UNITS,M,153071,2024-08,1725062400000
2024-08-31,EU + EFTA + UK,Stellantis,YTD,M,1451402,2024-08,1725062400000
2024-08-31,EU + EFTA + UK,Suzuki,TTM,M,211601,2024-08,1725062400000
2024-08-31,EU + EFTA + UK,Suzuki,UNITS,M,15178,2024-08,1725062400000
2024-08-31,EU + EFTA + UK,Suzuki,YTD,M,145839,2024-08,1725062400000
2024-08-31,EU + EFTA + UK,Tesla,TTM,M,379099,2024-08,1725062400000
2024-08-31,EU + EFTA + UK,Tesla,UNITS,M,14769,2024-08,1725062400000
2024-08-31,EU + EFTA + UK,Tesla,YTD,M,193988,2024-08,1725062400000
2024-08-31,EU + EFTA + UK,Toyota,TTM,M,923977,2024-08,1725062400000
2024-08-31,EU + EFTA + UK,Toyota,UNITS,M,74172,2024-08,1725062400000
2024-08-31,EU + EFTA + UK,Toyota,YTD,M,632546,2024-08,1725062400000
2024-08-31,EU + EFTA + UK,Toyota Group,TTM,M,998030,2024-08,1725062400000
2024-08-31,EU + EFTA + UK,Toyota Group,UNITS,M,80390,2024-08,1725062400000
2024-08-31,EU + EFTA + UK,Toyota Group,YTD,M,681331,2024-08,1725062400000
2024-08-31,EU + EFTA + UK,Volkswagen,TTM,M,1464053,2024-08,1725062400000
2024-08-31,EU + EFTA + UK,Volkswagen,UNITS,M,109327,2024-08,1725062400000
2024-08-31,EU + EFTA + UK,Volkswagen,YTD,M,932110,2024-08,1725062400000
2024-08-31,EU + EFTA + UK,Volkswagen Group,TTM,M,3571099,2024-08,1725062400000
2024-08-31,EU + EFTA + UK,Volkswagen Group,UNITS,M,274659,2024-08,1725062400000
2024-08-31,EU + EFTA + UK,Volkswagen Group,YTD,M,2315825,2024-08,1725062400000
2024-08-31,EU + EFTA + UK,Volvo Cars,TTM,M,364923,2024-08,1725062400000
2024-08-31,EU + EFTA + UK,Volvo Cars,UNITS,M,30044,2024-08,1725062400000
2024-08-31,EU + EFTA + UK,Volvo Cars,YTD,M,255033,2024-08,1725062400000
2024-08-31,European Union (EU),Alfa Romeo,TTM,M,43945,2024-08,1725062400000
2024-08-31,European Union (EU),Alfa Romeo,UNITS,M,1719,2024-08,1725062400000
2024-08-31,European Union (EU),Alfa Romeo,YTD,M,28857,2024-08,1725062400000
2024-08-31,European Union (EU),Alpine,TTM,M,4050,2024-08,1725062400000
2024-08-31,European Union (EU),Alpine,UNITS,M,124,2024-08,1725062400000
2024-08-31,European Union (EU),Alpine,YTD,M,2559,2024-08,1725062400000
2024-08-31,European Union (EU),Audi,TTM,M,536648,2024-08,1725062400000
2024-08-31,European Union (EU),Audi,UNITS,M,34303,2024-08,1725062400000
2024-08-31,European Union (EU),Audi,YTD,M,352037,2024-08,1725062400000
2024-08-31,European Union (EU),BMW,TTM,M,620766,2024-08,1725062400000
2024-08-31,European Union (EU),BMW,UNITS,M,40758,2024-08,1725062400000
2024-08-31,European Union (EU),BMW,YTD,M,411136,2024-08,1725062400000
2024-08-31,European Union (EU),BMW Group,TTM,M,728804,2024-08,1725062400000
2024-08-31,European Union (EU),BMW Group,UNITS,M,47057,2024-08,1725062400000
2024-08-31,European Union (EU),BMW Group,YTD,M,474370,2024-08,1725062400000
2024-08-31,European Union (EU),BYD,TTM,M,6195,2024-08,1725062400000
2024-08-31,European Union (EU),BYD,UNITS,M,3030,2024-08,1725062400000
2024-08-31,European Union (EU),BYD,YTD,M,6195,2024-08,1725062400000
2024-08-31,European Union (EU),Citroen,TTM,M,360999,2024-08,1725062400000
2024-08-31,European Union (EU),Citroen,UNITS,M,13809,2024-08,1725062400000
2024-08-31,European Union (EU),Citroen,YTD,M,253729,2024-08,1725062400000
2024-08-31,European Union (EU),Cupra,TTM,M,179246,2024-08,1725062400000
2024-08-31,European Union (EU),Cupra,UNITS,M,10539,2024-08,1725062400000
2024-08-31,European Union (EU),Cupra,YTD,M,120987,2024-08,1725062400000
2024-08-31,European Union (EU),DS,TTM,M,38275,2024-08,1725062400000
2024-08-31,European Union (EU),DS,UNITS,M,1854,2024-08,1725062400000
2024-08-31,European Union (EU),DS,YTD,M,26169,2024-08,1725062400000
2024-08-31,European Union (EU),Dacia,TTM,M,529562,2024-08,1725062400000
2024-08-31,European Union (EU),Dacia,UNITS,M,32041,2024-08,1725062400000
2024-08-31,European Union (EU),Dacia,YTD,M,361857,2024-08,1725062400000
2024-08-31,European Union (EU),Fiat,TTM,M,343029,2024-08,1725062400000
2024-08-31,European Union (EU),Fiat,UNITS,M,12675,2024-08,1725062400000
2024-08-31,European Union (EU),Fiat,YTD,M,227246,2024-08,1725062400000
2024-08-31,European Union (EU),Ford,TTM,M,322353,2024-08,1725062400000
2024-08-31,European Union (EU),Ford,UNITS,M,20530,2024-08,1725062400000
2024-08-31,European Union (EU),Ford,YTD,M,213449,2024-08,1725062400000
2024-08-31,European Union (EU),Honda,TTM,M,44160,2024-08,1725062400000
2024-08-31,European Union (EU),Honda,UNITS,M,2698,2024-08,1725062400000
2024-08-31,European Union (EU),Honda,YTD,M,30103,2024-08,1725062400000
2024-08-31,European Union (EU),Hyundai,TTM,M,434377,2024-08,1725062400000
2024-08-31,European Union (EU),Hyundai,UNITS,M,27936,2024-08,1725062400000
2024-08-31,European Union (EU),Hyundai,YTD,M,293395,2024-08,1725062400000
2024-08-31,European Union (EU),Hyundai Group,TTM,M,863666,2024-08,1725062400000
2024-08-31,European Union (EU),Hyundai Group,UNITS,M,56265,2024-08,1725062400000
2024-08-31,European Union (EU),Hyundai Group,YTD,M,579191,2024-08,1725062400000
2024-08-31,European Union (EU),Jaguar,TTM,M,7668,2024-08,1725062400000
2024-08-31,European Union (EU),Jaguar,UNITS,M,266,2024-08,1725062400000
2024-08-31,European Union (EU),Jaguar,YTD,M,4412,2024-08,1725062400000
2024-08-31,European Union (EU),Jaguar Land Rover Group,TTM,M,67414,2024-08,1725062400000
2024-08-31,European Union (EU),Jaguar Land Rover Group,UNITS,M,4135,2024-08,1725062400000
2024-08-31,European Union (EU),Jaguar Land Rover Group,YTD,M,44417,2024-08,1725062400000
2024-08-31,European Union (EU),Jeep,TTM,M,126302,2024-08,1725062400000
2024-08-31,European Union (EU),Jeep,UNITS,M,6664,2024-08,1725062400000
2024-08-31,European Union (EU),Jeep,YTD,M,84584,2024-08,1725062400000
2024-08-31,European Union (EU),Kia,TTM,M,429289,2024-08,1725062400000
2024-08-31,European Union (EU),Kia,UNITS,M,28329,2024-08,1725062400000
2024-08-31,European Union (EU),Kia,YTD,M,285796,2024-08,1725062400000
2024-08-31,European Union (EU),Lancia/Chrysler,TTM,M,45201,2024-08,1725062400000
2024-08-31,European Union (EU),Lancia/Chrysler,UNITS,M,1380,2024-08,1725062400000
2024-08-31,European Union (EU),Lancia/Chrysler,YTD,M,30134,2024-08,1725062400000
2024-08-31,European Union (EU),Land Rover,TTM,M,59746,2024-08,1725062400000
2024-08-31,European Union (EU),Land Rover,UNITS,M,3869,2024-08,1725062400000
2024-08-31,European Union (EU),Land Rover,YTD,M,40005,2024-08,1725062400000
2024-08-31,European Union (EU),Lexus,TTM,M,60711,2024-08,1725062400000
2024-08-31,European Union (EU),Lexus,UNITS,M,4595,2024-08,1725062400000
2024-08-31,European Union (EU),Lexus,YTD,M,45784,2024-08,1725062400000
2024-08-31,European Union (EU),Mazda,TTM,M,147277,2024-08,1725062400000
2024-08-31,European Union (EU),Mazda,UNITS,M,8334,2024-08,1725062400000
2024-08-31,European Union (EU),Mazda,YTD,M,97129,2024-08,1725062400000
2024-08-31,European Union (EU),Mercedes,TTM,M,579042,2024-08,1725062400000
2024-08-31,European Union (EU),Mercedes,UNITS,M,44354,2024-08,1725062400000
2024-08-31,European Union (EU),Mercedes,YTD,M,374975,2024-08,1725062400000
2024-08-31,European Union (EU),Mercedes-Benz,TTM,M,595876,2024-08,1725062400000
2024-08-31,European Union (EU),Mercedes-Benz,UNITS,M,37527,2024-08,1725062400000
2024-08-31,European Union (EU),Mercedes-Benz,YTD,M,382466,2024-08,1725062400000
2024-08-31,European Union (EU),Mini,TTM,M,108038,2024-08,1725062400000
2024-08-31,European Union (EU),Mini,UNITS,M,6299,2024-08,1725062400000
2024-08-31,European Union (EU),Mini,YTD,M,63234,2024-08,1725062400000
2024-08-31,European Union (EU),Mitsubishi,TTM,M,65592,2024-08,1725062400000
2024-08-31,European Union (EU),Mitsubishi,UNITS,M,2964,2024-08,1725062400000
2024-08-31,European Union (EU),Mitsubishi,YTD,M,49850,2024-08,1725062400000
2024-08-31,European Union (EU),Nissan,TTM,M,221379,2024-08,1725062400000
2024-08-31,European Union (EU),Nissan,UNITS,M,8670,2024-08,1725062400000
2024-08-31,European Union (EU),Nissan,YTD,M,154427,2024-08,1725062400000
2024-08-31,European Union (EU),Opel/Vauxhall,TTM,M,349934,2024-08,1725062400000
2024-08-31,European Union (EU),Opel/Vauxhall,UNITS,M,22386,2024-08,1725062400000
2024-08-31,European Union (EU),Opel/Vauxhall,YTD,M,242630,2024-08,1725062400000
2024-08-31,European Union (EU),Peugeot,TTM,M,559102,2024-08,1725062400000
2024-08-31,European Union (EU),Peugeot,UNITS,M,32082,2024-08,1725062400000
2024-08-31,European Union (EU),Peugeot,YTD,M,394245,2024-08,1725062400000
2024-08-31,European Union (EU),Porsche,TTM,M,76654,2024-08,1725062400000
2024-08-31,European Union (EU),Porsche,UNITS,M,3895,2024-08,1725062400000
2024-08-31,European Union (EU),Porsche,YTD,M,55197,2024-08,1725062400000
2024-08-31,European Union (EU),Renault,TTM,M,625207,2024-08,1725062400000
2024-08-31,European Union (EU),Renault,UNITS,M,32205,2024-08,1725062400000
2024-08-31,European Union (EU),Renault,YTD,M,412496,2024-08,1725062400000
2024-08-31,European Union (EU),Renault Group,TTM,M,1158819,2024-08,1725062400000
2024-08-31,European Union (EU),Renault Group,UNITS,M,64370,2024-08,1725062400000
2024-08-31,European Union (EU),Renault Group,YTD,M,776912,2024-08,1725062400000
2024-08-31,European Union (EU),SAIC Motor,TTM,M,164499,2024-08,1725062400000
2024-08-31,European Union (EU),SAIC Motor,UNITS,M,8046,2024-08,1725062400000
2024-08-31,European Union (EU),SAIC Motor,YTD,M,104125,2024-08,1725062400000
2024-08-31,European Union (EU),Seat,TTM,M,221681,2024-08,1725062400000
2024-08-31,European Union (EU),Seat,UNITS,M,13507,2024-08,1725062400000
2024-08-31,European Union (EU),Seat,YTD,M,160557,2024-08,1725062400000
2024-08-31,European Union (EU),Skoda,TTM,M,622437,2024-08,1725062400000
2024-08-31,European Union (EU),Skoda,UNITS,M,43904,2024-08,1725062400000
2024-08-31,European Union (EU),Skoda,YTD,M,427964,2024-08,1725062400000
2024-08-31,European Union (EU),Smart,TTM,M,23740,2024-08,1725062400000
2024-08-31,European Union (EU),Smart,UNITS,M,76,2024-08,1725062400000
2024-08-31,European Union (EU),Smart,YTD,M,14397,2024-08,1725062400000
2024-08-31,European Union (EU),Stellantis,TTM,M,1872504,2024-08,1725062400000
2024-08-31,European Union (EU),Stellantis,UNITS,M,92811,2024-08,1725062400000
2024-08-31,European Union (EU),Stellantis,YTD,M,1291220,2024-08,1725062400000
2024-08-31,European Union (EU),Suzuki,TTM,M,180699,2024-08,1725062400000
2024-08-31,European Union (EU),Suzuki,UNITS,M,10107,2024-08,1725062400000
2024-08-31,European Union (EU),Suzuki,YTD,M,124608,2024-08,1725062400000
2024-08-31,European Union (EU),Tesla,TTM,M,267139,2024-08,1725062400000
2024-08-31,European Union (EU),Tesla,UNITS,M,12966,2024-08,1725062400000
2024-08-31,European Union (EU),Tesla,YTD,M,166960,2024-08,1725062400000
2024-08-31,European Union (EU),Toyota,TTM,M,831165,2024-08,1725062400000
2024-08-31,European Union (EU),Toyota,UNITS,M,54104,2024-08,1725062400000
2024-08-31,European Union (EU),Toyota,YTD,M,601898,2024-08,1725062400000
2024-08-31,European Union (EU),Toyota Group,TTM,M,891876,2024-08,1725062400000
2024-08-31,European Union (EU),Toyota Group,UNITS,M,58699,2024-08,1725062400000
2024-08-31,European Union (EU),Toyota Group,YTD,M,647682,2024-08,1725062400000
2024-08-31,European Union (EU),Volkswagen,TTM,M,1142535,2024-08,1725062400000
2024-08-31,European Union (EU),Volkswagen,UNITS,M,72299,2024-08,1725062400000
2024-08-31,European Union (EU),Volkswagen,YTD,M,776144,2024-08,1725062400000
2024-08-31,European Union (EU),Volkswagen Group,TTM,M,2785202,2024-08,1725062400000
2024-08-31,European Union (EU),Volkswagen Group,UNITS,M,178790,2024-08,1725062400000
2024-08-31,European Union (EU),Volkswagen Group,YTD,M,1897337,2024-08,1725062400000
2024-08-31,European Union (EU),Volvo Cars,TTM,M,275647,2024-08,1725062400000
2024-08-31,European Union (EU),Volvo Cars,UNITS,M,15654,2024-08,1725062400000
2024-08-31,European Union (EU),Volvo Cars,YTD,M,194818,2024-08,1725062400000
2024-09-30,EU + EFTA + UK,Alfa Romeo,TTM,M,48606,2024-09,1727654400000
2024-09-30,EU + EFTA + UK,Alfa Romeo,UNITS,M,3104,2024-09,1727654400000
2024-09-30,EU + EFTA + UK,Alfa Romeo,YTD,M,34156,2024-09,1727654400000
2024-09-30,EU + EFTA + UK,Alpine,TTM,M,5011,2024-09,1727654400000
2024-09-30,EU + EFTA + UK,Alpine,UNITS,M,191,2024-09,1727654400000
2024-09-30,EU + EFTA + UK,Alpine,YTD,M,3139,2024-09,1727654400000
2024-09-30,EU + EFTA + UK,Audi,TTM,M,723543,2024-09,1727654400000
2024-09-30,EU + EFTA + UK,Audi,UNITS,M,59147,2024-09,1727654400000
2024-09-30,EU + EFTA + UK,Audi,YTD,M,522445,2024-09,1727654400000
2024-09-30,EU + EFTA + UK,BMW,TTM,M,794810,2024-09,1727654400000
2024-09-30,EU + EFTA + UK,BMW,UNITS,M,63705,2024-09,1727654400000
2024-09-30,EU + EFTA + UK,BMW,YTD,M,589282,2024-09,1727654400000
2024-09-30,EU + EFTA + UK,BMW Group,TTM,M,949824,2024-09,1727654400000
2024-09-30,EU + EFTA + UK,BMW Group,UNITS,M,74602,2024-09,1727654400000
2024-09-30,EU + EFTA + UK,BMW Group,YTD,M,691127,2024-09,1727654400000
2024-09-30,EU + EFTA + UK,BYD,TTM,M,12453,2024-09,1727654400000
2024-09-30,EU + EFTA + UK,BYD,UNITS,M,4151,2024-09,1727654400000
2024-09-30,EU + EFTA + UK,BYD,YTD,M,12453,2024-09,1727654400000
2024-09-30,EU + EFTA + UK,Citroen,TTM,M,394456,2024-09,1727654400000
2024-09-30,EU + EFTA + UK,Citroen,UNITS,M,26298,2024-09,1727654400000
2024-09-30,EU + EFTA + UK,Citroen,YTD,M,302388,2024-09,1727654400000
2024-09-30,EU + EFTA + UK,Cupra,TTM,M,221577,2024-09,1727654400000
2024-09-30,EU + EFTA + UK,Cupra,UNITS,M,16662,2024-09,1727654400000
2024-09-30,EU + EFTA + UK,Cupra,YTD,M,163258,2024-09,1727654400000
2024-09-30,EU + EFTA + UK,DS,TTM,M,43318,2024-09,1727654400000
2024-09-30,EU + EFTA + UK,DS,UNITS,M,2834,2024-09,1727654400000
2024-09-30,EU + EFTA + UK,DS,YTD,M,29950,2024-09,1727654400000
2024-09-30,EU + EFTA + UK,Dacia,TTM,M,604436,2024-09,1727654400000
2024-09-30,EU + EFTA + UK,Dacia,UNITS,M,47468,2024-09,1727654400000
2024-09-30,EU + EFTA + UK,Dacia,YTD,M,448088,2024-09,1727654400000
2024-09-30,EU + EFTA + UK,Fiat,TTM,M,364596,2024-09,1727654400000
2024-09-30,EU + EFTA + UK,Fiat,UNITS,M,23862,2024-09,1727654400000
2024-09-30,EU + EFTA + UK,Fiat,YTD,M,268722,2024-09,1727654400000
2024-09-30,EU + EFTA + UK,Ford,TTM,M,459840,2024-09,1727654400000
2024-09-30,EU + EFTA + UK,Ford,UNITS,M,32140,2024-09,1727654400000
2024-09-30,EU + EFTA + UK,Ford,YTD,M,322975,2024-09,1727654400000
2024-09-30,EU + EFTA + UK,Honda,TTM,M,73638,2024-09,1727654400000
2024-09-30,EU + EFTA + UK,Honda,UNITS,M,6068,2024-09,1727654400000
2024-09-30,EU + EFTA + UK,Honda,YTD,M,59513,2024-09,1727654400000
2024-09-30,EU + EFTA + UK,Hyundai,TTM,M,570490,2024-09,1727654400000
2024-09-30,EU + EFTA + UK,Hyundai,UNITS,M,47294,2024-09,1727654400000
2024-09-30,EU + EFTA + UK,Hyundai,YTD,M,423866,2024-09,1727654400000
2024-09-30,EU + EFTA + UK,Hyundai Group,TTM,M,1136228,2024-09,1727654400000
2024-09-30,EU + EFTA + UK,Hyundai Group,UNITS,M,93934,2024-09,1727654400000
2024-09-30,EU + EFTA + UK,Hyundai Group,YTD,M,846130,2024-09,1727654400000
2024-09-30,EU + EFTA + UK,Jaguar,TTM,M,25700,2024-09,1727654400000
2024-09-30,EU + EFTA + UK,Jaguar,UNITS,M,1460,2024-09,1727654400000
2024-09-30,EU + EFTA + UK,Jaguar,YTD,M,18719,2024-09,1727654400000
2024-09-30,EU + EFTA + UK,Jaguar Land Rover Group,TTM,M,158633,2024-09,1727654400000
2024-09-30,EU + EFTA + UK,Jaguar Land Rover Group,UNITS,M,12100,2024-09,1727654400000
2024-09-30,EU + EFTA + UK,Jaguar Land Rover Group,YTD,M,119739,2024-09,1727654400000
2024-09-30,EU + EFTA + UK,Jeep,TTM,M,135398,2024-09,1727654400000
2024-09-30,EU + EFTA + UK,Jeep,UNITS,M,10479,2024-09,1727654400000
2024-09-30,EU + EFTA + UK,Jeep,YTD,M,102268,2024-09,1727654400000
2024-09-30,EU + EFTA + UK,Kia,TTM,M,565738,2024-09,1727654400000
2024-09-30,EU + EFTA + UK,Kia,UNITS,M,46640,2024-09,1727654400000
2024-09-30,EU + EFTA + UK,Kia,YTD,M,422264,2024-09,1727654400000
2024-09-30,EU + EFTA + UK,Lancia/Chrysler,TTM,M,45422,2024-09,1727654400000
2024-09-30,EU + EFTA + UK,Lancia/Chrysler,UNITS,M,2843,2024-09,1727654400000
2024-09-30,EU + EFTA + UK,Lancia/Chrysler,YTD,M,33363,2024-09,1727654400000
2024-09-30,EU + EFTA + UK,Land Rover,TTM,M,132933,2024-09,1727654400000
2024-09-30,EU + EFTA + UK,Land Rover,UNITS,M,10640,2024-09,1727654400000
2024-09-30,EU + EFTA + UK,Land Rover,YTD,M,101020,2024-09,1727654400000
2024-09-30,EU + EFTA + UK,Lexus,TTM,M,73789,2024-09,1727654400000
2024-09-30,EU + EFTA + UK,Lexus,UNITS,M,6218,2024-09,1727654400000
2024-09-30,EU + EFTA + UK,Lexus,YTD,M,55003,2024-09,1727654400000
2024-09-30,EU + EFTA + UK,Mazda,TTM,M,178196,2024-09,1727654400000
2024-09-30,EU + EFTA + UK,Mazda,UNITS,M,11795,2024-09,1727654400000
2024-09-30,EU + EFTA + UK,Mazda,YTD,M,128750,2024-09,1727654400000
2024-09-30,EU + EFTA + UK,Mercedes,TTM,M,707891,2024-09,1727654400000
2024-09-30,EU + EFTA + UK,Mercedes,UNITS,M,61547,2024-09,1727654400000
2024-09-30,EU + EFTA + UK,Mercedes,YTD,M,518815,2024-09,1727654400000
2024-09-30,EU + EFTA + UK,Mercedes-Benz,TTM,M,706699,2024-09,1727654400000
2024-09-30,EU + EFTA + UK,Mercedes-Benz,UNITS,M,53447,2024-09,1727654400000
2024-09-30,EU + EFTA + UK,Mercedes-Benz,YTD,M,509998,2024-09,1727654400000
2024-09-30,EU + EFTA + UK,Mini,TTM,M,155014,2024-09,1727654400000
2024-09-30,EU + EFTA + UK,Mini,UNITS,M,10897,2024-09,1727654400000
2024-09-30,EU + EFTA + UK,Mini,YTD,M,101845,2024-09,1727654400000
2024-09-30,EU + EFTA + UK,Mitsubishi,TTM,M,60325,2024-09,1727654400000
2024-09-30,EU + EFTA + UK,Mitsubishi,UNITS,M,3224,2024-09,1727654400000
2024-09-30,EU + EFTA + UK,Mitsubishi,YTD,M,47320,2024-09,1727654400000
2024-09-30,EU + EFTA + UK,Nissan,TTM,M,321326,2024-09,1727654400000
2024-09-30,EU + EFTA + UK,Nissan,UNITS,M,22058,2024-09,1727654400000
2024-09-30,EU + EFTA + UK,Nissan,YTD,M,242487,2024-09,1727654400000
2024-09-30,EU + EFTA + UK,Opel/Vauxhall,TTM,M,459931,2024-09,1727654400000
2024-09-30,EU + EFTA + UK,Opel/Vauxhall,UNITS,M,33859,2024-09,1727654400000
2024-09-30,EU + EFTA + UK,Opel/Vauxhall,YTD,M,335187,2024-09,1727654400000
2024-09-30,EU + EFTA + UK,Peugeot,TTM,M,659936,2024-09,1727654400000
2024-09-30,EU + EFTA + UK,Peugeot,UNITS,M,49291,2024-09,1727654400000
2024-09-30,EU + EFTA + UK,Peugeot,YTD,M,493535,2024-09,1727654400000
2024-09-30,EU + EFTA + UK,Porsche,TTM,M,103246,2024-09,1727654400000
2024-09-30,EU + EFTA + UK,Porsche,UNITS,M,6413,2024-09,1727654400000
2024-09-30,EU + EFTA + UK,Porsche,YTD,M,77650,2024-09,1727654400000
2024-09-30,EU + EFTA + UK,Renault,TTM,M,727512,2024-09,1727654400000
2024-09-30,EU + EFTA + UK,Renault,UNITS,M,48125,2024-09,1727654400000
2024-09-30,EU + EFTA + UK,Renault,YTD,M,508132,2024-09,1727654400000
2024-09-30,EU + EFTA + UK,Renault Group,TTM,M,1336959,2024-09,1727654400000
2024-09-30,EU + EFTA + UK,Renault Group,UNITS,M,95784,2024-09,1727654400000
2024-09-30,EU + EFTA + UK,Renault Group,YTD,M,959359,2024-09,1727654400000
2024-09-30,EU + EFTA + UK,SAIC Motor,TTM,M,269528,2024-09,1727654400000
2024-09-30,EU + EFTA + UK,SAIC Motor,UNITS,M,20607,2024-09,1727654400000
2024-09-30,EU + EFTA + UK,SAIC Motor,YTD,M,190611,2024-09,1727654400000
2024-09-30,EU + EFTA + UK,Seat,TTM,M,287955,2024-09,1727654400000
2024-09-30,EU + EFTA + UK,Seat,UNITS,M,22902,2024-09,1727654400000
2024-09-30,EU + EFTA + UK,Seat,YTD,M,219339,2024-09,1727654400000
2024-09-30,EU + EFTA + UK,Skoda,TTM,M,737993,2024-09,1727654400000
2024-09-30,EU + EFTA + UK,Skoda,UNITS,M,59442,2024-09,1727654400000
2024-09-30,EU + EFTA + UK,Skoda,YTD,M,559339,2024-09,1727654400000
2024-09-30,EU + EFTA + UK,Smart,TTM,M,32711,2024-09,1727654400000
2024-09-30,EU + EFTA + UK,Smart,UNITS,M,3201,2024-09,1727654400000
2024-09-30,EU + EFTA + UK,Smart,YTD,M,25086,2024-09,1727654400000
2024-09-30,EU + EFTA + UK,Stellantis,TTM,M,2158990,2024-09,1727654400000
2024-09-30,EU + EFTA + UK,Stellantis,UNITS,M,153071,2024-09,1727654400000
2024-09-30,EU + EFTA + UK,Stellantis,YTD,M,1604473,2024-09,1727654400000
2024-09-30,EU + EFTA + UK,Suzuki,TTM,M,210096,2024-09,1727654400000
2024-09-30,EU + EFTA + UK,Suzuki,UNITS,M,15178,2024-09,1727654400000
2024-09-30,EU + EFTA + UK,Suzuki,YTD,M,161017,2024-09,1727654400000
2024-09-30,EU + EFTA + UK,Tesla,TTM,M,345229,2024-09,1727654400000
2024-09-30,EU + EFTA + UK,Tesla,UNITS,M,14769,2024-09,1727654400000
2024-09-30,EU + EFTA + UK,Tesla,YTD,M,208757,2024-09,1727654400000
2024-09-30,EU + EFTA + UK,Toyota,TTM,M,922912,2024-09,1727654400000
2024-09-30,EU + EFTA + UK,Toyota,UNITS,M,74172,2024-09,1727654400000
2024-09-30,EU + EFTA + UK,Toyota,YTD,M,706718,2024-09,1727654400000
2024-09-30,EU + EFTA + UK,Toyota Group,TTM,M,996701,2024-09,1727654400000
2024-09-30,EU + EFTA + UK,Toyota Group,UNITS,M,80390,2024-09,1727654400000
2024-09-30,EU + EFTA + UK,Toyota Group,YTD,M,761721,2024-09,1727654400000
2024-09-30,EU + EFTA + UK,Volkswagen,TTM,M,1434806,2024-09,1727654400000
2024-09-30,EU + EFTA + UK,Volkswagen,UNITS,M,109327,2024-09,1727654400000
2024-09-30,EU + EFTA + UK,Volkswagen,YTD,M,1041437,2024-09,1727654400000
2024-09-30,EU + EFTA + UK,Volkswagen Group,TTM,M,3518467,2024-09,1727654400000
2024-09-30,EU + EFTA + UK,Volkswagen Group,UNITS,M,274659,2024-09,1727654400000
2024-09-30,EU + EFTA + UK,Volkswagen Group,YTD,M,2590484,2024-09,1727654400000
2024-09-30,EU + EFTA + UK,Volvo Cars,TTM,M,368716,2024-09,1727654400000
2024-09-30,EU + EFTA + UK,Volvo Cars,UNITS,M,30044,2024-09,1727654400000
2024-09-30,EU + EFTA + UK,Volvo Cars,YTD,M,285077,2024-09,1727654400000
2024-09-30,European Union (EU),Alfa Romeo,TTM,M,43280,2024-09,1727654400000
2024-09-30,European Union (EU),Alfa Romeo,UNITS,M,3009,2024-09,1727654400000
2024-09-30,European Union (EU),Alfa Romeo,YTD,M,31866,2024-09,1727654400000
2024-09-30,European Union (EU),Alpine,TTM,M,4010,2024-09,1727654400000
2024-09-30,European Union (EU),Alpine,UNITS,M,167,2024-09,1727654400000
2024-09-30,European Union (EU),Alpine,YTD,M,2726,2024-09,1727654400000
2024-09-30,European Union (EU),Audi,TTM,M,532430,2024-09,1727654400000
2024-09-30,European Union (EU),Audi,UNITS,M,39483,2024-09,1727654400000
2024-09-30,European Union (EU),Audi,YTD,M,391520,2024-09,1727654400000
2024-09-30,European Union (EU),BMW,TTM,M,623696,2024-09,1727654400000
2024-09-30,European Union (EU),BMW,UNITS,M,50061,2024-09,1727654400000
2024-09-30,European Union (EU),BMW,YTD,M,461197,2024-09,1727654400000
2024-09-30,European Union (EU),BMW Group,TTM,M,733302,2024-09,1727654400000
2024-09-30,European Union (EU),BMW Group,UNITS,M,61600,2024-09,1727654400000
2024-09-30,European Union (EU),BMW Group,YTD,M,535970,2024-09,1727654400000
2024-09-30,European Union (EU),BYD,TTM,M,9748,2024-09,1727654400000
2024-09-30,European Union (EU),BYD,UNITS,M,3553,2024-09,1727654400000
2024-09-30,European Union (EU),BYD,YTD,M,9748,2024-09,1727654400000
2024-09-30,European Union (EU),Citroen,TTM,M,346061,2024-09,1727654400000
2024-09-30,European Union (EU),Citroen,UNITS,M,17848,2024-09,1727654400000
2024-09-30,European Union (EU),Citroen,YTD,M,271577,2024-09,1727654400000
2024-09-30,European Union (EU),Cupra,TTM,M,176861,2024-09,1727654400000
2024-09-30,European Union (EU),Cupra,UNITS,M,12054,2024-09,1727654400000
2024-09-30,European Union (EU),Cupra,YTD,M,133041,2024-09,1727654400000
2024-09-30,European Union (EU),DS,TTM,M,37121,2024-09,1727654400000
2024-09-30,European Union (EU),DS,UNITS,M,2603,2024-09,1727654400000
2024-09-30,European Union (EU),DS,YTD,M,28772,2024-09,1727654400000
2024-09-30,European Union (EU),Dacia,TTM,M,526713,2024-09,1727654400000
2024-09-30,European Union (EU),Dacia,UNITS,M,35875,2024-09,1727654400000
2024-09-30,European Union (EU),Dacia,YTD,M,397732,2024-09,1727654400000
2024-09-30,European Union (EU),Fiat,TTM,M,328868,2024-09,1727654400000
2024-09-30,European Union (EU),Fiat,UNITS,M,17266,2024-09,1727654400000
2024-09-30,European Union (EU),Fiat,YTD,M,244512,2024-09,1727654400000
2024-09-30,European Union (EU),Ford,TTM,M,319415,2024-09,1727654400000
2024-09-30,European Union (EU),Ford,UNITS,M,25868,2024-09,1727654400000
2024-09-30,European Union (EU),Ford,YTD,M,239317,2024-09,1727654400000
2024-09-30,European Union (EU),Honda,TTM,M,43411,2024-09,1727654400000
2024-09-30,European Union (EU),Honda,UNITS,M,3188,2024-09,1727654400000
2024-09-30,European Union (EU),Honda,YTD,M,33291,2024-09,1727654400000
2024-09-30,European Union (EU),Hyundai,TTM,M,433050,2024-09,1727654400000
2024-09-30,European Union (EU),Hyundai,UNITS,M,30399,2024-09,1727654400000
2024-09-30,European Union (EU),Hyundai,YTD,M,323794,2024-09,1727654400000
2024-09-30,European Union (EU),Hyundai Group,TTM,M,855392,2024-09,1727654400000
2024-09-30,European Union (EU),Hyundai Group,UNITS,M,62584,2024-09,1727654400000
2024-09-30,European Union (EU),Hyundai Group,YTD,M,641775,2024-09,1727654400000
2024-09-30,European Union (EU),Jaguar,TTM,M,6952,2024-09,1727654400000
2024-09-30,European Union (EU),Jaguar,UNITS,M,326,2024-09,1727654400000
2024-09-30,European Union (EU),Jaguar,YTD,M,4738,2024-09,1727654400000
2024-09-30,European Union (EU),Jaguar Land Rover Group,TTM,M,65477,2024-09,1727654400000
2024-09-30,European Union (EU),Jaguar Land Rover Group,UNITS,M,4440,2024-09,1727654400000
2024-09-30,European Union (EU),Jaguar Land Rover Group,YTD,M,48857,2024-09,1727654400000
2024-09-30,European Union (EU),Jeep,TTM,M,124538,2024-09,1727654400000
2024-09-30,European Union (EU),Jeep,UNITS,M,9334,2024-09,1727654400000
2024-09-30,European Union (EU),Jeep,YTD,M,93918,2024-09,1727654400000
2024-09-30,European Union (EU),Kia,TTM,M,422342,2024-09,1727654400000
2024-09-30,European Union (EU),Kia,UNITS,M,32185,2024-09,1727654400000
2024-09-30,European Union (EU),Kia,YTD,M,317981,2024-09,1727654400000
2024-09-30,European Union (EU),Lancia/Chrysler,TTM,M,42481,2024-09,1727654400000
2024-09-30,European Union (EU),Lancia/Chrysler,UNITS,M,1081,2024-09,1727654400000
2024-09-30,European Union (EU),Lancia/Chrysler,YTD,M,31215,2024-09,1727654400000
2024-09-30,European Union (EU),Land Rover,TTM,M,58525,2024-09,1727654400000
2024-09-30,European Union (EU),Land Rover,UNITS,M,4114,2024-09,1727654400000
2024-09-30,European Union (EU),Land Rover,YTD,M,44119,2024-09,1727654400000
2024-09-30,European Union (EU),Lexus,TTM,M,62125,2024-09,1727654400000
2024-09-30,European Union (EU),Lexus,UNITS,M,5124,2024-09,1727654400000
2024-09-30,European Union (EU),Lexus,YTD,M,50908,2024-09,1727654400000
2024-09-30,European Union (EU),Mazda,TTM,M,143985,2024-09,1727654400000
2024-09-30,European Union (EU),Mazda,UNITS,M,10567,2024-09,1727654400000
2024-09-30,European Union (EU),Mazda,YTD,M,107696,2024-09,1727654400000
2024-09-30,European Union (EU),Mercedes,TTM,M,576787,2024-09,1727654400000
2024-09-30,European Union (EU),Mercedes,UNITS,M,48932,2024-09,1727654400000
2024-09-30,European Union (EU),Mercedes,YTD,M,423907,2024-09,1727654400000
2024-09-30,European Union (EU),Mercedes-Benz,TTM,M,592023,2024-09,1727654400000
2024-09-30,European Union (EU),Mercedes-Benz,UNITS,M,48981,2024-09,1727654400000
2024-09-30,European Union (EU),Mercedes-Benz,YTD,M,431447,2024-09,1727654400000
2024-09-30,European Union (EU),Mini,TTM,M,109606,2024-09,1727654400000
2024-09-30,European Union (EU),Mini,UNITS,M,11539,2024-09,1727654400000
2024-09-30,European Union (EU),Mini,YTD,M,74773,2024-09,1727654400000
2024-09-30,European Union (EU),Mitsubishi,TTM,M,65082,2024-09,1727654400000
2024-09-30,European Union (EU),Mitsubishi,UNITS,M,3178,2024-09,1727654400000
2024-09-30,European Union (EU),Mitsubishi,YTD,M,53028,2024-09,1727654400000
2024-09-30,European Union (EU),Nissan,TTM,M,218231,2024-09,1727654400000
2024-09-30,European Union (EU),Nissan,UNITS,M,12947,2024-09,1727654400000
2024-09-30,European Union (EU),Nissan,YTD,M,167374,2024-09,1727654400000
2024-09-30,European Union (EU),Opel/Vauxhall,TTM,M,343085,2024-09,1727654400000
2024-09-30,European Union (EU),Opel/Vauxhall,UNITS,M,24234,2024-09,1727654400000
2024-09-30,European Union (EU),Opel/Vauxhall,YTD,M,266864,2024-09,1727654400000
2024-09-30,European Union (EU),Peugeot,TTM,M,556918,2024-09,1727654400000
2024-09-30,European Union (EU),Peugeot,UNITS,M,44913,2024-09,1727654400000
2024-09-30,European Union (EU),Peugeot,YTD,M,439158,2024-09,1727654400000
2024-09-30,European Union (EU),Porsche,TTM,M,77033,2024-09,1727654400000
2024-09-30,European Union (EU),Porsche,UNITS,M,5401,2024-09,1727654400000
2024-09-30,European Union (EU),Porsche,YTD,M,60598,2024-09,1727654400000
2024-09-30,European Union (EU),Renault,TTM,M,626725,2024-09,1727654400000
2024-09-30,European Union (EU),Renault,UNITS,M,52064,2024-09,1727654400000
2024-09-30,European Union (EU),Renault,YTD,M,464560,2024-09,1727654400000
2024-09-30,European Union (EU),Renault Group,TTM,M,1157448,2024-09,1727654400000
2024-09-30,European Union (EU),Renault Group,UNITS,M,88106,2024-09,1727654400000
2024-09-30,European Union (EU),Renault Group,YTD,M,865018,2024-09,1727654400000
2024-09-30,European Union (EU),SAIC Motor,TTM,M,160900,2024-09,1727654400000
2024-09-30,European Union (EU),SAIC Motor,UNITS,M,10271,2024-09,1727654400000
2024-09-30,European Union (EU),SAIC Motor,YTD,M,114396,2024-09,1727654400000
2024-09-30,European Union (EU),Seat,TTM,M,222042,2024-09,1727654400000
2024-09-30,European Union (EU),Seat,UNITS,M,14903,2024-09,1727654400000
2024-09-30,European Union (EU),Seat,YTD,M,175460,2024-09,1727654400000
2024-09-30,European Union (EU),Skoda,TTM,M,630721,2024-09,1727654400000
2024-09-30,European Union (EU),Skoda,UNITS,M,55797,2024-09,1727654400000
2024-09-30,European Union (EU),Skoda,YTD,M,483761,2024-09,1727654400000
2024-09-30,European Union (EU),Smart,TTM,M,22133,2024-09,1727654400000
2024-09-30,European Union (EU),Smart,UNITS,M,40,2024-09,1727654400000
2024-09-30,European Union (EU),Smart,YTD,M,14437,2024-09,1727654400000
2024-09-30,European Union (EU),Stellantis,TTM,M,1827814,2024-09,1727654400000
2024-09-30,European Union (EU),Stellantis,UNITS,M,120630,2024-09,1727654400000
2024-09-30,European Union (EU),Stellantis,YTD,M,1411850,2024-09,1727654400000
2024-09-30,European Union (EU),Suzuki,TTM,M,178577,2024-09,1727654400000
2024-09-30,European Union (EU),Suzuki,UNITS,M,13526,2024-09,1727654400000
2024-09-30,European Union (EU),Suzuki,YTD,M,138134,2024-09,1727654400000
2024-09-30,European Union (EU),Tesla,TTM,M,274614,2024-09,1727654400000
2024-09-30,European Union (EU),Tesla,UNITS,M,31535,2024-09,1727654400000
2024-09-30,European Union (EU),Tesla,YTD,M,198495,2024-09,1727654400000
2024-09-30,European Union (EU),Toyota,TTM,M,832503,2024-09,1727654400000
2024-09-30,European Union (EU),Toyota,UNITS,M,57482,2024-09,1727654400000
2024-09-30,European Union (EU),Toyota,YTD,M,659380,2024-09,1727654400000
2024-09-30,European Union (EU),Toyota Group,TTM,M,894628,2024-09,1727654400000
2024-09-30,European Union (EU),Toyota Group,UNITS,M,62606,2024-09,1727654400000
2024-09-30,European Union (EU),Toyota Group,YTD,M,710288,2024-09,1727654400000
2024-09-30,European Union (EU),Volkswagen,TTM,M,1141572,2024-09,1727654400000
2024-09-30,European Union (EU),Volkswagen,UNITS,M,89339,2024-09,1727654400000
2024-09-30,European Union (EU),Volkswagen,YTD,M,865483,2024-09,1727654400000
2024-09-30,European Union (EU),Volkswagen Group,TTM,M,2786585,2024-09,1727654400000
2024-09-30,European Union (EU),Volkswagen Group,UNITS,M,217283,2024-09,1727654400000
2024-09-30,European Union (EU),Volkswagen Group,YTD,M,2114620,2024-09,1727654400000
2024-09-30,European Union (EU),Volvo Cars,TTM,M,278125,2024-09,1727654400000
2024-09-30,European Union (EU),Volvo Cars,UNITS,M,18843,2024-09,1727654400000
2024-09-30,European Union (EU),Volvo Cars,YTD,M,213661,2024-09,1727654400000
2024-10-31,EU + EFTA + UK,Alfa Romeo,TTM,M,46595,2024-10,1730332800000
2024-10-31,EU + EFTA + UK,Alfa Romeo,UNITS,M,3485,2024-10,1730332800000
2024-10-31,EU + EFTA + UK,Alfa Romeo,YTD,M,37641,2024-10,1730332800000
2024-10-31,EU + EFTA + UK,Alpine,TTM,M,4718,2024-10,1730332800000
2024-10-31,EU + EFTA + UK,Alpine,UNITS,M,289,2024-10,1730332800000
2024-10-31,EU + EFTA + UK,Alpine,YTD,M,3428,2024-10,1730332800000
2024-10-31,EU + EFTA + UK,Audi,TTM,M,705726,2024-10,1730332800000
2024-10-31,EU + EFTA + UK,Audi,UNITS,M,54552,2024-10,1730332800000
2024-10-31,EU + EFTA + UK,Audi,YTD,M,576997,2024-10,1730332800000
2024-10-31,EU + EFTA + UK,BMW,TTM,M,792952,2024-10,1730332800000
2024-10-31,EU + EFTA + UK,BMW,UNITS,M,64538,2024-10,1730332800000
2024-10-31,EU + EFTA + UK,BMW,YTD,M,653820,2024-10,1730332800000
2024-10-31,EU + EFTA + UK,BMW Group,TTM,M,943014,2024-10,1730332800000
2024-10-31,EU + EFTA + UK,BMW Group,UNITS,M,77066,2024-10,1730332800000
2024-10-31,EU + EFTA + UK,BMW Group,YTD,M,768193,2024-10,1730332800000
2024-10-31,EU + EFTA + UK,BYD,TTM,M,18148,2024-10,1730332800000
2024-10-31,EU + EFTA + UK,BYD,UNITS,M,5695,2024-10,1730332800000
2024-10-31,EU + EFTA + UK,BYD,YTD,M,18148,2024-10,1730332800000
2024-10-31,EU + EFTA + UK,Citroen,TTM,M,382213,2024-10,1730332800000
2024-10-31,EU + EFTA + UK,Citroen,UNITS,M,22926,2024-10,1730332800000
2024-10-31,EU + EFTA + UK,Citroen,YTD,M,325314,2024-10,1730332800000
2024-10-31,EU + EFTA + UK,Cupra,TTM,M,221434,2024-10,1730332800000
2024-10-31,EU + EFTA + UK,Cupra,UNITS,M,19465,2024-10,1730332800000
2024-10-31,EU + EFTA + UK,Cupra,YTD,M,182723,2024-10,1730332800000
2024-10-31,EU + EFTA + UK,DS,TTM,M,40916,2024-10,1730332800000
2024-10-31,EU + EFTA + UK,DS,UNITS,M,2890,2024-10,1730332800000
2024-10-31,EU + EFTA + UK,DS,YTD,M,32840,2024-10,1730332800000
2024-10-31,EU + EFTA + UK,Dacia,TTM,M,594475,2024-10,1730332800000
2024-10-31,EU + EFTA + UK,Dacia,UNITS,M,45633,2024-10,1730332800000
2024-10-31,EU + EFTA + UK,Dacia,YTD,M,493721,2024-10,1730332800000
2024-10-31,EU + EFTA + UK,Fiat,TTM,M,348193,2024-10,1730332800000
2024-10-31,EU + EFTA + UK,Fiat,UNITS,M,18735,2024-10,1730332800000
2024-10-31,EU + EFTA + UK,Fiat,YTD,M,287457,2024-10,1730332800000
2024-10-31,EU + EFTA + UK,Ford,TTM,M,444643,2024-10,1730332800000
2024-10-31,EU + EFTA + UK,Ford,UNITS,M,35670,2024-10,1730332800000
2024-10-31,EU + EFTA + UK,Ford,YTD,M,358645,2024-10,1730332800000
2024-10-31,EU + EFTA + UK,Honda,TTM,M,74036,2024-10,1730332800000
2024-10-31,EU + EFTA + UK,Honda,UNITS,M,5223,2024-10,1730332800000
2024-10-31,EU + EFTA + UK,Honda,YTD,M,64736,2024-10,1730332800000
2024-10-31,EU + EFTA + UK,Hyundai,TTM,M,560048,2024-10,1730332800000
2024-10-31,EU + EFTA + UK,Hyundai,UNITS,M,41488,2024-10,1730332800000
2024-10-31,EU + EFTA + UK,Hyundai,YTD,M,465354,2024-10,1730332800000
2024-10-31,EU + EFTA + UK,Hyundai Group,TTM,M,1112421,2024-10,1730332800000
2024-10-31,EU + EFTA + UK,Hyundai Group,UNITS,M,82734,2024-10,1730332800000
2024-10-31,EU + EFTA + UK,Hyundai Group,YTD,M,928864,2024-10,1730332800000
2024-10-31,EU + EFTA + UK,Jaguar,TTM,M,24775,2024-10,1730332800000
2024-10-31,EU + EFTA + UK,Jaguar,UNITS,M,1693,2024-10,1730332800000
2024-10-31,EU + EFTA + UK,Jaguar,YTD,M,20412,2024-10,1730332800000
2024-10-31,EU + EFTA + UK,Jaguar Land Rover Group,TTM,M,154559,2024-10,1730332800000
2024-10-31,EU + EFTA + UK,Jaguar Land Rover Group,UNITS,M,9574,2024-10,1730332800000
2024-10-31,EU + EFTA + UK,Jaguar Land Rover Group,YTD,M,129313,2024-10,1730332800000
2024-10-31,EU + EFTA + UK,Jeep,TTM,M,135005,2024-10,1730332800000
2024-10-31,EU + EFTA + UK,Jeep,UNITS,M,11555,2024-10,1730332800000
2024-10-31,EU + EFTA + UK,Jeep,YTD,M,113823,2024-10,1730332800000
2024-10-31,EU + EFTA + UK,Kia,TTM,M,552373,2024-10,1730332800000
2024-10-31,EU + EFTA + UK,Kia,UNITS,M,41246,2024-10,1730332800000
2024-10-31,EU + EFTA + UK,Kia,YTD,M,463510,2024-10,1730332800000
2024-10-31,EU + EFTA + UK,Lancia/Chrysler,TTM,M,41783,2024-10,1730332800000
2024-10-31,EU + EFTA + UK,Lancia/Chrysler,UNITS,M,880,2024-10,1730332800000
2024-10-31,EU + EFTA + UK,Lancia/Chrysler,YTD,M,34243,2024-10,1730332800000
2024-10-31,EU + EFTA + UK,Land Rover,TTM,M,129784,2024-10,1730332800000
2024-10-31,EU + EFTA + UK,Land Rover,UNITS,M,7881,2024-10,1730332800000
2024-10-31,EU + EFTA + UK,Land Rover,YTD,M,108901,2024-10,1730332800000
2024-10-31,EU + EFTA + UK,Lexus,TTM,M,74264,2024-10,1730332800000
2024-10-31,EU + EFTA + UK,Lexus,UNITS,M,6957,2024-10,1730332800000
2024-10-31,EU + EFTA + UK,Lexus,YTD,M,61960,2024-10,1730332800000
2024-10-31,EU + EFTA + UK,Mazda,TTM,M,173303,2024-10,1730332800000
2024-10-31,EU + EFTA + UK,Mazda,UNITS,M,12454,2024-10,1730332800000
2024-10-31,EU + EFTA + UK,Mazda,YTD,M,141204,2024-10,1730332800000
2024-10-31,EU + EFTA + UK,Mercedes,TTM,M,708472,2024-10,1730332800000
2024-10-31,EU + EFTA + UK,Mercedes,UNITS,M,61547,2024-10,1730332800000
2024-10-31,EU + EFTA + UK,Mercedes,YTD,M,580362,2024-10,1730332800000
2024-10-31,EU + EFTA + UK,Mercedes-Benz,TTM,M,701381,2024-10,1730332800000
2024-10-31,EU + EFTA + UK,Mercedes-Benz,UNITS,M,57921,2024-10,1730332800000
2024-10-31,EU + EFTA + UK,Mercedes-Benz,YTD,M,567919,2024-10,1730332800000
2024-10-31,EU + EFTA + UK,Mini,TTM,M,150062,2024-10,1730332800000
2024-10-31,EU + EFTA + UK,Mini,UNITS,M,12528,2024-10,1730332800000
2024-10-31,EU + EFTA + UK,Mini,YTD,M,114373,2024-10,1730332800000
2024-10-31,EU + EFTA + UK,Mitsubishi,TTM,M,59999,2024-10,1730332800000
2024-10-31,EU + EFTA + UK,Mitsubishi,UNITS,M,4063,2024-10,1730332800000
2024-10-31,EU + EFTA + UK,Mitsubishi,YTD,M,51383,2024-10,1730332800000
2024-10-31,EU + EFTA + UK,Nissan,TTM,M,315278,2024-10,1730332800000
2024-10-31,EU + EFTA + UK,Nissan,UNITS,M,20817,2024-10,1730332800000
2024-10-31,EU + EFTA + UK,Nissan,YTD,M,263304,2024-10,1730332800000
2024-10-31,EU + EFTA + UK,Opel/Vauxhall,TTM,M,444333,2024-10,1730332800000
2024-10-31,EU + EFTA + UK,Opel/Vauxhall,UNITS,M,31490,2024-10,1730332800000
2024-10-31,EU + EFTA + UK,Opel/Vauxhall,YTD,M,366677,2024-10,1730332800000
2024-10-31,EU + EFTA + UK,Peugeot,TTM,M,653851,2024-10,1730332800000
2024-10-31,EU + EFTA + UK,Peugeot,UNITS,M,58032,2024-10,1730332800000
2024-10-31,EU + EFTA + UK,Peugeot,YTD,M,551567,2024-10,1730332800000
2024-10-31,EU + EFTA + UK,Porsche,TTM,M,104246,2024-10,1730332800000
2024-10-31,EU + EFTA + UK,Porsche,UNITS,M,10382,2024-10,1730332800000
2024-10-31,EU + EFTA + UK,Porsche,YTD,M,88032,2024-10,1730332800000
2024-10-31,EU + EFTA + UK,Renault,TTM,M,707365,2024-10,1730332800000
2024-10-31,EU + EFTA + UK,Renault,UNITS,M,56687,2024-10,1730332800000
2024-10-31,EU + EFTA + UK,Renault,YTD,M,564819,2024-10,1730332800000
2024-10-31,EU + EFTA + UK,Renault Group,TTM,M,1306558,2024-10,1730332800000
2024-10-31,EU + EFTA + UK,Renault Group,UNITS,M,102609,2024-10,1730332800000
2024-10-31,EU + EFTA + UK,Renault Group,YTD,M,1061968,2024-10,1730332800000
2024-10-31,EU + EFTA + UK,SAIC Motor,TTM,M,261496,2024-10,1730332800000
2024-10-31,EU + EFTA + UK,SAIC Motor,UNITS,M,17552,2024-10,1730332800000
2024-10-31,EU + EFTA + UK,SAIC Motor,YTD,M,208163,2024-10,1730332800000
2024-10-31,EU + EFTA + UK,Seat,TTM,M,280738,2024-10,1730332800000
2024-10-31,EU + EFTA + UK,Seat,UNITS,M,16947,2024-10,1730332800000
2024-10-31,EU + EFTA + UK,Seat,YTD,M,236286,2024-10,1730332800000
2024-10-31,EU + EFTA + UK,Skoda,TTM,M,747341,2024-10,1730332800000
2024-10-31,EU + EFTA + UK,Skoda,UNITS,M,71607,2024-10,1730332800000
2024-10-31,EU + EFTA + UK,Skoda,YTD,M,630946,2024-10,1730332800000
2024-10-31,EU + EFTA + UK,Smart,TTM,M,33639,2024-10,1730332800000
2024-10-31,EU + EFTA + UK,Smart,UNITS,M,3201,2024-10,1730332800000
2024-10-31,EU + EFTA + UK,Smart,YTD,M,28287,2024-10,1730332800000
2024-10-31,EU + EFTA + UK,Stellantis,TTM,M,2099707,2024-10,1730332800000
2024-10-31,EU + EFTA + UK,Stellantis,UNITS,M,150436,2024-10,1730332800000
2024-10-31,EU + EFTA + UK,Stellantis,YTD,M,1754909,2024-10,1730332800000
2024-10-31,EU + EFTA + UK,Suzuki,TTM,M,207886,2024-10,1730332800000
2024-10-31,EU + EFTA + UK,Suzuki,UNITS,M,14473,2024-10,1730332800000
2024-10-31,EU + EFTA + UK,Suzuki,YTD,M,175490,2024-10,1730332800000
2024-10-31,EU + EFTA + UK,Tesla,TTM,M,310109,2024-10,1730332800000
2024-10-31,EU + EFTA + UK,Tesla,UNITS,M,13519,2024-10,1730332800000
2024-10-31,EU + EFTA + UK,Tesla,YTD,M,222276,2024-10,1730332800000
2024-10-31,EU + EFTA + UK,Toyota,TTM,M,925589,2024-10,1730332800000
2024-10-31,EU + EFTA + UK,Toyota,UNITS,M,77914,2024-10,1730332800000
2024-10-31,EU + EFTA + UK,Toyota,YTD,M,784632,2024-10,1730332800000
2024-10-31,EU + EFTA + UK,Toyota Group,TTM,M,999853,2024-10,1730332800000
2024-10-31,EU + EFTA + UK,Toyota Group,UNITS,M,84871,2024-10,1730332800000
2024-10-31,EU + EFTA + UK,Toyota Group,YTD,M,846592,2024-10,1730332800000
2024-10-31,EU + EFTA + UK,Volkswagen,TTM,M,1412553,2024-10,1730332800000
2024-10-31,EU + EFTA + UK,Volkswagen,UNITS,M,116321,2024-10,1730332800000
2024-10-31,EU + EFTA + UK,Volkswagen,YTD,M,1157758,2024-10,1730332800000
2024-10-31,EU + EFTA + UK,Volkswagen Group,TTM,M,3480963,2024-10,1730332800000
2024-10-31,EU + EFTA + UK,Volkswagen Group,UNITS,M,289787,2024-10,1730332800000
2024-10-31,EU + EFTA + UK,Volkswagen Group,YTD,M,2880271,2024-10,1730332800000
2024-10-31,EU + EFTA + UK,Volvo Cars,TTM,M,372962,2024-10,1730332800000
2024-10-31,EU + EFTA + UK,Volvo Cars,UNITS,M,30497,2024-10,1730332800000
2024-10-31,EU + EFTA + UK,Volvo Cars,YTD,M,315574,2024-10,1730332800000
2024-10-31,European Union (EU),Alfa Romeo,TTM,M,42509,2024-10,1730332800000
2024-10-31,European Union (EU),Alfa Romeo,UNITS,M,3249,2024-10,1730332800000
2024-10-31,European Union (EU),Alfa Romeo,YTD,M,35115,2024-10,1730332800000
2024-10-31,European Union (EU),Alpine,TTM,M,3997,2024-10,1730332800000
2024-10-31,European Union (EU),Alpine,UNITS,M,262,2024-10,1730332800000
2024-10-31,European Union (EU),Alpine,YTD,M,2988,2024-10,1730332800000
2024-10-31,European Union (EU),Audi,TTM,M,527520,2024-10,1730332800000
2024-10-31,European Union (EU),Audi,UNITS,M,43312,2024-10,1730332800000
2024-10-31,European Union (EU),Audi,YTD,M,434832,2024-10,1730332800000
2024-10-31,European Union (EU),BMW,TTM,M,628683,2024-10,1730332800000
2024-10-31,European Union (EU),BMW,UNITS,M,52784,2024-10,1730332800000
2024-10-31,European Union (EU),BMW,YTD,M,513981,2024-10,1730332800000
2024-10-31,European Union (EU),BMW Group,TTM,M,736200,2024-10,1730332800000
2024-10-31,European Union (EU),BMW Group,UNITS,M,60999,2024-10,1730332800000
2024-10-31,European Union (EU),BMW Group,YTD,M,596969,2024-10,1730332800000
2024-10-31,European Union (EU),BYD,TTM,M,14273,2024-10,1730332800000
2024-10-31,European Union (EU),BYD,UNITS,M,4525,2024-10,1730332800000
2024-10-31,European Union (EU),BYD,YTD,M,14273,2024-10,1730332800000
2024-10-31,European Union (EU),Citroen,TTM,M,335332,2024-10,1730332800000
2024-10-31,European Union (EU),Citroen,UNITS,M,19687,2024-10,1730332800000
2024-10-31,European Union (EU),Citroen,YTD,M,291264,2024-10,1730332800000
2024-10-31,European Union (EU),Cupra,TTM,M,179457,2024-10,1730332800000
2024-10-31,European Union (EU),Cupra,UNITS,M,16965,2024-10,1730332800000
2024-10-31,European Union (EU),Cupra,YTD,M,150006,2024-10,1730332800000
2024-10-31,European Union (EU),DS,TTM,M,36901,2024-10,1730332800000
2024-10-31,European Union (EU),DS,UNITS,M,2776,2024-10,1730332800000
2024-10-31,European Union (EU),DS,YTD,M,31548,2024-10,1730332800000
2024-10-31,European Union (EU),Dacia,TTM,M,525462,2024-10,1730332800000
2024-10-31,European Union (EU),Dacia,UNITS,M,42453,2024-10,1730332800000
2024-10-31,European Union (EU),Dacia,YTD,M,440185,2024-10,1730332800000
2024-10-31,European Union (EU),Fiat,TTM,M,313837,2024-10,1730332800000
2024-10-31,European Union (EU),Fiat,UNITS,M,17630,2024-10,1730332800000
2024-10-31,European Union (EU),Fiat,YTD,M,262142,2024-10,1730332800000
2024-10-31,European Union (EU),Ford,TTM,M,317319,2024-10,1730332800000
2024-10-31,European Union (EU),Ford,UNITS,M,26159,2024-10,1730332800000
2024-10-31,European Union (EU),Ford,YTD,M,265476,2024-10,1730332800000
2024-10-31,European Union (EU),Honda,TTM,M,43225,2024-10,1730332800000
2024-10-31,European Union (EU),Honda,UNITS,M,3588,2024-10,1730332800000
2024-10-31,European Union (EU),Honda,YTD,M,36879,2024-10,1730332800000
2024-10-31,European Union (EU),Hyundai,TTM,M,430766,2024-10,1730332800000
2024-10-31,European Union (EU),Hyundai,UNITS,M,33458,2024-10,1730332800000
2024-10-31,European Union (EU),Hyundai,YTD,M,357252,2024-10,1730332800000
2024-10-31,European Union (EU),Hyundai Group,TTM,M,846408,2024-10,1730332800000
2024-10-31,European Union (EU),Hyundai Group,UNITS,M,65527,2024-10,1730332800000
2024-10-31,European Union (EU),Hyundai Group,YTD,M,707302,2024-10,1730332800000
2024-10-31,European Union (EU),Jaguar,TTM,M,6388,2024-10,1730332800000
2024-10-31,European Union (EU),Jaguar,UNITS,M,266,2024-10,1730332800000
2024-10-31,European Union (EU),Jaguar,YTD,M,5004,2024-10,1730332800000
2024-10-31,European Union (EU),Jaguar Land Rover Group,TTM,M,63887,2024-10,1730332800000
2024-10-31,European Union (EU),Jaguar Land Rover Group,UNITS,M,3925,2024-10,1730332800000
2024-10-31,European Union (EU),Jaguar Land Rover Group,YTD,M,52782,2024-10,1730332800000
2024-10-31,European Union (EU),Jeep,TTM,M,123298,2024-10,1730332800000
2024-10-31,European Union (EU),Jeep,UNITS,M,10369,2024-10,1730332800000
2024-10-31,European Union (EU),Jeep,YTD,M,104287,2024-10,1730332800000
2024-10-31,European Union (EU),Kia,TTM,M,415642,2024-10,1730332800000
2024-10-31,European Union (EU),Kia,UNITS,M,32069,2024-10,1730332800000
2024-10-31,European Union (EU),Kia,YTD,M,350050,2024-10,1730332800000
2024-10-31,European Union (EU),Lancia/Chrysler,TTM,M,39122,2024-10,1730332800000
2024-10-31,European Union (EU),Lancia/Chrysler,UNITS,M,879,2024-10,1730332800000
2024-10-31,European Union (EU),Lancia/Chrysler,YTD,M,32094,2024-10,1730332800000
2024-10-31,European Union (EU),Land Rover,TTM,M,57499,2024-10,1730332800000
2024-10-31,European Union (EU),Land Rover,UNITS,M,3659,2024-10,1730332800000
2024-10-31,European Union (EU),Land Rover,YTD,M,47778,2024-10,1730332800000
2024-10-31,European Union (EU),Lexus,TTM,M,63947,2024-10,1730332800000
2024-10-31,European Union (EU),Lexus,UNITS,M,5414,2024-10,1730332800000
2024-10-31,European Union (EU),Lexus,YTD,M,56322,2024-10,1730332800000
2024-10-31,European Union (EU),Mazda,TTM,M,142417,2024-10,1730332800000
2024-10-31,European Union (EU),Mazda,UNITS,M,10360,2024-10,1730332800000
2024-10-31,European Union (EU),Mazda,YTD,M,118056,2024-10,1730332800000
2024-10-31,European Union (EU),Mercedes,TTM,M,578558,2024-10,1730332800000
2024-10-31,European Union (EU),Mercedes,UNITS,M,47768,2024-10,1730332800000
2024-10-31,European Union (EU),Mercedes,YTD,M,471675,2024-10,1730332800000
2024-10-31,European Union (EU),Mercedes-Benz,TTM,M,591606,2024-10,1730332800000
2024-10-31,European Union (EU),Mercedes-Benz,UNITS,M,47875,2024-10,1730332800000
2024-10-31,European Union (EU),Mercedes-Benz,YTD,M,479322,2024-10,1730332800000
2024-10-31,European Union (EU),Mini,TTM,M,107517,2024-10,1730332800000
2024-10-31,European Union (EU),Mini,UNITS,M,8215,2024-10,1730332800000
2024-10-31,European Union (EU),Mini,YTD,M,82988,2024-10,1730332800000
2024-10-31,European Union (EU),Mitsubishi,TTM,M,65412,2024-10,1730332800000
2024-10-31,European Union (EU),Mitsubishi,UNITS,M,3930,2024-10,1730332800000
2024-10-31,European Union (EU),Mitsubishi,YTD,M,56958,2024-10,1730332800000
2024-10-31,European Union (EU),Nissan,TTM,M,215981,2024-10,1730332800000
2024-10-31,European Union (EU),Nissan,UNITS,M,14498,2024-10,1730332800000
2024-10-31,European Union (EU),Nissan,YTD,M,181872,2024-10,1730332800000
2024-10-31,European Union (EU),Opel/Vauxhall,TTM,M,342500,2024-10,1730332800000
2024-10-31,European Union (EU),Opel/Vauxhall,UNITS,M,26194,2024-10,1730332800000
2024-10-31,European Union (EU),Opel/Vauxhall,YTD,M,293058,2024-10,1730332800000
2024-10-31,European Union (EU),Peugeot,TTM,M,562468,2024-10,1730332800000
2024-10-31,European Union (EU),Peugeot,UNITS,M,49891,2024-10,1730332800000
2024-10-31,European Union (EU),Peugeot,YTD,M,489049,2024-10,1730332800000
2024-10-31,European Union (EU),Porsche,TTM,M,77315,2024-10,1730332800000
2024-10-31,European Union (EU),Porsche,UNITS,M,7606,2024-10,1730332800000
2024-10-31,European Union (EU),Porsche,YTD,M,68204,2024-10,1730332800000
2024-10-31,European Union (EU),Renault,TTM,M,626410,2024-10,1730332800000
2024-10-31,European Union (EU),Renault,UNITS,M,51306,2024-10,1730332800000
2024-10-31,European Union (EU),Renault,YTD,M,515866,2024-10,1730332800000
2024-10-31,European Union (EU),Renault Group,TTM,M,1155869,2024-10,1730332800000
2024-10-31,European Union (EU),Renault Group,UNITS,M,94021,2024-10,1730332800000
2024-10-31,European Union (EU),Renault Group,YTD,M,959039,2024-10,1730332800000
2024-10-31,European Union (EU),SAIC Motor,TTM,M,160036,2024-10,1730332800000
2024-10-31,European Union (EU),SAIC Motor,UNITS,M,12079,2024-10,1730332800000
2024-10-31,European Union (EU),SAIC Motor,YTD,M,126475,2024-10,1730332800000
2024-10-31,European Union (EU),Seat,TTM,M,223653,2024-10,1730332800000
2024-10-31,European Union (EU),Seat,UNITS,M,15177,2024-10,1730332800000
2024-10-31,European Union (EU),Seat,YTD,M,190637,2024-10,1730332800000
2024-10-31,European Union (EU),Skoda,TTM,M,645196,2024-10,1730332800000
2024-10-31,European Union (EU),Skoda,UNITS,M,61876,2024-10,1730332800000
2024-10-31,European Union (EU),Skoda,YTD,M,545637,2024-10,1730332800000
2024-10-31,European Union (EU),Smart,TTM,M,19885,2024-10,1730332800000
2024-10-31,European Union (EU),Smart,UNITS,M,47,2024-10,1730332800000
2024-10-31,European Union (EU),Smart,YTD,M,14484,2024-10,1730332800000
2024-10-31,European Union (EU),Stellantis,TTM,M,1801259,2024-10,1730332800000
2024-10-31,European Union (EU),Stellantis,UNITS,M,131070,2024-10,1730332800000
2024-10-31,European Union (EU),Stellantis,YTD,M,1542920,2024-10,1730332800000
2024-10-31,European Union (EU),Suzuki,TTM,M,177745,2024-10,1730332800000
2024-10-31,European Union (EU),Suzuki,UNITS,M,13189,2024-10,1730332800000
2024-10-31,European Union (EU),Suzuki,YTD,M,151323,2024-10,1730332800000
2024-10-31,European Union (EU),Tesla,TTM,M,271449,2024-10,1730332800000
2024-10-31,European Union (EU),Tesla,UNITS,M,10867,2024-10,1730332800000
2024-10-31,European Union (EU),Tesla,YTD,M,209362,2024-10,1730332800000
2024-10-31,European Union (EU),Toyota,TTM,M,841143,2024-10,1730332800000
2024-10-31,European Union (EU),Toyota,UNITS,M,68109,2024-10,1730332800000
2024-10-31,European Union (EU),Toyota,YTD,M,727489,2024-10,1730332800000
2024-10-31,European Union (EU),Toyota Group,TTM,M,905090,2024-10,1730332800000
2024-10-31,European Union (EU),Toyota Group,UNITS,M,73523,2024-10,1730332800000
2024-10-31,European Union (EU),Toyota Group,YTD,M,783811,2024-10,1730332800000
2024-10-31,European Union (EU),Volkswagen,TTM,M,1159469,2024-10,1730332800000
2024-10-31,European Union (EU),Volkswagen,UNITS,M,99580,2024-10,1730332800000
2024-10-31,European Union (EU),Volkswagen,YTD,M,965063,2024-10,1730332800000
2024-10-31,European Union (EU),Volkswagen Group,TTM,M,2818469,2024-10,1730332800000
2024-10-31,European Union (EU),Volkswagen Group,UNITS,M,244827,2024-10,1730332800000
2024-10-31,European Union (EU),Volkswagen Group,YTD,M,2359447,2024-10,1730332800000
2024-10-31,European Union (EU),Volvo Cars,TTM,M,282667,2024-10,1730332800000
2024-10-31,European Union (EU),Volvo Cars,UNITS,M,23247,2024-10,1730332800000
2024-10-31,European Union (EU),Volvo Cars,YTD,M,236908,2024-10,1730332800000
2024-11-30,EU + EFTA + UK,Alfa Romeo,TTM,M,45388,2024-11,1732924800000
2024-11-30,EU + EFTA + UK,Alfa Romeo,UNITS,M,4289,2024-11,1732924800000
2024-11-30,EU + EFTA + UK,Alfa Romeo,YTD,M,41930,2024-11,1732924800000
2024-11-30,EU + EFTA + UK,Alpine,TTM,M,4424,2024-11,1732924800000
2024-11-30,EU + EFTA + UK,Alpine,UNITS,M,288,2024-11,1732924800000
2024-11-30,EU + EFTA + UK,Alpine,YTD,M,3716,2024-11,1732924800000
2024-11-30,EU + EFTA + UK,Audi,TTM,M,686261,2024-11,1732924800000
2024-11-30,EU + EFTA + UK,Audi,UNITS,M,52904,2024-11,1732924800000
2024-11-30,EU + EFTA + UK,Audi,YTD,M,629901,2024-11,1732924800000
2024-11-30,EU + EFTA + UK,BMW,TTM,M,794237,2024-11,1732924800000
2024-11-30,EU + EFTA + UK,BMW,UNITS,M,67681,2024-11,1732924800000
2024-11-30,EU + EFTA + UK,BMW,YTD,M,721501,2024-11,1732924800000
2024-11-30,EU + EFTA + UK,BMW Group,TTM,M,939662,2024-11,1732924800000
2024-11-30,EU + EFTA + UK,BMW Group,UNITS,M,80524,2024-11,1732924800000
2024-11-30,EU + EFTA + UK,BMW Group,YTD,M,848717,2024-11,1732924800000
2024-11-30,EU + EFTA + UK,BYD,TTM,M,24716,2024-11,1732924800000
2024-11-30,EU + EFTA + UK,BYD,UNITS,M,6568,2024-11,1732924800000
2024-11-30,EU + EFTA + UK,BYD,YTD,M,24716,2024-11,1732924800000
2024-11-30,EU + EFTA + UK,Citroen,TTM,M,372170,2024-11,1732924800000
2024-11-30,EU + EFTA + UK,Citroen,UNITS,M,25126,2024-11,1732924800000
2024-11-30,EU + EFTA + UK,Citroen,YTD,M,350440,2024-11,1732924800000
2024-11-30,EU + EFTA + UK,Cupra,TTM,M,221628,2024-11,1732924800000
2024-11-30,EU + EFTA + UK,Cupra,UNITS,M,19802,2024-11,1732924800000
2024-11-30,EU + EFTA + UK,Cupra,YTD,M,202525,2024-11,1732924800000
2024-11-30,EU + EFTA + UK,DS,TTM,M,38411,2024-11,1732924800000
2024-11-30,EU + EFTA + UK,DS,UNITS,M,2787,2024-11,1732924800000
2024-11-30,EU + EFTA + UK,DS,YTD,M,35627,2024-11,1732924800000
2024-11-30,EU + EFTA + UK,Dacia,TTM,M,588235,2024-11,1732924800000
2024-11-30,EU + EFTA + UK,Dacia,UNITS,M,49354,2024-11,1732924800000
2024-11-30,EU + EFTA + UK,Dacia,YTD,M,543075,2024-11,1732924800000
2024-11-30,EU + EFTA + UK,Fiat,TTM,M,330244,2024-11,1732924800000
2024-11-30,EU + EFTA + UK,Fiat,UNITS,M,17189,2024-11,1732924800000
2024-11-30,EU + EFTA + UK,Fiat,YTD,M,304646,2024-11,1732924800000
2024-11-30,EU + EFTA + UK,Ford,TTM,M,426558,2024-11,1732924800000
2024-11-30,EU + EFTA + UK,Ford,UNITS,M,32782,2024-11,1732924800000
2024-11-30,EU + EFTA + UK,Ford,YTD,M,391427,2024-11,1732924800000
2024-11-30,EU + EFTA + UK,Honda,TTM,M,73614,2024-11,1732924800000
2024-11-30,EU + EFTA + UK,Honda,UNITS,M,4403,2024-11,1732924800000
2024-11-30,EU + EFTA + UK,Honda,YTD,M,69139,2024-11,1732924800000
2024-11-30,EU + EFTA + UK,Hyundai,TTM,M,547695,2024-11,1732924800000
2024-11-30,EU + EFTA + UK,Hyundai,UNITS,M,39577,2024-11,1732924800000
2024-11-30,EU + EFTA + UK,Hyundai,YTD,M,504931,2024-11,1732924800000
2024-11-30,EU + EFTA + UK,Hyundai Group,TTM,M,1085609,2024-11,1732924800000
2024-11-30,EU + EFTA + UK,Hyundai Group,UNITS,M,79729,2024-11,1732924800000
2024-11-30,EU + EFTA + UK,Hyundai Group,YTD,M,1008593,2024-11,1732924800000
2024-11-30,EU + EFTA + UK,Jaguar,TTM,M,23385,2024-11,1732924800000
2024-11-30,EU + EFTA + UK,Jaguar,UNITS,M,1228,2024-11,1732924800000
2024-11-30,EU + EFTA + UK,Jaguar,YTD,M,21640,2024-11,1732924800000
2024-11-30,EU + EFTA + UK,Jaguar Land Rover Group,TTM,M,152966,2024-11,1732924800000
2024-11-30,EU + EFTA + UK,Jaguar Land Rover Group,UNITS,M,12055,2024-11,1732924800000
2024-11-30,EU + EFTA + UK,Jaguar Land Rover Group,YTD,M,141368,2024-11,1732924800000
2024-11-30,EU + EFTA + UK,Jeep,TTM,M,133691,2024-11,1732924800000
2024-11-30,EU + EFTA + UK,Jeep,UNITS,M,10634,2024-11,1732924800000
2024-11-30,EU + EFTA + UK,Jeep,YTD,M,124457,2024-11,1732924800000
2024-11-30,EU + EFTA + UK,Kia,TTM,M,537914,2024-11,1732924800000
2024-11-30,EU + EFTA + UK,Kia,UNITS,M,40152,2024-11,1732924800000
2024-11-30,EU + EFTA + UK,Kia,YTD,M,503662,2024-11,1732924800000
2024-11-30,EU + EFTA + UK,Lancia/Chrysler,TTM,M,38163,2024-11,1732924800000
2024-11-30,EU + EFTA + UK,Lancia/Chrysler,UNITS,M,899,2024-11,1732924800000
2024-11-30,EU + EFTA + UK,Lancia/Chrysler,YTD,M,35142,2024-11,1732924800000
2024-11-30,EU + EFTA + UK,Land Rover,TTM,M,129581,2024-11,1732924800000
2024-11-30,EU + EFTA + UK,Land Rover,UNITS,M,10827,2024-11,1732924800000
2024-11-30,EU + EFTA + UK,Land Rover,YTD,M,119728,2024-11,1732924800000
2024-11-30,EU + EFTA + UK,Lexus,TTM,M,74222,2024-11,1732924800000
2024-11-30,EU + EFTA + UK,Lexus,UNITS,M,6440,2024-11,1732924800000
2024-11-30,EU + EFTA + UK,Lexus,YTD,M,68400,2024-11,1732924800000
2024-11-30,EU + EFTA + UK,Mazda,TTM,M,168366,2024-11,1732924800000
2024-11-30,EU + EFTA + UK,Mazda,UNITS,M,12410,2024-11,1732924800000
2024-11-30,EU + EFTA + UK,Mazda,YTD,M,153614,2024-11,1732924800000
2024-11-30,EU + EFTA + UK,Mercedes,TTM,M,709053,2024-11,1732924800000
2024-11-30,EU + EFTA + UK,Mercedes,UNITS,M,61547,2024-11,1732924800000
2024-11-30,EU + EFTA + UK,Mercedes,YTD,M,641909,2024-11,1732924800000
2024-11-30,EU + EFTA + UK,Mercedes-Benz,TTM,M,700471,2024-11,1732924800000
2024-11-30,EU + EFTA + UK,Mercedes-Benz,UNITS,M,62329,2024-11,1732924800000
2024-11-30,EU + EFTA + UK,Mercedes-Benz,YTD,M,630248,2024-11,1732924800000
2024-11-30,EU + EFTA + UK,Mini,TTM,M,145425,2024-11,1732924800000
2024-11-30,EU + EFTA + UK,Mini,UNITS,M,12843,2024-11,1732924800000
2024-11-30,EU + EFTA + UK,Mini,YTD,M,127216,2024-11,1732924800000
2024-11-30,EU + EFTA + UK,Mitsubishi,TTM,M,59201,2024-11,1732924800000
2024-11-30,EU + EFTA + UK,Mitsubishi,UNITS,M,3591,2024-11,1732924800000
2024-11-30,EU + EFTA + UK,Mitsubishi,YTD,M,54974,2024-11,1732924800000
2024-11-30,EU + EFTA + UK,Nissan,TTM,M,310740,2024-11,1732924800000
2024-11-30,EU + EFTA + UK,Nissan,UNITS,M,22327,2024-11,1732924800000
2024-11-30,EU + EFTA + UK,Nissan,YTD,M,285631,2024-11,1732924800000
2024-11-30,EU + EFTA + UK,Opel/Vauxhall,TTM,M,425741,2024-11,1732924800000
2024-11-30,EU + EFTA + UK,Opel/Vauxhall,UNITS,M,28496,2024-11,1732924800000
2024-11-30,EU + EFTA + UK,Opel/Vauxhall,YTD,M,395173,2024-11,1732924800000
2024-11-30,EU + EFTA + UK,Peugeot,TTM,M,642580,2024-11,1732924800000
2024-11-30,EU + EFTA + UK,Peugeot,UNITS,M,52846,2024-11,1732924800000
2024-11-30,EU + EFTA + UK,Peugeot,YTD,M,604413,2024-11,1732924800000
2024-11-30,EU + EFTA + UK,Porsche,TTM,M,104326,2024-11,1732924800000
2024-11-30,EU + EFTA + UK,Porsche,UNITS,M,9462,2024-11,1732924800000
2024-11-30,EU + EFTA + UK,Porsche,YTD,M,97494,2024-11,1732924800000
2024-11-30,EU + EFTA + UK,Renault,TTM,M,692581,2024-11,1732924800000
2024-11-30,EU + EFTA + UK,Renault,UNITS,M,62050,2024-11,1732924800000
2024-11-30,EU + EFTA + UK,Renault,YTD,M,626869,2024-11,1732924800000
2024-11-30,EU + EFTA + UK,Renault Group,TTM,M,1285240,2024-11,1732924800000
2024-11-30,EU + EFTA + UK,Renault Group,UNITS,M,111692,2024-11,1732924800000
2024-11-30,EU + EFTA + UK,Renault Group,YTD,M,1173660,2024-11,1732924800000
2024-11-30,EU + EFTA + UK,SAIC Motor,TTM,M,255487,2024-11,1732924800000
2024-11-30,EU + EFTA + UK,SAIC Motor,UNITS,M,19575,2024-11,1732924800000
2024-11-30,EU + EFTA + UK,SAIC Motor,YTD,M,227738,2024-11,1732924800000
2024-11-30,EU + EFTA + UK,Seat,TTM,M,274068,2024-11,1732924800000
2024-11-30,EU + EFTA + UK,Seat,UNITS,M,17494,2024-11,1732924800000
2024-11-30,EU + EFTA + UK,Seat,YTD,M,253780,2024-11,1732924800000
2024-11-30,EU + EFTA + UK,Skoda,TTM,M,753770,2024-11,1732924800000
2024-11-30,EU + EFTA + UK,Skoda,UNITS,M,68688,2024-11,1732924800000
2024-11-30,EU + EFTA + UK,Skoda,YTD,M,699634,2024-11,1732924800000
2024-11-30,EU + EFTA + UK,Smart,TTM,M,34567,2024-11,1732924800000
2024-11-30,EU + EFTA + UK,Smart,UNITS,M,3201,2024-11,1732924800000
2024-11-30,EU + EFTA + UK,Smart,YTD,M,31488,2024-11,1732924800000
2024-11-30,EU + EFTA + UK,Stellantis,TTM,M,2032610,2024-11,1732924800000
2024-11-30,EU + EFTA + UK,Stellantis,UNITS,M,142622,2024-11,1732924800000
2024-11-30,EU + EFTA + UK,Stellantis,YTD,M,1897531,2024-11,1732924800000
2024-11-30,EU + EFTA + UK,Suzuki,TTM,M,205395,2024-11,1732924800000
2024-11-30,EU + EFTA + UK,Suzuki,UNITS,M,14192,2024-11,1732924800000
2024-11-30,EU + EFTA + UK,Suzuki,YTD,M,189682,2024-11,1732924800000
2024-11-30,EU + EFTA + UK,Tesla,TTM,M,287310,2024-11,1732924800000
2024-11-30,EU + EFTA + UK,Tesla,UNITS,M,25840,2024-11,1732924800000
2024-11-30,EU + EFTA + UK,Tesla,YTD,M,248116,2024-11,1732924800000
2024-11-30,EU + EFTA + UK,Toyota,TTM,M,926123,2024-11,1732924800000
2024-11-30,EU + EFTA + UK,Toyota,UNITS,M,75771,2024-11,1732924800000
2024-11-30,EU + EFTA + UK,Toyota,YTD,M,860403,2024-11,1732924800000
2024-11-30,EU + EFTA + UK,Toyota Group,TTM,M,1000345,2024-11,1732924800000
2024-11-30,EU + EFTA + UK,Toyota Group,UNITS,M,82211,2024-11,1732924800000
2024-11-30,EU + EFTA + UK,Toyota Group,YTD,M,928803,2024-11,1732924800000
2024-11-30,EU + EFTA + UK,Volkswagen,TTM,M,1392707,2024-11,1732924800000
2024-11-30,EU + EFTA + UK,Volkswagen,UNITS,M,118728,2024-11,1732924800000
2024-11-30,EU + EFTA + UK,Volkswagen,YTD,M,1276486,2024-11,1732924800000
2024-11-30,EU + EFTA + UK,Volkswagen Group,TTM,M,3441369,2024-11,1732924800000
2024-11-30,EU + EFTA + UK,Volkswagen Group,UNITS,M,287697,2024-11,1732924800000
2024-11-30,EU + EFTA + UK,Volkswagen Group,YTD,M,3167968,2024-11,1732924800000
2024-11-30,EU + EFTA + UK,Volvo Cars,TTM,M,377785,2024-11,1732924800000
2024-11-30,EU + EFTA + UK,Volvo Cars,UNITS,M,31074,2024-11,1732924800000
2024-11-30,EU + EFTA + UK,Volvo Cars,YTD,M,346648,2024-11,1732924800000
2024-11-30,European Union (EU),Alfa Romeo,TTM,M,42448,2024-11,1732924800000
2024-11-30,European Union (EU),Alfa Romeo,UNITS,M,4092,2024-11,1732924800000
2024-11-30,European Union (EU),Alfa Romeo,YTD,M,39207,2024-11,1732924800000
2024-11-30,European Union (EU),Alpine,TTM,M,3917,2024-11,1732924800000
2024-11-30,European Union (EU),Alpine,UNITS,M,252,2024-11,1732924800000
2024-11-30,European Union (EU),Alpine,YTD,M,3240,2024-11,1732924800000
2024-11-30,European Union (EU),Audi,TTM,M,521826,2024-11,1732924800000
2024-11-30,European Union (EU),Audi,UNITS,M,42664,2024-11,1732924800000
2024-11-30,European Union (EU),Audi,YTD,M,477496,2024-11,1732924800000
2024-11-30,European Union (EU),BMW,TTM,M,628161,2024-11,1732924800000
2024-11-30,European Union (EU),BMW,UNITS,M,54864,2024-11,1732924800000
2024-11-30,European Union (EU),BMW,YTD,M,568845,2024-11,1732924800000
2024-11-30,European Union (EU),BMW Group,TTM,M,732039,2024-11,1732924800000
2024-11-30,European Union (EU),BMW Group,UNITS,M,63197,2024-11,1732924800000
2024-11-30,European Union (EU),BMW Group,YTD,M,660166,2024-11,1732924800000
2024-11-30,European Union (EU),BYD,TTM,M,19094,2024-11,1732924800000
2024-11-30,European Union (EU),BYD,UNITS,M,4821,2024-11,1732924800000
2024-11-30,European Union (EU),BYD,YTD,M,19094,2024-11,1732924800000
2024-11-30,European Union (EU),Citroen,TTM,M,333060,2024-11,1732924800000
2024-11-30,European Union (EU),Citroen,UNITS,M,22572,2024-11,1732924800000
2024-11-30,European Union (EU),Citroen,YTD,M,313836,2024-11,1732924800000
2024-11-30,European Union (EU),Cupra,TTM,M,182647,2024-11,1732924800000
2024-11-30,European Union (EU),Cupra,UNITS,M,16786,2024-11,1732924800000
2024-11-30,European Union (EU),Cupra,YTD,M,166792,2024-11,1732924800000
2024-11-30,European Union (EU),DS,TTM,M,36923,2024-11,1732924800000
2024-11-30,European Union (EU),DS,UNITS,M,2723,2024-11,1732924800000
2024-11-30,European Union (EU),DS,YTD,M,34271,2024-11,1732924800000
2024-11-30,European Union (EU),Dacia,TTM,M,526623,2024-11,1732924800000
2024-11-30,European Union (EU),Dacia,UNITS,M,45364,2024-11,1732924800000
2024-11-30,European Union (EU),Dacia,YTD,M,485549,2024-11,1732924800000
2024-11-30,European Union (EU),Fiat,TTM,M,302414,2024-11,1732924800000
2024-11-30,European Union (EU),Fiat,UNITS,M,15940,2024-11,1732924800000
2024-11-30,European Union (EU),Fiat,YTD,M,278082,2024-11,1732924800000
2024-11-30,European Union (EU),Ford,TTM,M,315227,2024-11,1732924800000
2024-11-30,European Union (EU),Ford,UNITS,M,24549,2024-11,1732924800000
2024-11-30,European Union (EU),Ford,YTD,M,290025,2024-11,1732924800000
2024-11-30,European Union (EU),Honda,TTM,M,42604,2024-11,1732924800000
2024-11-30,European Union (EU),Honda,UNITS,M,2838,2024-11,1732924800000
2024-11-30,European Union (EU),Honda,YTD,M,39717,2024-11,1732924800000
2024-11-30,European Union (EU),Hyundai,TTM,M,424596,2024-11,1732924800000
2024-11-30,European Union (EU),Hyundai,UNITS,M,31187,2024-11,1732924800000
2024-11-30,European Union (EU),Hyundai,YTD,M,388439,2024-11,1732924800000
2024-11-30,European Union (EU),Hyundai Group,TTM,M,836622,2024-11,1732924800000
2024-11-30,European Union (EU),Hyundai Group,UNITS,M,63225,2024-11,1732924800000
2024-11-30,European Union (EU),Hyundai Group,YTD,M,770527,2024-11,1732924800000
2024-11-30,European Union (EU),Jaguar,TTM,M,6137,2024-11,1732924800000
2024-11-30,European Union (EU),Jaguar,UNITS,M,481,2024-11,1732924800000
2024-11-30,European Union (EU),Jaguar,YTD,M,5485,2024-11,1732924800000
2024-11-30,European Union (EU),Jaguar Land Rover Group,TTM,M,63520,2024-11,1732924800000
2024-11-30,European Union (EU),Jaguar Land Rover Group,UNITS,M,5518,2024-11,1732924800000
2024-11-30,European Union (EU),Jaguar Land Rover Group,YTD,M,58300,2024-11,1732924800000
2024-11-30,European Union (EU),Jeep,TTM,M,122383,2024-11,1732924800000
2024-11-30,European Union (EU),Jeep,UNITS,M,9316,2024-11,1732924800000
2024-11-30,European Union (EU),Jeep,YTD,M,113603,2024-11,1732924800000
2024-11-30,European Union (EU),Kia,TTM,M,412026,2024-11,1732924800000
2024-11-30,European Union (EU),Kia,UNITS,M,32038,2024-11,1732924800000
2024-11-30,European Union (EU),Kia,YTD,M,382088,2024-11,1732924800000
2024-11-30,European Union (EU),Lancia/Chrysler,TTM,M,36009,2024-11,1732924800000
2024-11-30,European Union (EU),Lancia/Chrysler,UNITS,M,899,2024-11,1732924800000
2024-11-30,European Union (EU),Lancia/Chrysler,YTD,M,32993,2024-11,1732924800000
2024-11-30,European Union (EU),Land Rover,TTM,M,57383,2024-11,1732924800000
2024-11-30,European Union (EU),Land Rover,UNITS,M,5037,2024-11,1732924800000
2024-11-30,European Union (EU),Land Rover,YTD,M,52815,2024-11,1732924800000
2024-11-30,European Union (EU),Lexus,TTM,M,65086,2024-11,1732924800000
2024-11-30,European Union (EU),Lexus,UNITS,M,4837,2024-11,1732924800000
2024-11-30,European Union (EU),Lexus,YTD,M,61159,2024-11,1732924800000
2024-11-30,European Union (EU),Mazda,TTM,M,140659,2024-11,1732924800000
2024-11-30,European Union (EU),Mazda,UNITS,M,10411,2024-11,1732924800000
2024-11-30,European Union (EU),Mazda,YTD,M,128467,2024-11,1732924800000
2024-11-30,European Union (EU),Mercedes,TTM,M,580617,2024-11,1732924800000
2024-11-30,European Union (EU),Mercedes,UNITS,M,52058,2024-11,1732924800000
2024-11-30,European Union (EU),Mercedes,YTD,M,523733,2024-11,1732924800000
2024-11-30,European Union (EU),Mercedes-Benz,TTM,M,591255,2024-11,1732924800000
2024-11-30,European Union (EU),Mercedes-Benz,UNITS,M,52120,2024-11,1732924800000
2024-11-30,European Union (EU),Mercedes-Benz,YTD,M,531442,2024-11,1732924800000
2024-11-30,European Union (EU),Mini,TTM,M,103878,2024-11,1732924800000
2024-11-30,European Union (EU),Mini,UNITS,M,8333,2024-11,1732924800000
2024-11-30,European Union (EU),Mini,YTD,M,91321,2024-11,1732924800000
2024-11-30,European Union (EU),Mitsubishi,TTM,M,64307,2024-11,1732924800000
2024-11-30,European Union (EU),Mitsubishi,UNITS,M,3462,2024-11,1732924800000
2024-11-30,European Union (EU),Mitsubishi,YTD,M,60420,2024-11,1732924800000
2024-11-30,European Union (EU),Nissan,TTM,M,212878,2024-11,1732924800000
2024-11-30,European Union (EU),Nissan,UNITS,M,14266,2024-11,1732924800000
2024-11-30,European Union (EU),Nissan,YTD,M,196138,2024-11,1732924800000
2024-11-30,European Union (EU),Opel/Vauxhall,TTM,M,340300,2024-11,1732924800000
2024-11-30,European Union (EU),Opel/Vauxhall,UNITS,M,23333,2024-11,1732924800000
2024-11-30,European Union (EU),Opel/Vauxhall,YTD,M,316391,2024-11,1732924800000
2024-11-30,European Union (EU),Peugeot,TTM,M,568875,2024-11,1732924800000
2024-11-30,European Union (EU),Peugeot,UNITS,M,45196,2024-11,1732924800000
2024-11-30,European Union (EU),Peugeot,YTD,M,534245,2024-11,1732924800000
2024-11-30,European Union (EU),Porsche,TTM,M,79008,2024-11,1732924800000
2024-11-30,European Union (EU),Porsche,UNITS,M,6506,2024-11,1732924800000
2024-11-30,European Union (EU),Porsche,YTD,M,74710,2024-11,1732924800000
2024-11-30,European Union (EU),Renault,TTM,M,633132,2024-11,1732924800000
2024-11-30,European Union (EU),Renault,UNITS,M,55726,2024-11,1732924800000
2024-11-30,European Union (EU),Renault,YTD,M,571592,2024-11,1732924800000
2024-11-30,European Union (EU),Renault Group,TTM,M,1163672,2024-11,1732924800000
2024-11-30,European Union (EU),Renault Group,UNITS,M,101342,2024-11,1732924800000
2024-11-30,European Union (EU),Renault Group,YTD,M,1060381,2024-11,1732924800000
2024-11-30,European Union (EU),SAIC Motor,TTM,M,159056,2024-11,1732924800000
2024-11-30,European Union (EU),SAIC Motor,UNITS,M,12051,2024-11,1732924800000
2024-11-30,European Union (EU),SAIC Motor,YTD,M,138526,2024-11,1732924800000
2024-11-30,European Union (EU),Seat,TTM,M,222424,2024-11,1732924800000
2024-11-30,European Union (EU),Seat,UNITS,M,15408,2024-11,1732924800000
2024-11-30,European Union (EU),Seat,YTD,M,206045,2024-11,1732924800000
2024-11-30,European Union (EU),Skoda,TTM,M,651366,2024-11,1732924800000
2024-11-30,European Union (EU),Skoda,UNITS,M,59532,2024-11,1732924800000
2024-11-30,European Union (EU),Skoda,YTD,M,605169,2024-11,1732924800000
2024-11-30,European Union (EU),Smart,TTM,M,17513,2024-11,1732924800000
2024-11-30,European Union (EU),Smart,UNITS,M,100,2024-11,1732924800000
2024-11-30,European Union (EU),Smart,YTD,M,14584,2024-11,1732924800000
2024-11-30,European Union (EU),Stellantis,TTM,M,1787501,2024-11,1732924800000
2024-11-30,European Union (EU),Stellantis,UNITS,M,124370,2024-11,1732924800000
2024-11-30,European Union (EU),Stellantis,YTD,M,1667290,2024-11,1732924800000
2024-11-30,European Union (EU),Suzuki,TTM,M,177565,2024-11,1732924800000
2024-11-30,European Union (EU),Suzuki,UNITS,M,12957,2024-11,1732924800000
2024-11-30,European Union (EU),Suzuki,YTD,M,164280,2024-11,1732924800000
2024-11-30,European Union (EU),Tesla,TTM,M,258069,2024-11,1732924800000
2024-11-30,European Union (EU),Tesla,UNITS,M,18430,2024-11,1732924800000
2024-11-30,European Union (EU),Tesla,YTD,M,227792,2024-11,1732924800000
2024-11-30,European Union (EU),Toyota,TTM,M,848886,2024-11,1732924800000
2024-11-30,European Union (EU),Toyota,UNITS,M,66551,2024-11,1732924800000
2024-11-30,European Union (EU),Toyota,YTD,M,794040,2024-11,1732924800000
2024-11-30,European Union (EU),Toyota Group,TTM,M,913972,2024-11,1732924800000
2024-11-30,European Union (EU),Toyota Group,UNITS,M,71388,2024-11,1732924800000
2024-11-30,European Union (EU),Toyota Group,YTD,M,855199,2024-11,1732924800000
2024-11-30,European Union (EU),Volkswagen,TTM,M,1166462,2024-11,1732924800000
2024-11-30,European Union (EU),Volkswagen,UNITS,M,102370,2024-11,1732924800000
2024-11-30,European Union (EU),Volkswagen,YTD,M,1067433,2024-11,1732924800000
2024-11-30,European Union (EU),Volkswagen Group,TTM,M,2829607,2024-11,1732924800000
2024-11-30,European Union (EU),Volkswagen Group,UNITS,M,243707,2024-11,1732924800000
2024-11-30,European Union (EU),Volkswagen Group,YTD,M,2603154,2024-11,1732924800000
2024-11-30,European Union (EU),Volvo Cars,TTM,M,285551,2024-11,1732924800000
2024-11-30,European Union (EU),Volvo Cars,UNITS,M,23723,2024-11,1732924800000
2024-11-30,European Union (EU),Volvo Cars,YTD,M,260631,2024-11,1732924800000
2024-12-31,EU + EFTA + UK,Alfa Romeo,TTM,M,46019,2024-12,1735603200000
2024-12-31,EU + EFTA + UK,Alfa Romeo,UNITS,M,4089,2024-12,1735603200000
2024-12-31,EU + EFTA + UK,Alfa Romeo,YTD,M,46019,2024-12,1735603200000
2024-12-31,EU + EFTA + UK,Alpine,TTM,M,4325,2024-12,1735603200000
2024-12-31,EU + EFTA + UK,Alpine,UNITS,M,609,2024-12,1735603200000
2024-12-31,EU + EFTA + UK,Alpine,YTD,M,4325,2024-12,1735603200000
2024-12-31,EU + EFTA + UK,Audi,TTM,M,679623,2024-12,1735603200000
2024-12-31,EU + EFTA + UK,Audi,UNITS,M,49722,2024-12,1735603200000
2024-12-31,EU + EFTA + UK,Audi,YTD,M,679623,2024-12,1735603200000
2024-12-31,EU + EFTA + UK,BMW,TTM,M,789080,2024-12,1735603200000
2024-12-31,EU + EFTA + UK,BMW,UNITS,M,67579,2024-12,1735603200000
2024-12-31,EU + EFTA + UK,BMW,YTD,M,789080,2024-12,1735603200000
2024-12-31,EU + EFTA + UK,BMW Group,TTM,M,932246,2024-12,1735603200000
2024-12-31,EU + EFTA + UK,BMW Group,UNITS,M,83529,2024-12,1735603200000
2024-12-31,EU + EFTA + UK,BMW Group,YTD,M,932246,2024-12,1735603200000
2024-12-31,EU + EFTA + UK,BYD,TTM,M,33111,2024-12,1735603200000
2024-12-31,EU + EFTA + UK,BYD,UNITS,M,8395,2024-12,1735603200000
2024-12-31,EU + EFTA + UK,BYD,YTD,M,33111,2024-12,1735603200000
2024-12-31,EU + EFTA + UK,Citroen,TTM,M,373869,2024-12,1735603200000
2024-12-31,EU + EFTA + UK,Citroen,UNITS,M,23429,2024-12,1735603200000
2024-12-31,EU + EFTA + UK,Citroen,YTD,M,373869,2024-12,1735603200000
2024-12-31,EU + EFTA + UK,Cupra,TTM,M,223831,2024-12,1735603200000
2024-12-31,EU + EFTA + UK,Cupra,UNITS,M,21306,2024-12,1735603200000
2024-12-31,EU + EFTA + UK,Cupra,YTD,M,223831,2024-12,1735603200000
2024-12-31,EU + EFTA + UK,DS,TTM,M,38364,2024-12,1735603200000
2024-12-31,EU + EFTA + UK,DS,UNITS,M,2737,2024-12,1735603200000
2024-12-31,EU + EFTA + UK,DS,YTD,M,38364,2024-12,1735603200000
2024-12-31,EU + EFTA + UK,Dacia,TTM,M,600006,2024-12,1735603200000
2024-12-31,EU + EFTA + UK,Dacia,UNITS,M,56931,2024-12,1735603200000
2024-12-31,EU + EFTA + UK,Dacia,YTD,M,600006,2024-12,1735603200000
2024-12-31,EU + EFTA + UK,Fiat,TTM,M,318277,2024-12,1735603200000
2024-12-31,EU + EFTA + UK,Fiat,UNITS,M,13631,2024-12,1735603200000
2024-12-31,EU + EFTA + UK,Fiat,YTD,M,318277,2024-12,1735603200000
2024-12-31,EU + EFTA + UK,Ford,TTM,M,421871,2024-12,1735603200000
2024-12-31,EU + EFTA + UK,Ford,UNITS,M,30444,2024-12,1735603200000
2024-12-31,EU + EFTA + UK,Ford,YTD,M,421871,2024-12,1735603200000
2024-12-31,EU + EFTA + UK,Honda,TTM,M,73706,2024-12,1735603200000
2024-12-31,EU + EFTA + UK,Honda,UNITS,M,4567,2024-12,1735603200000
2024-12-31,EU + EFTA + UK,Honda,YTD,M,73706,2024-12,1735603200000
2024-12-31,EU + EFTA + UK,Hyundai,TTM,M,549384,2024-12,1735603200000
2024-12-31,EU + EFTA + UK,Hyundai,UNITS,M,44453,2024-12,1735603200000
2024-12-31,EU + EFTA + UK,Hyundai,YTD,M,549384,2024-12,1735603200000
2024-12-31,EU + EFTA + UK,Hyundai Group,TTM,M,1087478,2024-12,1735603200000
2024-12-31,EU + EFTA + UK,Hyundai Group,UNITS,M,78885,2024-12,1735603200000
2024-12-31,EU + EFTA + UK,Hyundai Group,YTD,M,1087478,2024-12,1735603200000
2024-12-31,EU + EFTA + UK,Jaguar,TTM,M,22431,2024-12,1735603200000
2024-12-31,EU + EFTA + UK,Jaguar,UNITS,M,791,2024-12,1735603200000
2024-12-31,EU + EFTA + UK,Jaguar,YTD,M,22431,2024-12,1735603200000
2024-12-31,EU + EFTA + UK,Jaguar Land Rover Group,TTM,M,151867,2024-12,1735603200000
2024-12-31,EU + EFTA + UK,Jaguar Land Rover Group,UNITS,M,10499,2024-12,1735603200000
2024-12-31,EU + EFTA + UK,Jaguar Land Rover Group,YTD,M,151867,2024-12,1735603200000
2024-12-31,EU + EFTA + UK,Jeep,TTM,M,133437,2024-12,1735603200000
2024-12-31,EU + EFTA + UK,Jeep,UNITS,M,8980,2024-12,1735603200000
2024-12-31,EU + EFTA + UK,Jeep,YTD,M,133437,2024-12,1735603200000
2024-12-31,EU + EFTA + UK,Kia,TTM,M,538094,2024-12,1735603200000
2024-12-31,EU + EFTA + UK,Kia,UNITS,M,34432,2024-12,1735603200000
2024-12-31,EU + EFTA + UK,Kia,YTD,M,538094,2024-12,1735603200000
2024-12-31,EU + EFTA + UK,Lancia/Chrysler,TTM,M,35867,2024-12,1735603200000
2024-12-31,EU + EFTA + UK,Lancia/Chrysler,UNITS,M,725,2024-12,1735603200000
2024-12-31,EU + EFTA + UK,Lancia/Chrysler,YTD,M,35867,2024-12,1735603200000
2024-12-31,EU + EFTA + UK,Land Rover,TTM,M,129436,2024-12,1735603200000
2024-12-31,EU + EFTA + UK,Land Rover,UNITS,M,9708,2024-12,1735603200000
2024-12-31,EU + EFTA + UK,Land Rover,YTD,M,129436,2024-12,1735603200000
2024-12-31,EU + EFTA + UK,Lexus,TTM,M,76299,2024-12,1735603200000
2024-12-31,EU + EFTA + UK,Lexus,UNITS,M,7899,2024-12,1735603200000
2024-12-31,EU + EFTA + UK,Lexus,YTD,M,76299,2024-12,1735603200000
2024-12-31,EU + EFTA + UK,Mazda,TTM,M,169167,2024-12,1735603200000
2024-12-31,EU + EFTA + UK,Mazda,UNITS,M,15553,2024-12,1735603200000
2024-12-31,EU + EFTA + UK,Mazda,YTD,M,169167,2024-12,1735603200000
2024-12-31,EU + EFTA + UK,Mercedes,TTM,M,707677,2024-12,1735603200000
2024-12-31,EU + EFTA + UK,Mercedes,UNITS,M,65768,2024-12,1735603200000
2024-12-31,EU + EFTA + UK,Mercedes,YTD,M,707677,2024-12,1735603200000
2024-12-31,EU + EFTA + UK,Mercedes-Benz,TTM,M,696088,2024-12,1735603200000
2024-12-31,EU + EFTA + UK,Mercedes-Benz,UNITS,M,65840,2024-12,1735603200000
2024-12-31,EU + EFTA + UK,Mercedes-Benz,YTD,M,696088,2024-12,1735603200000
2024-12-31,EU + EFTA + UK,Mini,TTM,M,143166,2024-12,1735603200000
2024-12-31,EU + EFTA + UK,Mini,UNITS,M,15950,2024-12,1735603200000
2024-12-31,EU + EFTA + UK,Mini,YTD,M,143166,2024-12,1735603200000
2024-12-31,EU + EFTA + UK,Mitsubishi,TTM,M,60749,2024-12,1735603200000
2024-12-31,EU + EFTA + UK,Mitsubishi,UNITS,M,5775,2024-12,1735603200000
2024-12-31,EU + EFTA + UK,Mitsubishi,YTD,M,60749,2024-12,1735603200000
2024-12-31,EU + EFTA + UK,Nissan,TTM,M,309680,2024-12,1735603200000
2024-12-31,EU + EFTA + UK,Nissan,UNITS,M,24049,2024-12,1735603200000
2024-12-31,EU + EFTA + UK,Nissan,YTD,M,309680,2024-12,1735603200000
2024-12-31,EU + EFTA + UK,Opel/Vauxhall,TTM,M,421833,2024-12,1735603200000
2024-12-31,EU + EFTA + UK,Opel/Vauxhall,UNITS,M,26660,2024-12,1735603200000
2024-12-31,EU + EFTA + UK,Opel/Vauxhall,YTD,M,421833,2024-12,1735603200000
2024-12-31,EU + EFTA + UK,Peugeot,TTM,M,649848,2024-12,1735603200000
2024-12-31,EU + EFTA + UK,Peugeot,UNITS,M,45435,2024-12,1735603200000
2024-12-31,EU + EFTA + UK,Peugeot,YTD,M,649848,2024-12,1735603200000
2024-12-31,EU + EFTA + UK,Porsche,TTM,M,107119,2024-12,1735603200000
2024-12-31,EU + EFTA + UK,Porsche,UNITS,M,9625,2024-12,1735603200000
2024-12-31,EU + EFTA + UK,Porsche,YTD,M,107119,2024-12,1735603200000
2024-12-31,EU + EFTA + UK,Renault,TTM,M,699295,2024-12,1735603200000
2024-12-31,EU + EFTA + UK,Renault,UNITS,M,72426,2024-12,1735603200000
2024-12-31,EU + EFTA + UK,Renault,YTD,M,699295,2024-12,1735603200000
2024-12-31,EU + EFTA + UK,Renault Group,TTM,M,1303626,2024-12,1735603200000
2024-12-31,EU + EFTA + UK,Renault Group,UNITS,M,129966,2024-12,1735603200000
2024-12-31,EU + EFTA + UK,Renault Group,YTD,M,1303626,2024-12,1735603200000
2024-12-31,EU + EFTA + UK,SAIC Motor,TTM,M,255275,2024-12,1735603200000
2024-12-31,EU + EFTA + UK,SAIC Motor,UNITS,M,27537,2024-12,1735603200000
2024-12-31,EU + EFTA + UK,SAIC Motor,YTD,M,255275,2024-12,1735603200000
2024-12-31,EU + EFTA + UK,Seat,TTM,M,273539,2024-12,1735603200000
2024-12-31,EU + EFTA + UK,Seat,UNITS,M,19759,2024-12,1735603200000
2024-12-31,EU + EFTA + UK,Seat,YTD,M,273539,2024-12,1735603200000
2024-12-31,EU + EFTA + UK,Skoda,TTM,M,764875,2024-12,1735603200000
2024-12-31,EU + EFTA + UK,Skoda,UNITS,M,65241,2024-12,1735603200000
2024-12-31,EU + EFTA + UK,Skoda,YTD,M,764875,2024-12,1735603200000
2024-12-31,EU + EFTA + UK,Smart,TTM,M,31760,2024-12,1735603200000
2024-12-31,EU + EFTA + UK,Smart,UNITS,M,272,2024-12,1735603200000
2024-12-31,EU + EFTA + UK,Smart,YTD,M,31760,2024-12,1735603200000
2024-12-31,EU + EFTA + UK,Stellantis,TTM,M,2023756,2024-12,1735603200000
2024-12-31,EU + EFTA + UK,Stellantis,UNITS,M,126225,2024-12,1735603200000
2024-12-31,EU + EFTA + UK,Stellantis,YTD,M,2023756,2024-12,1735603200000
2024-12-31,EU + EFTA + UK,Suzuki,TTM,M,203606,2024-12,1735603200000
2024-12-31,EU + EFTA + UK,Suzuki,UNITS,M,13924,2024-12,1735603200000
2024-12-31,EU + EFTA + UK,Suzuki,YTD,M,203606,2024-12,1735603200000
2024-12-31,EU + EFTA + UK,Tesla,TTM,M,292306,2024-12,1735603200000
2024-12-31,EU + EFTA + UK,Tesla,UNITS,M,44190,2024-12,1735603200000
2024-12-31,EU + EFTA + UK,Tesla,YTD,M,292306,2024-12,1735603200000
2024-12-31,EU + EFTA + UK,Toyota,TTM,M,941006,2024-12,1735603200000
2024-12-31,EU + EFTA + UK,Toyota,UNITS,M,80603,2024-12,1735603200000
2024-12-31,EU + EFTA + UK,Toyota,YTD,M,941006,2024-12,1735603200000
2024-12-31,EU + EFTA + UK,Toyota Group,TTM,M,1017305,2024-12,1735603200000
2024-12-31,EU + EFTA + UK,Toyota Group,UNITS,M,88502,2024-12,1735603200000
2024-12-31,EU + EFTA + UK,Toyota Group,YTD,M,1017305,2024-12,1735603200000
2024-12-31,EU + EFTA + UK,Volkswagen,TTM,M,1389290,2024-12,1735603200000
2024-12-31,EU + EFTA + UK,Volkswagen,UNITS,M,112804,2024-12,1735603200000
2024-12-31,EU + EFTA + UK,Volkswagen,YTD,M,1389290,2024-12,1735603200000
2024-12-31,EU + EFTA + UK,Volkswagen Group,TTM,M,3446897,2024-12,1735603200000
2024-12-31,EU + EFTA + UK,Volkswagen Group,UNITS,M,278929,2024-12,1735603200000
2024-12-31,EU + EFTA + UK,Volkswagen Group,YTD,M,3446897,2024-12,1735603200000
2024-12-31,EU + EFTA + UK,Volvo Cars,TTM,M,379543,2024-12,1735603200000
2024-12-31,EU + EFTA + UK,Volvo Cars,UNITS,M,32895,2024-12,1735603200000
2024-12-31,EU + EFTA + UK,Volvo Cars,YTD,M,379543,2024-12,1735603200000
2024-12-31,European Union (EU),Alfa Romeo,TTM,M,43077,2024-12,1735603200000
2024-12-31,European Union (EU),Alfa Romeo,UNITS,M,3870,2024-12,1735603200000
2024-12-31,European Union (EU),Alfa Romeo,YTD,M,43077,2024-12,1735603200000
2024-12-31,European Union (EU),Alpine,TTM,M,3799,2024-12,1735603200000
2024-12-31,European Union (EU),Alpine,UNITS,M,559,2024-12,1735603200000
2024-12-31,European Union (EU),Alpine,YTD,M,3799,2024-12,1735603200000
2024-12-31,European Union (EU),Audi,TTM,M,517332,2024-12,1735603200000
2024-12-31,European Union (EU),Audi,UNITS,M,39836,2024-12,1735603200000
2024-12-31,European Union (EU),Audi,YTD,M,517332,2024-12,1735603200000
2024-12-31,European Union (EU),BMW,TTM,M,624981,2024-12,1735603200000
2024-12-31,European Union (EU),BMW,UNITS,M,56136,2024-12,1735603200000
2024-12-31,European Union (EU),BMW,YTD,M,624981,2024-12,1735603200000
2024-12-31,European Union (EU),BMW Group,TTM,M,725915,2024-12,1735603200000
2024-12-31,European Union (EU),BMW Group,UNITS,M,65749,2024-12,1735603200000
2024-12-31,European Union (EU),BMW Group,YTD,M,725915,2024-12,1735603200000
2024-12-31,European Union (EU),BYD,TTM,M,25835,2024-12,1735603200000
2024-12-31,European Union (EU),BYD,UNITS,M,6741,2024-12,1735603200000
2024-12-31,European Union (EU),BYD,YTD,M,25835,2024-12,1735603200000
2024-12-31,European Union (EU),Citroen,TTM,M,335181,2024-12,1735603200000
2024-12-31,European Union (EU),Citroen,UNITS,M,21345,2024-12,1735603200000
2024-12-31,European Union (EU),Citroen,YTD,M,335181,2024-12,1735603200000
2024-12-31,European Union (EU),Cupra,TTM,M,184026,2024-12,1735603200000
2024-12-31,European Union (EU),Cupra,UNITS,M,17234,2024-12,1735603200000
2024-12-31,European Union (EU),Cupra,YTD,M,184026,2024-12,1735603200000
2024-12-31,European Union (EU),DS,TTM,M,36968,2024-12,1735603200000
2024-12-31,European Union (EU),DS,UNITS,M,2697,2024-12,1735603200000
2024-12-31,European Union (EU),DS,YTD,M,36968,2024-12,1735603200000
2024-12-31,European Union (EU),Dacia,TTM,M,539096,2024-12,1735603200000
2024-12-31,European Union (EU),Dacia,UNITS,M,53547,2024-12,1735603200000
2024-12-31,European Union (EU),Dacia,YTD,M,539096,2024-12,1735603200000
2024-12-31,European Union (EU),Fiat,TTM,M,290629,2024-12,1735603200000
2024-12-31,European Union (EU),Fiat,UNITS,M,12547,2024-12,1735603200000
2024-12-31,European Union (EU),Fiat,YTD,M,290629,2024-12,1735603200000
2024-12-31,European Union (EU),Ford,TTM,M,312284,2024-12,1735603200000
2024-12-31,European Union (EU),Ford,UNITS,M,22259,2024-12,1735603200000
2024-12-31,European Union (EU),Ford,YTD,M,312284,2024-12,1735603200000
2024-12-31,European Union (EU),Honda,TTM,M,42853,2024-12,1735603200000
2024-12-31,European Union (EU),Honda,UNITS,M,3136,2024-12,1735603200000
2024-12-31,European Union (EU),Honda,YTD,M,42853,2024-12,1735603200000
2024-12-31,European Union (EU),Hyundai,TTM,M,426286,2024-12,1735603200000
2024-12-31,European Union (EU),Hyundai,UNITS,M,37847,2024-12,1735603200000
2024-12-31,European Union (EU),Hyundai,YTD,M,426286,2024-12,1735603200000
2024-12-31,European Union (EU),Hyundai Group,TTM,M,837981,2024-12,1735603200000
2024-12-31,European Union (EU),Hyundai Group,UNITS,M,67454,2024-12,1735603200000
2024-12-31,European Union (EU),Hyundai Group,YTD,M,837981,2024-12,1735603200000
2024-12-31,European Union (EU),Jaguar,TTM,M,5857,2024-12,1735603200000
2024-12-31,European Union (EU),Jaguar,UNITS,M,372,2024-12,1735603200000
2024-12-31,European Union (EU),Jaguar,YTD,M,5857,2024-12,1735603200000
2024-12-31,European Union (EU),Jaguar Land Rover Group,TTM,M,64099,2024-12,1735603200000
2024-12-31,European Union (EU),Jaguar Land Rover Group,UNITS,M,5799,2024-12,1735603200000
2024-12-31,European Union (EU),Jaguar Land Rover Group,YTD,M,64099,2024-12,1735603200000
2024-12-31,European Union (EU),Jeep,TTM,M,121734,2024-12,1735603200000
2024-12-31,European Union (EU),Jeep,UNITS,M,8131,2024-12,1735603200000
2024-12-31,European Union (EU),Jeep,YTD,M,121734,2024-12,1735603200000
2024-12-31,European Union (EU),Kia,TTM,M,411695,2024-12,1735603200000
2024-12-31,European Union (EU),Kia,UNITS,M,29607,2024-12,1735603200000
2024-12-31,European Union (EU),Kia,YTD,M,411695,2024-12,1735603200000
2024-12-31,European Union (EU),Lancia/Chrysler,TTM,M,33713,2024-12,1735603200000
2024-12-31,European Union (EU),Lancia/Chrysler,UNITS,M,720,2024-12,1735603200000
2024-12-31,European Union (EU),Lancia/Chrysler,YTD,M,33713,2024-12,1735603200000
2024-12-31,European Union (EU),Land Rover,TTM,M,58242,2024-12,1735603200000
2024-12-31,European Union (EU),Land Rover,UNITS,M,5427,2024-12,1735603200000
2024-12-31,European Union (EU),Land Rover,YTD,M,58242,2024-12,1735603200000
2024-12-31,European Union (EU),Lexus,TTM,M,67534,2024-12,1735603200000
2024-12-31,European Union (EU),Lexus,UNITS,M,6375,2024-12,1735603200000
2024-12-31,European Union (EU),Lexus,YTD,M,67534,2024-12,1735603200000
2024-12-31,European Union (EU),Mazda,TTM,M,141217,2024-12,1735603200000
2024-12-31,European Union (EU),Mazda,UNITS,M,12750,2024-12,1735603200000
2024-12-31,European Union (EU),Mazda,YTD,M,141217,2024-12,1735603200000
2024-12-31,European Union (EU),Mercedes,TTM,M,580267,2024-12,1735603200000
2024-12-31,European Union (EU),Mercedes,UNITS,M,56534,2024-12,1735603200000
2024-12-31,European Union (EU),Mercedes,YTD,M,580267,2024-12,1735603200000
2024-12-31,European Union (EU),Mercedes-Benz,TTM,M,588020,2024-12,1735603200000
2024-12-31,European Union (EU),Mercedes-Benz,UNITS,M,56578,2024-12,1735603200000
2024-12-31,European Union (EU),Mercedes-Benz,YTD,M,588020,2024-12,1735603200000
2024-12-31,European Union (EU),Mini,TTM,M,100934,2024-12,1735603200000
2024-12-31,European Union (EU),Mini,UNITS,M,9613,2024-12,1735603200000
2024-12-31,European Union (EU),Mini,YTD,M,100934,2024-12,1735603200000
2024-12-31,European Union (EU),Mitsubishi,TTM,M,65868,2024-12,1735603200000
2024-12-31,European Union (EU),Mitsubishi,UNITS,M,5448,2024-12,1735603200000
2024-12-31,European Union (EU),Mitsubishi,YTD,M,65868,2024-12,1735603200000
2024-12-31,European Union (EU),Nissan,TTM,M,213015,2024-12,1735603200000
2024-12-31,European Union (EU),Nissan,UNITS,M,16877,2024-12,1735603200000
2024-12-31,European Union (EU),Nissan,YTD,M,213015,2024-12,1735603200000
2024-12-31,European Union (EU),Opel/Vauxhall,TTM,M,337013,2024-12,1735603200000
2024-12-31,European Union (EU),Opel/Vauxhall,UNITS,M,20622,2024-12,1735603200000
2024-12-31,European Union (EU),Opel/Vauxhall,YTD,M,337013,2024-12,1735603200000
2024-12-31,European Union (EU),Peugeot,TTM,M,575572,2024-12,1735603200000
2024-12-31,European Union (EU),Peugeot,UNITS,M,41327,2024-12,1735603200000
2024-12-31,European Union (EU),Peugeot,YTD,M,575572,2024-12,1735603200000
2024-12-31,European Union (EU),Porsche,TTM,M,80847,2024-12,1735603200000
2024-12-31,European Union (EU),Porsche,UNITS,M,6137,2024-12,1735603200000
2024-12-31,European Union (EU),Porsche,YTD,M,80847,2024-12,1735603200000
2024-12-31,European Union (EU),Renault,TTM,M,637631,2024-12,1735603200000
2024-12-31,European Union (EU),Renault,UNITS,M,66039,2024-12,1735603200000
2024-12-31,European Union (EU),Renault,YTD,M,637631,2024-12,1735603200000
2024-12-31,European Union (EU),Renault Group,TTM,M,1180526,2024-12,1735603200000
2024-12-31,European Union (EU),Renault Group,UNITS,M,120145,2024-12,1735603200000
2024-12-31,European Union (EU),Renault Group,YTD,M,1180526,2024-12,1735603200000
2024-12-31,European Union (EU),SAIC Motor,TTM,M,159006,2024-12,1735603200000
2024-12-31,European Union (EU),SAIC Motor,UNITS,M,20480,2024-12,1735603200000
2024-12-31,European Union (EU),SAIC Motor,YTD,M,159006,2024-12,1735603200000
2024-12-31,European Union (EU),Seat,TTM,M,223341,2024-12,1735603200000
2024-12-31,European Union (EU),Seat,UNITS,M,17296,2024-12,1735603200000
2024-12-31,European Union (EU),Seat,YTD,M,223341,2024-12,1735603200000
2024-12-31,European Union (EU),Skoda,TTM,M,660906,2024-12,1735603200000
2024-12-31,European Union (EU),Skoda,UNITS,M,55737,2024-12,1735603200000
2024-12-31,European Union (EU),Skoda,YTD,M,660906,2024-12,1735603200000
2024-12-31,European Union (EU),Smart,TTM,M,14856,2024-12,1735603200000
2024-12-31,European Union (EU),Smart,UNITS,M,272,2024-12,1735603200000
2024-12-31,European Union (EU),Smart,YTD,M,14856,2024-12,1735603200000
2024-12-31,European Union (EU),Stellantis,TTM,M,1778862,2024-12,1735603200000
2024-12-31,European Union (EU),Stellantis,UNITS,M,111572,2024-12,1735603200000
2024-12-31,European Union (EU),Stellantis,YTD,M,1778862,2024-12,1735603200000
2024-12-31,European Union (EU),Suzuki,TTM,M,177123,2024-12,1735603200000
2024-12-31,European Union (EU),Suzuki,UNITS,M,12843,2024-12,1735603200000
2024-12-31,European Union (EU),Suzuki,YTD,M,177123,2024-12,1735603200000
2024-12-31,European Union (EU),Tesla,TTM,M,259359,2024-12,1735603200000
2024-12-31,European Union (EU),Tesla,UNITS,M,31567,2024-12,1735603200000
2024-12-31,European Union (EU),Tesla,YTD,M,259359,2024-12,1735603200000
2024-12-31,European Union (EU),Toyota,TTM,M,864440,2024-12,1735603200000
2024-12-31,European Union (EU),Toyota,UNITS,M,70400,2024-12,1735603200000
2024-12-31,European Union (EU),Toyota,YTD,M,864440,2024-12,1735603200000
2024-12-31,European Union (EU),Toyota Group,TTM,M,931974,2024-12,1735603200000
2024-12-31,European Union (EU),Toyota Group,UNITS,M,76775,2024-12,1735603200000
2024-12-31,European Union (EU),Toyota Group,YTD,M,931974,2024-12,1735603200000
2024-12-31,European Union (EU),Volkswagen,TTM,M,1163561,2024-12,1735603200000
2024-12-31,European Union (EU),Volkswagen,UNITS,M,96128,2024-12,1735603200000
2024-12-31,European Union (EU),Volkswagen,YTD,M,1163561,2024-12,1735603200000
2024-12-31,European Union (EU),Volkswagen Group,TTM,M,2835876,2024-12,1735603200000
2024-12-31,European Union (EU),Volkswagen Group,UNITS,M,232722,2024-12,1735603200000
2024-12-31,European Union (EU),Volkswagen Group,YTD,M,2835876,2024-12,1735603200000
2024-12-31,European Union (EU),Volvo Cars,TTM,M,285186,2024-12,1735603200000
2024-12-31,European Union (EU),Volvo Cars,UNITS,M,24555,2024-12,1735603200000
2024-12-31,European Union (EU),Volvo Cars,YTD,M,285186,2024-12,1735603200000
2025-01-31,EU + EFTA + UK,Alfa Romeo,TTM,M,46861,2025-01,1738281600000
2025-01-31,EU + EFTA + UK,Alfa Romeo,UNITS,M,4792,2025-01,1738281600000
2025-01-31,EU + EFTA + UK,Alfa Romeo,YTD,M,4792,2025-01,1738281600000
2025-01-31,EU + EFTA + UK,Alpine,TTM,M,4583,2025-01,1738281600000
2025-01-31,EU + EFTA + UK,Alpine,UNITS,M,469,2025-01,1738281600000
2025-01-31,EU + EFTA + UK,Alpine,YTD,M,469,2025-01,1738281600000
2025-01-31,EU + EFTA + UK,Audi,TTM,M,675479,2025-01,1738281600000
2025-01-31,EU + EFTA + UK,Audi,UNITS,M,49220,2025-01,1738281600000
2025-01-31,EU + EFTA + UK,Audi,YTD,M,49220,2025-01,1738281600000
2025-01-31,EU + EFTA + UK,BMW,TTM,M,787998,2025-01,1738281600000
2025-01-31,EU + EFTA + UK,BMW,UNITS,M,59765,2025-01,1738281600000
2025-01-31,EU + EFTA + UK,BMW,YTD,M,59765,2025-01,1738281600000
2025-01-31,EU + EFTA + UK,BMW Group,TTM,M,930118,2025-01,1738281600000
2025-01-31,EU + EFTA + UK,BMW Group,UNITS,M,70192,2025-01,1738281600000
2025-01-31,EU + EFTA + UK,BMW Group,YTD,M,70192,2025-01,1738281600000
2025-01-31,EU + EFTA + UK,BYD,TTM,M,41506,2025-01,1738281600000
2025-01-31,EU + EFTA + UK,BYD,UNITS,M,8395,2025-01,1738281600000
2025-01-31,EU + EFTA + UK,BYD,YTD,M,8395,2025-01,1738281600000
2025-01-31,EU + EFTA + UK,Citroen,TTM,M,368381,2025-01,1738281600000
2025-01-31,EU + EFTA + UK,Citroen,UNITS,M,27170,2025-01,1738281600000
2025-01-31,EU + EFTA + UK,Citroen,YTD,M,27170,2025-01,1738281600000
2025-01-31,EU + EFTA + UK,Cupra,TTM,M,231376,2025-01,1738281600000
2025-01-31,EU + EFTA + UK,Cupra,UNITS,M,20855,2025-01,1738281600000
2025-01-31,EU + EFTA + UK,Cupra,YTD,M,20855,2025-01,1738281600000
2025-01-31,EU + EFTA + UK,DS,TTM,M,36838,2025-01,1738281600000
2025-01-31,EU + EFTA + UK,DS,UNITS,M,2191,2025-01,1738281600000
2025-01-31,EU + EFTA + UK,DS,YTD,M,2191,2025-01,1738281600000
2025-01-31,EU + EFTA + UK,Dacia,TTM,M,597338,2025-01,1738281600000
2025-01-31,EU + EFTA + UK,Dacia,UNITS,M,48998,2025-01,1738281600000
2025-01-31,EU + EFTA + UK,Dacia,YTD,M,48998,2025-01,1738281600000
2025-01-31,EU + EFTA + UK,Fiat,TTM,M,312235,2025-01,1738281600000
2025-01-31,EU + EFTA + UK,Fiat,UNITS,M,23608,2025-01,1738281600000
2025-01-31,EU + EFTA + UK,Fiat,YTD,M,23608,2025-01,1738281600000
2025-01-31,EU + EFTA + UK,Ford,TTM,M,417499,2025-01,1738281600000
2025-01-31,EU + EFTA + UK,Ford,UNITS,M,31516,2025-01,1738281600000
2025-01-31,EU + EFTA + UK,Ford,YTD,M,31516,2025-01,1738281600000
2025-01-31,EU + EFTA + UK,Honda,TTM,M,72736,2025-01,1738281600000
2025-01-31,EU + EFTA + UK,Honda,UNITS,M,4994,2025-01,1738281600000
2025-01-31,EU + EFTA + UK,Honda,YTD,M,4994,2025-01,1738281600000
2025-01-31,EU + EFTA + UK,Hyundai,TTM,M,549116,2025-01,1738281600000
2025-01-31,EU + EFTA + UK,Hyundai,UNITS,M,41535,2025-01,1738281600000
2025-01-31,EU + EFTA + UK,Hyundai,YTD,M,41535,2025-01,1738281600000
2025-01-31,EU + EFTA + UK,Hyundai Group,TTM,M,1084235,2025-01,1738281600000
2025-01-31,EU + EFTA + UK,Hyundai Group,UNITS,M,83297,2025-01,1738281600000
2025-01-31,EU + EFTA + UK,Hyundai Group,YTD,M,83297,2025-01,1738281600000
2025-01-31,EU + EFTA + UK,Jaguar,TTM,M,21553,2025-01,1738281600000
2025-01-31,EU + EFTA + UK,Jaguar,UNITS,M,977,2025-01,1738281600000
2025-01-31,EU + EFTA + UK,Jaguar,YTD,M,977,2025-01,1738281600000
2025-01-31,EU + EFTA + UK,Jaguar Land Rover Group,TTM,M,150858,2025-01,1738281600000
2025-01-31,EU + EFTA + UK,Jaguar Land Rover Group,UNITS,M,11197,2025-01,1738281600000
2025-01-31,EU + EFTA + UK,Jaguar Land Rover Group,YTD,M,11197,2025-01,1738281600000
2025-01-31,EU + EFTA + UK,Jeep,TTM,M,132267,2025-01,1738281600000
2025-01-31,EU + EFTA + UK,Jeep,UNITS,M,10984,2025-01,1738281600000
2025-01-31,EU + EFTA + UK,Jeep,YTD,M,10984,2025-01,1738281600000
2025-01-31,EU + EFTA + UK,Kia,TTM,M,535119,2025-01,1738281600000
2025-01-31,EU + EFTA + UK,Kia,UNITS,M,41762,2025-01,1738281600000
2025-01-31,EU + EFTA + UK,Kia,YTD,M,41762,2025-01,1738281600000
2025-01-31,EU + EFTA + UK,Lancia/Chrysler,TTM,M,32993,2025-01,1738281600000
2025-01-31,EU + EFTA + UK,Lancia/Chrysler,UNITS,M,1052,2025-01,1738281600000
2025-01-31,EU + EFTA + UK,Lancia/Chrysler,YTD,M,1052,2025-01,1738281600000
2025-01-31,EU + EFTA + UK,Land Rover,TTM,M,129305,2025-01,1738281600000
2025-01-31,EU + EFTA + UK,Land Rover,UNITS,M,10220,2025-01,1738281600000
2025-01-31,EU + EFTA + UK,Land Rover,YTD,M,10220,2025-01,1738281600000
2025-01-31,EU + EFTA + UK,Lexus,TTM,M,78569,2025-01,1738281600000
2025-01-31,EU + EFTA + UK,Lexus,UNITS,M,7466,2025-01,1738281600000
2025-01-31,EU + EFTA + UK,Lexus,YTD,M,7466,2025-01,1738281600000
2025-01-31,EU + EFTA + UK,Mazda,TTM,M,167625,2025-01,1738281600000
2025-01-31,EU + EFTA + UK,Mazda,UNITS,M,11064,2025-01,1738281600000
2025-01-31,EU + EFTA + UK,Mazda,YTD,M,11064,2025-01,1738281600000
2025-01-31,EU + EFTA + UK,Mercedes,TTM,M,708922,2025-01,1738281600000
2025-01-31,EU + EFTA + UK,Mercedes,UNITS,M,42472,2025-01,1738281600000
2025-01-31,EU + EFTA + UK,Mercedes,YTD,M,42472,2025-01,1738281600000
2025-01-31,EU + EFTA + UK,Mercedes-Benz,TTM,M,695024,2025-01,1738281600000
2025-01-31,EU + EFTA + UK,Mercedes-Benz,UNITS,M,42532,2025-01,1738281600000
2025-01-31,EU + EFTA + UK,Mercedes-Benz,YTD,M,42532,2025-01,1738281600000
2025-01-31,EU + EFTA + UK,Mini,TTM,M,142120,2025-01,1738281600000
2025-01-31,EU + EFTA + UK,Mini,UNITS,M,10427,2025-01,1738281600000
2025-01-31,EU + EFTA + UK,Mini,YTD,M,10427,2025-01,1738281600000
2025-01-31,EU + EFTA + UK,Mitsubishi,TTM,M,59288,2025-01,1738281600000
2025-01-31,EU + EFTA + UK,Mitsubishi,UNITS,M,3450,2025-01,1738281600000
2025-01-31,EU + EFTA + UK,Mitsubishi,YTD,M,3450,2025-01,1738281600000
2025-01-31,EU + EFTA + UK,Nissan,TTM,M,307576,2025-01,1738281600000
2025-01-31,EU + EFTA + UK,Nissan,UNITS,M,25108,2025-01,1738281600000
2025-01-31,EU + EFTA + UK,Nissan,YTD,M,25108,2025-01,1738281600000
2025-01-31,EU + EFTA + UK,Opel/Vauxhall,TTM,M,410927,2025-01,1738281600000
2025-01-31,EU + EFTA + UK,Opel/Vauxhall,UNITS,M,28449,2025-01,1738281600000
2025-01-31,EU + EFTA + UK,Opel/Vauxhall,YTD,M,28449,2025-01,1738281600000
2025-01-31,EU + EFTA + UK,Peugeot,TTM,M,647903,2025-01,1738281600000
2025-01-31,EU + EFTA + UK,Peugeot,UNITS,M,55445,2025-01,1738281600000
2025-01-31,EU + EFTA + UK,Peugeot,YTD,M,55445,2025-01,1738281600000
2025-01-31,EU + EFTA + UK,Porsche,TTM,M,106201,2025-01,1738281600000
2025-01-31,EU + EFTA + UK,Porsche,UNITS,M,8120,2025-01,1738281600000
2025-01-31,EU + EFTA + UK,Porsche,YTD,M,8120,2025-01,1738281600000
2025-01-31,EU + EFTA + UK,Renault,TTM,M,706718,2025-01,1738281600000
2025-01-31,EU + EFTA + UK,Renault,UNITS,M,48443,2025-01,1738281600000
2025-01-31,EU + EFTA + UK,Renault,YTD,M,48443,2025-01,1738281600000
2025-01-31,EU + EFTA + UK,Renault Group,TTM,M,1308639,2025-01,1738281600000
2025-01-31,EU + EFTA + UK,Renault Group,UNITS,M,97910,2025-01,1738281600000
2025-01-31,EU + EFTA + UK,Renault Group,YTD,M,97910,2025-01,1738281600000
2025-01-31,EU + EFTA + UK,SAIC Motor,TTM,M,261462,2025-01,1738281600000
2025-01-31,EU + EFTA + UK,SAIC Motor,UNITS,M,22994,2025-01,1738281600000
2025-01-31,EU + EFTA + UK,SAIC Motor,YTD,M,22994,2025-01,1738281600000
2025-01-31,EU + EFTA + UK,Seat,TTM,M,270638,2025-01,1738281600000
2025-01-31,EU + EFTA + UK,Seat,UNITS,M,17161,2025-01,1738281600000
2025-01-31,EU + EFTA + UK,Seat,YTD,M,17161,2025-01,1738281600000
2025-01-31,EU + EFTA + UK,Skoda,TTM,M,762753,2025-01,1738281600000
2025-01-31,EU + EFTA + UK,Skoda,UNITS,M,59465,2025-01,1738281600000
2025-01-31,EU + EFTA + UK,Skoda,YTD,M,59465,2025-01,1738281600000
2025-01-31,EU + EFTA + UK,Smart,TTM,M,29451,2025-01,1738281600000
2025-01-31,EU + EFTA + UK,Smart,UNITS,M,60,2025-01,1738281600000
2025-01-31,EU + EFTA + UK,Smart,YTD,M,60,2025-01,1738281600000
2025-01-31,EU + EFTA + UK,Stellantis,TTM,M,1994516,2025-01,1738281600000
2025-01-31,EU + EFTA + UK,Stellantis,UNITS,M,154079,2025-01,1738281600000
2025-01-31,EU + EFTA + UK,Stellantis,YTD,M,154079,2025-01,1738281600000
2025-01-31,EU + EFTA + UK,Suzuki,TTM,M,202263,2025-01,1738281600000
2025-01-31,EU + EFTA + UK,Suzuki,UNITS,M,14469,2025-01,1738281600000
2025-01-31,EU + EFTA + UK,Suzuki,YTD,M,14469,2025-01,1738281600000
2025-01-31,EU + EFTA + UK,Tesla,TTM,M,284090,2025-01,1738281600000
2025-01-31,EU + EFTA + UK,Tesla,UNITS,M,9945,2025-01,1738281600000
2025-01-31,EU + EFTA + UK,Tesla,YTD,M,9945,2025-01,1738281600000
2025-01-31,EU + EFTA + UK,Toyota,TTM,M,935049,2025-01,1738281600000
2025-01-31,EU + EFTA + UK,Toyota,UNITS,M,72804,2025-01,1738281600000
2025-01-31,EU + EFTA + UK,Toyota,YTD,M,72804,2025-01,1738281600000
2025-01-31,EU + EFTA + UK,Toyota Group,TTM,M,1013618,2025-01,1738281600000
2025-01-31,EU + EFTA + UK,Toyota Group,UNITS,M,80270,2025-01,1738281600000
2025-01-31,EU + EFTA + UK,Toyota Group,YTD,M,80270,2025-01,1738281600000
2025-01-31,EU + EFTA + UK,Volkswagen,TTM,M,1405317,2025-01,1738281600000
2025-01-31,EU + EFTA + UK,Volkswagen,UNITS,M,112844,2025-01,1738281600000
2025-01-31,EU + EFTA + UK,Volkswagen,YTD,M,112844,2025-01,1738281600000
2025-01-31,EU + EFTA + UK,Volkswagen Group,TTM,M,3460466,2025-01,1738281600000
2025-01-31,EU + EFTA + UK,Volkswagen Group,UNITS,M,268409,2025-01,1738281600000
2025-01-31,EU + EFTA + UK,Volkswagen Group,YTD,M,268409,2025-01,1738281600000
2025-01-31,EU + EFTA + UK,Volvo Cars,TTM,M,378783,2025-01,1738281600000
2025-01-31,EU + EFTA + UK,Volvo Cars,UNITS,M,25172,2025-01,1738281600000
2025-01-31,EU + EFTA + UK,Volvo Cars,YTD,M,25172,2025-01,1738281600000
2025-01-31,European Union (EU),Alfa Romeo,TTM,M,43937,2025-01,1738281600000
2025-01-31,European Union (EU),Alfa Romeo,UNITS,M,4656,2025-01,1738281600000
2025-01-31,European Union (EU),Alfa Romeo,YTD,M,4656,2025-01,1738281600000
2025-01-31,European Union (EU),Alpine,TTM,M,4076,2025-01,1738281600000
2025-01-31,European Union (EU),Alpine,UNITS,M,441,2025-01,1738281600000
2025-01-31,European Union (EU),Alpine,YTD,M,441,2025-01,1738281600000
2025-01-31,European Union (EU),Audi,TTM,M,515490,2025-01,1738281600000
2025-01-31,European Union (EU),Audi,UNITS,M,41319,2025-01,1738281600000
2025-01-31,European Union (EU),Audi,YTD,M,41319,2025-01,1738281600000
2025-01-31,European Union (EU),BMW,TTM,M,624816,2025-01,1738281600000
2025-01-31,European Union (EU),BMW,UNITS,M,48126,2025-01,1738281600000
2025-01-31,European Union (EU),BMW,YTD,M,48126,2025-01,1738281600000
2025-01-31,European Union (EU),BMW Group,TTM,M,725365,2025-01,1738281600000
2025-01-31,European Union (EU),BMW Group,UNITS,M,55284,2025-01,1738281600000
2025-01-31,European Union (EU),BMW Group,YTD,M,55284,2025-01,1738281600000
2025-01-31,European Union (EU),BYD,TTM,M,32576,2025-01,1738281600000
2025-01-31,European Union (EU),BYD,UNITS,M,6741,2025-01,1738281600000
2025-01-31,European Union (EU),BYD,YTD,M,6741,2025-01,1738281600000
2025-01-31,European Union (EU),Citroen,TTM,M,330881,2025-01,1738281600000
2025-01-31,European Union (EU),Citroen,UNITS,M,25708,2025-01,1738281600000
2025-01-31,European Union (EU),Citroen,YTD,M,25708,2025-01,1738281600000
2025-01-31,European Union (EU),Cupra,TTM,M,190955,2025-01,1738281600000
2025-01-31,European Union (EU),Cupra,UNITS,M,18199,2025-01,1738281600000
2025-01-31,European Union (EU),Cupra,YTD,M,18199,2025-01,1738281600000
2025-01-31,European Union (EU),DS,TTM,M,35455,2025-01,1738281600000
2025-01-31,European Union (EU),DS,UNITS,M,2065,2025-01,1738281600000
2025-01-31,European Union (EU),DS,YTD,M,2065,2025-01,1738281600000
2025-01-31,European Union (EU),Dacia,TTM,M,536175,2025-01,1738281600000
2025-01-31,European Union (EU),Dacia,UNITS,M,46150,2025-01,1738281600000
2025-01-31,European Union (EU),Dacia,YTD,M,46150,2025-01,1738281600000
2025-01-31,European Union (EU),Fiat,TTM,M,284501,2025-01,1738281600000
2025-01-31,European Union (EU),Fiat,UNITS,M,22079,2025-01,1738281600000
2025-01-31,European Union (EU),Fiat,YTD,M,22079,2025-01,1738281600000
2025-01-31,European Union (EU),Ford,TTM,M,311280,2025-01,1738281600000
2025-01-31,European Union (EU),Ford,UNITS,M,24617,2025-01,1738281600000
2025-01-31,European Union (EU),Ford,YTD,M,24617,2025-01,1738281600000
2025-01-31,European Union (EU),Honda,TTM,M,42006,2025-01,1738281600000
2025-01-31,European Union (EU),Honda,UNITS,M,4843,2025-01,1738281600000
2025-01-31,European Union (EU),Honda,YTD,M,4843,2025-01,1738281600000
2025-01-31,European Union (EU),Hyundai,TTM,M,425715,2025-01,1738281600000
2025-01-31,European Union (EU),Hyundai,UNITS,M,34227,2025-01,1738281600000
2025-01-31,European Union (EU),Hyundai,YTD,M,34227,2025-01,1738281600000
2025-01-31,European Union (EU),Hyundai Group,TTM,M,833681,2025-01,1738281600000
2025-01-31,European Union (EU),Hyundai Group,UNITS,M,64416,2025-01,1738281600000
2025-01-31,European Union (EU),Hyundai Group,YTD,M,64416,2025-01,1738281600000
2025-01-31,European Union (EU),Jaguar,TTM,M,5514,2025-01,1738281600000
2025-01-31,European Union (EU),Jaguar,UNITS,M,170,2025-01,1738281600000
2025-01-31,European Union (EU),Jaguar,YTD,M,170,2025-01,1738281600000
2025-01-31,European Union (EU),Jaguar Land Rover Group,TTM,M,63216,2025-01,1738281600000
2025-01-31,European Union (EU),Jaguar Land Rover Group,UNITS,M,4575,2025-01,1738281600000
2025-01-31,European Union (EU),Jaguar Land Rover Group,YTD,M,4575,2025-01,1738281600000
2025-01-31,European Union (EU),Jeep,TTM,M,120221,2025-01,1738281600000
2025-01-31,European Union (EU),Jeep,UNITS,M,9935,2025-01,1738281600000
2025-01-31,European Union (EU),Jeep,YTD,M,9935,2025-01,1738281600000
2025-01-31,European Union (EU),Kia,TTM,M,407966,2025-01,1738281600000
2025-01-31,European Union (EU),Kia,UNITS,M,30189,2025-01,1738281600000
2025-01-31,European Union (EU),Kia,YTD,M,30189,2025-01,1738281600000
2025-01-31,European Union (EU),Lancia/Chrysler,TTM,M,30839,2025-01,1738281600000
2025-01-31,European Union (EU),Lancia/Chrysler,UNITS,M,1052,2025-01,1738281600000
2025-01-31,European Union (EU),Lancia/Chrysler,YTD,M,1052,2025-01,1738281600000
2025-01-31,European Union (EU),Land Rover,TTM,M,57702,2025-01,1738281600000
2025-01-31,European Union (EU),Land Rover,UNITS,M,4405,2025-01,1738281600000
2025-01-31,European Union (EU),Land Rover,YTD,M,4405,2025-01,1738281600000
2025-01-31,European Union (EU),Lexus,TTM,M,69373,2025-01,1738281600000
2025-01-31,European Union (EU),Lexus,UNITS,M,6232,2025-01,1738281600000
2025-01-31,European Union (EU),Lexus,YTD,M,6232,2025-01,1738281600000
2025-01-31,European Union (EU),Mazda,TTM,M,138834,2025-01,1738281600000
2025-01-31,European Union (EU),Mazda,UNITS,M,7927,2025-01,1738281600000
2025-01-31,European Union (EU),Mazda,YTD,M,7927,2025-01,1738281600000
2025-01-31,European Union (EU),Mercedes,TTM,M,580107,2025-01,1738281600000
2025-01-31,European Union (EU),Mercedes,UNITS,M,34674,2025-01,1738281600000
2025-01-31,European Union (EU),Mercedes,YTD,M,34674,2025-01,1738281600000
2025-01-31,European Union (EU),Mercedes-Benz,TTM,M,585666,2025-01,1738281600000
2025-01-31,European Union (EU),Mercedes-Benz,UNITS,M,34734,2025-01,1738281600000
2025-01-31,European Union (EU),Mercedes-Benz,YTD,M,34734,2025-01,1738281600000
2025-01-31,European Union (EU),Mini,TTM,M,100549,2025-01,1738281600000
2025-01-31,European Union (EU),Mini,UNITS,M,7158,2025-01,1738281600000
2025-01-31,European Union (EU),Mini,YTD,M,7158,2025-01,1738281600000
2025-01-31,European Union (EU),Mitsubishi,TTM,M,64527,2025-01,1738281600000
2025-01-31,European Union (EU),Mitsubishi,UNITS,M,3376,2025-01,1738281600000
2025-01-31,European Union (EU),Mitsubishi,YTD,M,3376,2025-01,1738281600000
2025-01-31,European Union (EU),Nissan,TTM,M,212297,2025-01,1738281600000
2025-01-31,European Union (EU),Nissan,UNITS,M,17290,2025-01,1738281600000
2025-01-31,European Union (EU),Nissan,YTD,M,17290,2025-01,1738281600000
2025-01-31,European Union (EU),Opel/Vauxhall,TTM,M,327530,2025-01,1738281600000
2025-01-31,European Union (EU),Opel/Vauxhall,UNITS,M,21013,2025-01,1738281600000
2025-01-31,European Union (EU),Opel/Vauxhall,YTD,M,21013,2025-01,1738281600000
2025-01-31,European Union (EU),Peugeot,TTM,M,571410,2025-01,1738281600000
2025-01-31,European Union (EU),Peugeot,UNITS,M,46644,2025-01,1738281600000
2025-01-31,European Union (EU),Peugeot,YTD,M,46644,2025-01,1738281600000
2025-01-31,European Union (EU),Porsche,TTM,M,79914,2025-01,1738281600000
2025-01-31,European Union (EU),Porsche,UNITS,M,6363,2025-01,1738281600000
2025-01-31,European Union (EU),Porsche,YTD,M,6363,2025-01,1738281600000
2025-01-31,European Union (EU),Renault,TTM,M,644604,2025-01,1738281600000
2025-01-31,European Union (EU),Renault,UNITS,M,43771,2025-01,1738281600000
2025-01-31,European Union (EU),Renault,YTD,M,43771,2025-01,1738281600000
2025-01-31,European Union (EU),Renault Group,TTM,M,1184855,2025-01,1738281600000
2025-01-31,European Union (EU),Renault Group,UNITS,M,90362,2025-01,1738281600000
2025-01-31,European Union (EU),Renault Group,YTD,M,90362,2025-01,1738281600000
2025-01-31,European Union (EU),SAIC Motor,TTM,M,166503,2025-01,1738281600000
2025-01-31,European Union (EU),SAIC Motor,UNITS,M,17291,2025-01,1738281600000
2025-01-31,European Union (EU),SAIC Motor,YTD,M,17291,2025-01,1738281600000
2025-01-31,European Union (EU),Seat,TTM,M,221184,2025-01,1738281600000
2025-01-31,European Union (EU),Seat,UNITS,M,14943,2025-01,1738281600000
2025-01-31,European Union (EU),Seat,YTD,M,14943,2025-01,1738281600000
2025-01-31,European Union (EU),Skoda,TTM,M,658496,2025-01,1738281600000
2025-01-31,European Union (EU),Skoda,UNITS,M,52549,2025-01,1738281600000
2025-01-31,European Union (EU),Skoda,YTD,M,52549,2025-01,1738281600000
2025-01-31,European Union (EU),Smart,TTM,M,12662,2025-01,1738281600000
2025-01-31,European Union (EU),Smart,UNITS,M,60,2025-01,1738281600000
2025-01-31,European Union (EU),Smart,YTD,M,60,2025-01,1738281600000
2025-01-31,European Union (EU),Stellantis,TTM,M,1749663,2025-01,1738281600000
2025-01-31,European Union (EU),Stellantis,UNITS,M,133506,2025-01,1738281600000
2025-01-31,European Union (EU),Stellantis,YTD,M,133506,2025-01,1738281600000
2025-01-31,European Union (EU),Suzuki,TTM,M,175496,2025-01,1738281600000
2025-01-31,European Union (EU),Suzuki,UNITS,M,12395,2025-01,1738281600000
2025-01-31,European Union (EU),Suzuki,YTD,M,12395,2025-01,1738281600000
2025-01-31,European Union (EU),Tesla,TTM,M,251746,2025-01,1738281600000
2025-01-31,European Union (EU),Tesla,UNITS,M,7517,2025-01,1738281600000
2025-01-31,European Union (EU),Tesla,YTD,M,7517,2025-01,1738281600000
2025-01-31,European Union (EU),Toyota,TTM,M,858893,2025-01,1738281600000
2025-01-31,European Union (EU),Toyota,UNITS,M,65795,2025-01,1738281600000
2025-01-31,European Union (EU),Toyota,YTD,M,65795,2025-01,1738281600000
2025-01-31,European Union (EU),Toyota Group,TTM,M,928266,2025-01,1738281600000
2025-01-31,European Union (EU),Toyota Group,UNITS,M,72027,2025-01,1738281600000
2025-01-31,European Union (EU),Toyota Group,YTD,M,72027,2025-01,1738281600000
2025-01-31,European Union (EU),Volkswagen,TTM,M,1176025,2025-01,1738281600000
2025-01-31,European Union (EU),Volkswagen,UNITS,M,95975,2025-01,1738281600000
2025-01-31,European Union (EU),Volkswagen,YTD,M,95975,2025-01,1738281600000
2025-01-31,European Union (EU),Volkswagen Group,TTM,M,2848005,2025-01,1738281600000
2025-01-31,European Union (EU),Volkswagen Group,UNITS,M,229898,2025-01,1738281600000
2025-01-31,European Union (EU),Volkswagen Group,YTD,M,229898,2025-01,1738281600000
2025-01-31,European Union (EU),Volvo Cars,TTM,M,284018,2025-01,1738281600000
2025-01-31,European Union (EU),Volvo Cars,UNITS,M,19876,2025-01,1738281600000
2025-01-31,European Union (EU),Volvo Cars,YTD,M,19876,2025-01,1738281600000
2025-02-28,EU + EFTA + UK,Alfa Romeo,TTM,M,48250,2025-02,1740700800000
2025-02-28,EU + EFTA + UK,Alfa Romeo,UNITS,M,4994,2025-02,1740700800000
2025-02-28,EU + EFTA + UK,Alfa Romeo,YTD,M,9786,2025-02,1740700800000
2025-02-28,EU + EFTA + UK,Alpine,TTM,M,5029,2025-02,1740700800000
2025-02-28,EU + EFTA + UK,Alpine,UNITS,M,746,2025-02,1740700800000
2025-02-28,EU + EFTA + UK,Alpine,YTD,M,1215,2025-02,1740700800000
2025-02-28,EU + EFTA + UK,Audi,TTM,M,676145,2025-02,1740700800000
2025-02-28,EU + EFTA + UK,Audi,UNITS,M,46593,2025-02,1740700800000
2025-02-28,EU + EFTA + UK,Audi,YTD,M,95813,2025-02,1740700800000
2025-02-28,EU + EFTA + UK,BMW,TTM,M,788499,2025-02,1740700800000
2025-02-28,EU + EFTA + UK,BMW,UNITS,M,55500,2025-02,1740700800000
2025-02-28,EU + EFTA + UK,BMW,YTD,M,115265,2025-02,1740700800000
2025-02-28,EU + EFTA + UK,BMW Group,TTM,M,933825,2025-02,1740700800000
2025-02-28,EU + EFTA + UK,BMW Group,UNITS,M,69519,2025-02,1740700800000
2025-02-28,EU + EFTA + UK,BMW Group,YTD,M,139711,2025-02,1740700800000
2025-02-28,EU + EFTA + UK,BYD,TTM,M,49901,2025-02,1740700800000
2025-02-28,EU + EFTA + UK,BYD,UNITS,M,8395,2025-02,1740700800000
2025-02-28,EU + EFTA + UK,BYD,YTD,M,16790,2025-02,1740700800000
2025-02-28,EU + EFTA + UK,Citroen,TTM,M,362755,2025-02,1740700800000
2025-02-28,EU + EFTA + UK,Citroen,UNITS,M,31035,2025-02,1740700800000
2025-02-28,EU + EFTA + UK,Citroen,YTD,M,58205,2025-02,1740700800000
2025-02-28,EU + EFTA + UK,Cupra,TTM,M,236355,2025-02,1740700800000
2025-02-28,EU + EFTA + UK,Cupra,UNITS,M,20397,2025-02,1740700800000
2025-02-28,EU + EFTA + UK,Cupra,YTD,M,41252,2025-02,1740700800000
2025-02-28,EU + EFTA + UK,DS,TTM,M,36167,2025-02,1740700800000
2025-02-28,EU + EFTA + UK,DS,UNITS,M,2868,2025-02,1740700800000
2025-02-28,EU + EFTA + UK,DS,YTD,M,5059,2025-02,1740700800000
2025-02-28,EU + EFTA + UK,Dacia,TTM,M,598064,2025-02,1740700800000
2025-02-28,EU + EFTA + UK,Dacia,UNITS,M,47558,2025-02,1740700800000
2025-02-28,EU + EFTA + UK,Dacia,YTD,M,96556,2025-02,1740700800000
2025-02-28,EU + EFTA + UK,Fiat,TTM,M,301099,2025-02,1740700800000
2025-02-28,EU + EFTA + UK,Fiat,UNITS,M,22980,2025-02,1740700800000
2025-02-28,EU + EFTA + UK,Fiat,YTD,M,46588,2025-02,1740700800000
2025-02-28,EU + EFTA + UK,Ford,TTM,M,415599,2025-02,1740700800000
2025-02-28,EU + EFTA + UK,Ford,UNITS,M,30910,2025-02,1740700800000
2025-02-28,EU + EFTA + UK,Ford,YTD,M,62426,2025-02,1740700800000
2025-02-28,EU + EFTA + UK,Honda,TTM,M,72658,2025-02,1740700800000
2025-02-28,EU + EFTA + UK,Honda,UNITS,M,5335,2025-02,1740700800000
2025-02-28,EU + EFTA + UK,Honda,YTD,M,10329,2025-02,1740700800000
2025-02-28,EU + EFTA + UK,Hyundai,TTM,M,546233,2025-02,1740700800000
2025-02-28,EU + EFTA + UK,Hyundai,UNITS,M,37210,2025-02,1740700800000
2025-02-28,EU + EFTA + UK,Hyundai,YTD,M,78745,2025-02,1740700800000
2025-02-28,EU + EFTA + UK,Hyundai Group,TTM,M,1078357,2025-02,1740700800000
2025-02-28,EU + EFTA + UK,Hyundai Group,UNITS,M,73294,2025-02,1740700800000
2025-02-28,EU + EFTA + UK,Hyundai Group,YTD,M,156591,2025-02,1740700800000
2025-02-28,EU + EFTA + UK,Jaguar,TTM,M,20739,2025-02,1740700800000
2025-02-28,EU + EFTA + UK,Jaguar,UNITS,M,498,2025-02,1740700800000
2025-02-28,EU + EFTA + UK,Jaguar,YTD,M,1475,2025-02,1740700800000
2025-02-28,EU + EFTA + UK,Jaguar Land Rover Group,TTM,M,150475,2025-02,1740700800000
2025-02-28,EU + EFTA + UK,Jaguar Land Rover Group,UNITS,M,7637,2025-02,1740700800000
2025-02-28,EU + EFTA + UK,Jaguar Land Rover Group,YTD,M,18834,2025-02,1740700800000
2025-02-28,EU + EFTA + UK,Jeep,TTM,M,132380,2025-02,1740700800000
2025-02-28,EU + EFTA + UK,Jeep,UNITS,M,11384,2025-02,1740700800000
2025-02-28,EU + EFTA + UK,Jeep,YTD,M,22368,2025-02,1740700800000
2025-02-28,EU + EFTA + UK,Kia,TTM,M,532124,2025-02,1740700800000
2025-02-28,EU + EFTA + UK,Kia,UNITS,M,36084,2025-02,1740700800000
2025-02-28,EU + EFTA + UK,Kia,YTD,M,77846,2025-02,1740700800000
2025-02-28,EU + EFTA + UK,Lancia/Chrysler,TTM,M,29976,2025-02,1740700800000
2025-02-28,EU + EFTA + UK,Lancia/Chrysler,UNITS,M,1155,2025-02,1740700800000
2025-02-28,EU + EFTA + UK,Lancia/Chrysler,YTD,M,2207,2025-02,1740700800000
2025-02-28,EU + EFTA + UK,Land Rover,TTM,M,129736,2025-02,1740700800000
2025-02-28,EU + EFTA + UK,Land Rover,UNITS,M,7139,2025-02,1740700800000
2025-02-28,EU + EFTA + UK,Land Rover,YTD,M,17359,2025-02,1740700800000
2025-02-28,EU + EFTA + UK,Lexus,TTM,M,79501,2025-02,1740700800000
2025-02-28,EU + EFTA + UK,Lexus,UNITS,M,5775,2025-02,1740700800000
2025-02-28,EU + EFTA + UK,Lexus,YTD,M,13241,2025-02,1740700800000
2025-02-28,EU + EFTA + UK,Mazda,TTM,M,166827,2025-02,1740700800000
2025-02-28,EU + EFTA + UK,Mazda,UNITS,M,11513,2025-02,1740700800000
2025-02-28,EU + EFTA + UK,Mazda,YTD,M,22577,2025-02,1740700800000
2025-02-28,EU + EFTA + UK,Mercedes,TTM,M,707684,2025-02,1740700800000
2025-02-28,EU + EFTA + UK,Mercedes,UNITS,M,45580,2025-02,1740700800000
2025-02-28,EU + EFTA + UK,Mercedes,YTD,M,88052,2025-02,1740700800000
2025-02-28,EU + EFTA + UK,Mercedes-Benz,TTM,M,692552,2025-02,1740700800000
2025-02-28,EU + EFTA + UK,Mercedes-Benz,UNITS,M,46439,2025-02,1740700800000
2025-02-28,EU + EFTA + UK,Mercedes-Benz,YTD,M,88971,2025-02,1740700800000
2025-02-28,EU + EFTA + UK,Mini,TTM,M,145326,2025-02,1740700800000
2025-02-28,EU + EFTA + UK,Mini,UNITS,M,14019,2025-02,1740700800000
2025-02-28,EU + EFTA + UK,Mini,YTD,M,24446,2025-02,1740700800000
2025-02-28,EU + EFTA + UK,Mitsubishi,TTM,M,56941,2025-02,1740700800000
2025-02-28,EU + EFTA + UK,Mitsubishi,UNITS,M,3490,2025-02,1740700800000
2025-02-28,EU + EFTA + UK,Mitsubishi,YTD,M,6940,2025-02,1740700800000
2025-02-28,EU + EFTA + UK,Nissan,TTM,M,306565,2025-02,1740700800000
2025-02-28,EU + EFTA + UK,Nissan,UNITS,M,23044,2025-02,1740700800000
2025-02-28,EU + EFTA + UK,Nissan,YTD,M,48152,2025-02,1740700800000
2025-02-28,EU + EFTA + UK,Opel/Vauxhall,TTM,M,401850,2025-02,1740700800000
2025-02-28,EU + EFTA + UK,Opel/Vauxhall,UNITS,M,25173,2025-02,1740700800000
2025-02-28,EU + EFTA + UK,Opel/Vauxhall,YTD,M,53622,2025-02,1740700800000
2025-02-28,EU + EFTA + UK,Peugeot,TTM,M,645825,2025-02,1740700800000
2025-02-28,EU + EFTA + UK,Peugeot,UNITS,M,56016,2025-02,1740700800000
2025-02-28,EU + EFTA + UK,Peugeot,YTD,M,111461,2025-02,1740700800000
2025-02-28,EU + EFTA + UK,Porsche,TTM,M,102982,2025-02,1740700800000
2025-02-28,EU + EFTA + UK,Porsche,UNITS,M,6267,2025-02,1740700800000
2025-02-28,EU + EFTA + UK,Porsche,YTD,M,14387,2025-02,1740700800000
2025-02-28,EU + EFTA + UK,Renault,TTM,M,716027,2025-02,1740700800000
2025-02-28,EU + EFTA + UK,Renault,UNITS,M,58830,2025-02,1740700800000
2025-02-28,EU + EFTA + UK,Renault,YTD,M,107273,2025-02,1740700800000
2025-02-28,EU + EFTA + UK,Renault Group,TTM,M,1319120,2025-02,1740700800000
2025-02-28,EU + EFTA + UK,Renault Group,UNITS,M,107134,2025-02,1740700800000
2025-02-28,EU + EFTA + UK,Renault Group,YTD,M,205044,2025-02,1740700800000
2025-02-28,EU + EFTA + UK,SAIC Motor,TTM,M,265585,2025-02,1740700800000
2025-02-28,EU + EFTA + UK,SAIC Motor,UNITS,M,19927,2025-02,1740700800000
2025-02-28,EU + EFTA + UK,SAIC Motor,YTD,M,42921,2025-02,1740700800000
2025-02-28,EU + EFTA + UK,Seat,TTM,M,265752,2025-02,1740700800000
2025-02-28,EU + EFTA + UK,Seat,UNITS,M,16998,2025-02,1740700800000
2025-02-28,EU + EFTA + UK,Seat,YTD,M,34159,2025-02,1740700800000
2025-02-28,EU + EFTA + UK,Skoda,TTM,M,759223,2025-02,1740700800000
2025-02-28,EU + EFTA + UK,Skoda,UNITS,M,55324,2025-02,1740700800000
2025-02-28,EU + EFTA + UK,Skoda,YTD,M,114789,2025-02,1740700800000
2025-02-28,EU + EFTA + UK,Smart,TTM,M,28217,2025-02,1740700800000
2025-02-28,EU + EFTA + UK,Smart,UNITS,M,859,2025-02,1740700800000
2025-02-28,EU + EFTA + UK,Smart,YTD,M,919,2025-02,1740700800000
2025-02-28,EU + EFTA + UK,Stellantis,TTM,M,1964335,2025-02,1740700800000
2025-02-28,EU + EFTA + UK,Stellantis,UNITS,M,155970,2025-02,1740700800000
2025-02-28,EU + EFTA + UK,Stellantis,YTD,M,310049,2025-02,1740700800000
2025-02-28,EU + EFTA + UK,Suzuki,TTM,M,199026,2025-02,1740700800000
2025-02-28,EU + EFTA + UK,Suzuki,UNITS,M,15347,2025-02,1740700800000
2025-02-28,EU + EFTA + UK,Suzuki,YTD,M,29816,2025-02,1740700800000
2025-02-28,EU + EFTA + UK,Tesla,TTM,M,272796,2025-02,1740700800000
2025-02-28,EU + EFTA + UK,Tesla,UNITS,M,16888,2025-02,1740700800000
2025-02-28,EU + EFTA + UK,Tesla,YTD,M,26833,2025-02,1740700800000
2025-02-28,EU + EFTA + UK,Toyota,TTM,M,929784,2025-02,1740700800000
2025-02-28,EU + EFTA + UK,Toyota,UNITS,M,65330,2025-02,1740700800000
2025-02-28,EU + EFTA + UK,Toyota,YTD,M,138134,2025-02,1740700800000
2025-02-28,EU + EFTA + UK,Toyota Group,TTM,M,1009285,2025-02,1740700800000
2025-02-28,EU + EFTA + UK,Toyota Group,UNITS,M,71105,2025-02,1740700800000
2025-02-28,EU + EFTA + UK,Toyota Group,YTD,M,151375,2025-02,1740700800000
2025-02-28,EU + EFTA + UK,Volkswagen,TTM,M,1412436,2025-02,1740700800000
2025-02-28,EU + EFTA + UK,Volkswagen,UNITS,M,103681,2025-02,1740700800000
2025-02-28,EU + EFTA + UK,Volkswagen,YTD,M,216525,2025-02,1740700800000
2025-02-28,EU + EFTA + UK,Volkswagen Group,TTM,M,3461692,2025-02,1740700800000
2025-02-28,EU + EFTA + UK,Volkswagen Group,UNITS,M,249873,2025-02,1740700800000
2025-02-28,EU + EFTA + UK,Volkswagen Group,YTD,M,518282,2025-02,1740700800000
2025-02-28,EU + EFTA + UK,Volvo Cars,TTM,M,374627,2025-02,1740700800000
2025-02-28,EU + EFTA + UK,Volvo Cars,UNITS,M,23525,2025-02,1740700800000
2025-02-28,EU + EFTA + UK,Volvo Cars,YTD,M,48697,2025-02,1740700800000
2025-02-28,European Union (EU),Alfa Romeo,TTM,M,45343,2025-02,1740700800000
2025-02-28,European Union (EU),Alfa Romeo,UNITS,M,4852,2025-02,1740700800000
2025-02-28,European Union (EU),Alfa Romeo,YTD,M,9508,2025-02,1740700800000
2025-02-28,European Union (EU),Alpine,TTM,M,4518,2025-02,1740700800000
2025-02-28,European Union (EU),Alpine,UNITS,M,720,2025-02,1740700800000
2025-02-28,European Union (EU),Alpine,YTD,M,1161,2025-02,1740700800000
2025-02-28,European Union (EU),Audi,TTM,M,517102,2025-02,1740700800000
2025-02-28,European Union (EU),Audi,UNITS,M,41066,2025-02,1740700800000
2025-02-28,European Union (EU),Audi,YTD,M,82385,2025-02,1740700800000
2025-02-28,European Union (EU),BMW,TTM,M,626480,2025-02,1740700800000
2025-02-28,European Union (EU),BMW,UNITS,M,48829,2025-02,1740700800000
2025-02-28,European Union (EU),BMW,YTD,M,96955,2025-02,1740700800000
2025-02-28,European Union (EU),BMW Group,TTM,M,728542,2025-02,1740700800000
2025-02-28,European Union (EU),BMW Group,UNITS,M,58479,2025-02,1740700800000
2025-02-28,European Union (EU),BMW Group,YTD,M,113763,2025-02,1740700800000
2025-02-28,European Union (EU),BYD,TTM,M,39317,2025-02,1740700800000
2025-02-28,European Union (EU),BYD,UNITS,M,6741,2025-02,1740700800000
2025-02-28,European Union (EU),BYD,YTD,M,13482,2025-02,1740700800000
2025-02-28,European Union (EU),Citroen,TTM,M,326565,2025-02,1740700800000
2025-02-28,European Union (EU),Citroen,UNITS,M,29948,2025-02,1740700800000
2025-02-28,European Union (EU),Citroen,YTD,M,55656,2025-02,1740700800000
2025-02-28,European Union (EU),Cupra,TTM,M,195490,2025-02,1740700800000
2025-02-28,European Union (EU),Cupra,UNITS,M,18298,2025-02,1740700800000
2025-02-28,European Union (EU),Cupra,YTD,M,36497,2025-02,1740700800000
2025-02-28,European Union (EU),DS,TTM,M,34848,2025-02,1740700800000
2025-02-28,European Union (EU),DS,UNITS,M,2827,2025-02,1740700800000
2025-02-28,European Union (EU),DS,YTD,M,4892,2025-02,1740700800000
2025-02-28,European Union (EU),Dacia,TTM,M,537403,2025-02,1740700800000
2025-02-28,European Union (EU),Dacia,UNITS,M,45930,2025-02,1740700800000
2025-02-28,European Union (EU),Dacia,YTD,M,92080,2025-02,1740700800000
2025-02-28,European Union (EU),Fiat,TTM,M,274067,2025-02,1740700800000
2025-02-28,European Union (EU),Fiat,UNITS,M,22259,2025-02,1740700800000
2025-02-28,European Union (EU),Fiat,YTD,M,44338,2025-02,1740700800000
2025-02-28,European Union (EU),Ford,TTM,M,311223,2025-02,1740700800000
2025-02-28,European Union (EU),Ford,UNITS,M,26284,2025-02,1740700800000
2025-02-28,European Union (EU),Ford,YTD,M,50901,2025-02,1740700800000
2025-02-28,European Union (EU),Honda,TTM,M,42377,2025-02,1740700800000
2025-02-28,European Union (EU),Honda,UNITS,M,3687,2025-02,1740700800000
2025-02-28,European Union (EU),Honda,YTD,M,8530,2025-02,1740700800000
2025-02-28,European Union (EU),Hyundai,TTM,M,422354,2025-02,1740700800000
2025-02-28,European Union (EU),Hyundai,UNITS,M,31954,2025-02,1740700800000
2025-02-28,European Union (EU),Hyundai,YTD,M,66181,2025-02,1740700800000
2025-02-28,European Union (EU),Hyundai Group,TTM,M,827183,2025-02,1740700800000
2025-02-28,European Union (EU),Hyundai Group,UNITS,M,62899,2025-02,1740700800000
2025-02-28,European Union (EU),Hyundai Group,YTD,M,127315,2025-02,1740700800000
2025-02-28,European Union (EU),Jaguar,TTM,M,5237,2025-02,1740700800000
2025-02-28,European Union (EU),Jaguar,UNITS,M,273,2025-02,1740700800000
2025-02-28,European Union (EU),Jaguar,YTD,M,443,2025-02,1740700800000
2025-02-28,European Union (EU),Jaguar Land Rover Group,TTM,M,63121,2025-02,1740700800000
2025-02-28,European Union (EU),Jaguar Land Rover Group,UNITS,M,5154,2025-02,1740700800000
2025-02-28,European Union (EU),Jaguar Land Rover Group,YTD,M,9729,2025-02,1740700800000
2025-02-28,European Union (EU),Jeep,TTM,M,120223,2025-02,1740700800000
2025-02-28,European Union (EU),Jeep,UNITS,M,10727,2025-02,1740700800000
2025-02-28,European Union (EU),Jeep,YTD,M,20662,2025-02,1740700800000
2025-02-28,European Union (EU),Kia,TTM,M,404829,2025-02,1740700800000
2025-02-28,European Union (EU),Kia,UNITS,M,30945,2025-02,1740700800000
2025-02-28,European Union (EU),Kia,YTD,M,61134,2025-02,1740700800000
2025-02-28,European Union (EU),Lancia/Chrysler,TTM,M,27822,2025-02,1740700800000
2025-02-28,European Union (EU),Lancia/Chrysler,UNITS,M,1155,2025-02,1740700800000
2025-02-28,European Union (EU),Lancia/Chrysler,YTD,M,2207,2025-02,1740700800000
2025-02-28,European Union (EU),Land Rover,TTM,M,57884,2025-02,1740700800000
2025-02-28,European Union (EU),Land Rover,UNITS,M,4881,2025-02,1740700800000
2025-02-28,European Union (EU),Land Rover,YTD,M,9286,2025-02,1740700800000
2025-02-28,European Union (EU),Lexus,TTM,M,70103,2025-02,1740700800000
2025-02-28,European Union (EU),Lexus,UNITS,M,4960,2025-02,1740700800000
2025-02-28,European Union (EU),Lexus,YTD,M,11192,2025-02,1740700800000
2025-02-28,European Union (EU),Mazda,TTM,M,137521,2025-02,1740700800000
2025-02-28,European Union (EU),Mazda,UNITS,M,9715,2025-02,1740700800000
2025-02-28,European Union (EU),Mazda,YTD,M,17642,2025-02,1740700800000
2025-02-28,European Union (EU),Mercedes,TTM,M,578573,2025-02,1740700800000
2025-02-28,European Union (EU),Mercedes,UNITS,M,40660,2025-02,1740700800000
2025-02-28,European Union (EU),Mercedes,YTD,M,75334,2025-02,1740700800000
2025-02-28,European Union (EU),Mercedes-Benz,TTM,M,582969,2025-02,1740700800000
2025-02-28,European Union (EU),Mercedes-Benz,UNITS,M,41431,2025-02,1740700800000
2025-02-28,European Union (EU),Mercedes-Benz,YTD,M,76165,2025-02,1740700800000
2025-02-28,European Union (EU),Mini,TTM,M,102063,2025-02,1740700800000
2025-02-28,European Union (EU),Mini,UNITS,M,9651,2025-02,1740700800000
2025-02-28,European Union (EU),Mini,YTD,M,16809,2025-02,1740700800000
2025-02-28,European Union (EU),Mitsubishi,TTM,M,62356,2025-02,1740700800000
2025-02-28,European Union (EU),Mitsubishi,UNITS,M,3381,2025-02,1740700800000
2025-02-28,European Union (EU),Mitsubishi,YTD,M,6757,2025-02,1740700800000
2025-02-28,European Union (EU),Nissan,TTM,M,211015,2025-02,1740700800000
2025-02-28,European Union (EU),Nissan,UNITS,M,17938,2025-02,1740700800000
2025-02-28,European Union (EU),Nissan,YTD,M,35228,2025-02,1740700800000
2025-02-28,European Union (EU),Opel/Vauxhall,TTM,M,319305,2025-02,1740700800000
2025-02-28,European Union (EU),Opel/Vauxhall,UNITS,M,20986,2025-02,1740700800000
2025-02-28,European Union (EU),Opel/Vauxhall,YTD,M,41999,2025-02,1740700800000
2025-02-28,European Union (EU),Peugeot,TTM,M,568354,2025-02,1740700800000
2025-02-28,European Union (EU),Peugeot,UNITS,M,51106,2025-02,1740700800000
2025-02-28,European Union (EU),Peugeot,YTD,M,97750,2025-02,1740700800000
2025-02-28,European Union (EU),Porsche,TTM,M,76679,2025-02,1740700800000
2025-02-28,European Union (EU),Porsche,UNITS,M,5224,2025-02,1740700800000
2025-02-28,European Union (EU),Porsche,YTD,M,11587,2025-02,1740700800000
2025-02-28,European Union (EU),Renault,TTM,M,653319,2025-02,1740700800000
2025-02-28,European Union (EU),Renault,UNITS,M,55418,2025-02,1740700800000
2025-02-28,European Union (EU),Renault,YTD,M,99189,2025-02,1740700800000
2025-02-28,European Union (EU),Renault Group,TTM,M,1195240,2025-02,1740700800000
2025-02-28,European Union (EU),Renault Group,UNITS,M,102068,2025-02,1740700800000
2025-02-28,European Union (EU),Renault Group,YTD,M,192430,2025-02,1740700800000
2025-02-28,European Union (EU),SAIC Motor,TTM,M,170884,2025-02,1740700800000
2025-02-28,European Union (EU),SAIC Motor,UNITS,M,16272,2025-02,1740700800000
2025-02-28,European Union (EU),SAIC Motor,YTD,M,33563,2025-02,1740700800000
2025-02-28,European Union (EU),Seat,TTM,M,217876,2025-02,1740700800000
2025-02-28,European Union (EU),Seat,UNITS,M,15879,2025-02,1740700800000
2025-02-28,European Union (EU),Seat,YTD,M,30822,2025-02,1740700800000
2025-02-28,European Union (EU),Skoda,TTM,M,654704,2025-02,1740700800000
2025-02-28,European Union (EU),Skoda,UNITS,M,49730,2025-02,1740700800000
2025-02-28,European Union (EU),Skoda,YTD,M,102279,2025-02,1740700800000
2025-02-28,European Union (EU),Smart,TTM,M,11499,2025-02,1740700800000
2025-02-28,European Union (EU),Smart,UNITS,M,771,2025-02,1740700800000
2025-02-28,European Union (EU),Smart,YTD,M,831,2025-02,1740700800000
2025-02-28,European Union (EU),Stellantis,TTM,M,1721354,2025-02,1740700800000
2025-02-28,European Union (EU),Stellantis,UNITS,M,144205,2025-02,1740700800000
2025-02-28,European Union (EU),Stellantis,YTD,M,277711,2025-02,1740700800000
2025-02-28,European Union (EU),Suzuki,TTM,M,172602,2025-02,1740700800000
2025-02-28,European Union (EU),Suzuki,UNITS,M,14256,2025-02,1740700800000
2025-02-28,European Union (EU),Suzuki,YTD,M,26651,2025-02,1740700800000
2025-02-28,European Union (EU),Tesla,TTM,M,241308,2025-02,1740700800000
2025-02-28,European Union (EU),Tesla,UNITS,M,11743,2025-02,1740700800000
2025-02-28,European Union (EU),Tesla,YTD,M,19260,2025-02,1740700800000
2025-02-28,European Union (EU),Toyota,TTM,M,854323,2025-02,1740700800000
2025-02-28,European Union (EU),Toyota,UNITS,M,60728,2025-02,1740700800000
2025-02-28,European Union (EU),Toyota,YTD,M,126523,2025-02,1740700800000
2025-02-28,European Union (EU),Toyota Group,TTM,M,924426,2025-02,1740700800000
2025-02-28,European Union (EU),Toyota Group,UNITS,M,65688,2025-02,1740700800000
2025-02-28,European Union (EU),Toyota Group,YTD,M,137715,2025-02,1740700800000
2025-02-28,European Union (EU),Volkswagen,TTM,M,1182303,2025-02,1740700800000
2025-02-28,European Union (EU),Volkswagen,UNITS,M,92826,2025-02,1740700800000
2025-02-28,European Union (EU),Volkswagen,YTD,M,188801,2025-02,1740700800000
2025-02-28,European Union (EU),Volkswagen Group,TTM,M,2850158,2025-02,1740700800000
2025-02-28,European Union (EU),Volkswagen Group,UNITS,M,223532,2025-02,1740700800000
2025-02-28,European Union (EU),Volkswagen Group,YTD,M,453430,2025-02,1740700800000
2025-02-28,European Union (EU),Volvo Cars,TTM,M,279236,2025-02,1740700800000
2025-02-28,European Union (EU),Volvo Cars,UNITS,M,19522,2025-02,1740700800000
2025-02-28,European Union (EU),Volvo Cars,YTD,M,39398,2025-02,1740700800000
2025-03-31,EU + EFTA + UK,Alfa Romeo,TTM,M,50517,2025-03,1743379200000
2025-03-31,EU + EFTA + UK,Alfa Romeo,UNITS,M,7306,2025-03,1743379200000
2025-03-31,EU + EFTA + UK,Alfa Romeo,YTD,M,17092,2025-03,1743379200000
2025-03-31,EU + EFTA + UK,Alpine,TTM,M,5347,2025-03,1743379200000
2025-03-31,EU + EFTA + UK,Alpine,UNITS,M,784,2025-03,1743379200000
2025-03-31,EU + EFTA + UK,Alpine,YTD,M,1999,2025-03,1743379200000
2025-03-31,EU + EFTA + UK,Audi,TTM,M,677243,2025-03,1743379200000
2025-03-31,EU + EFTA + UK,Audi,UNITS,M,66062,2025-03,1743379200000
2025-03-31,EU + EFTA + UK,Audi,YTD,M,161875,2025-03,1743379200000
2025-03-31,EU + EFTA + UK,BMW,TTM,M,788333,2025-03,1743379200000
2025-03-31,EU + EFTA + UK,BMW,UNITS,M,80481,2025-03,1743379200000
2025-03-31,EU + EFTA + UK,BMW,YTD,M,195746,2025-03,1743379200000
2025-03-31,EU + EFTA + UK,BMW Group,TTM,M,933136,2025-03,1743379200000
2025-03-31,EU + EFTA + UK,BMW Group,UNITS,M,96532,2025-03,1743379200000
2025-03-31,EU + EFTA + UK,BMW Group,YTD,M,236243,2025-03,1743379200000
2025-03-31,EU + EFTA + UK,BYD,TTM,M,58296,2025-03,1743379200000
2025-03-31,EU + EFTA + UK,BYD,UNITS,M,8395,2025-03,1743379200000
2025-03-31,EU + EFTA + UK,BYD,YTD,M,25185,2025-03,1743379200000
2025-03-31,EU + EFTA + UK,Citroen,TTM,M,351693,2025-03,1743379200000
2025-03-31,EU + EFTA + UK,Citroen,UNITS,M,34424,2025-03,1743379200000
2025-03-31,EU + EFTA + UK,Citroen,YTD,M,92629,2025-03,1743379200000
2025-03-31,EU + EFTA + UK,Cupra,TTM,M,247977,2025-03,1743379200000
2025-03-31,EU + EFTA + UK,Cupra,UNITS,M,32037,2025-03,1743379200000
2025-03-31,EU + EFTA + UK,Cupra,YTD,M,73289,2025-03,1743379200000
2025-03-31,EU + EFTA + UK,DS,TTM,M,34998,2025-03,1743379200000
2025-03-31,EU + EFTA + UK,DS,UNITS,M,3110,2025-03,1743379200000
2025-03-31,EU + EFTA + UK,DS,YTD,M,8169,2025-03,1743379200000
2025-03-31,EU + EFTA + UK,Dacia,TTM,M,601917,2025-03,1743379200000
2025-03-31,EU + EFTA + UK,Dacia,UNITS,M,56841,2025-03,1743379200000
2025-03-31,EU + EFTA + UK,Dacia,YTD,M,153397,2025-03,1743379200000
2025-03-31,EU + EFTA + UK,Fiat,TTM,M,294661,2025-03,1743379200000
2025-03-31,EU + EFTA + UK,Fiat,UNITS,M,31128,2025-03,1743379200000
2025-03-31,EU + EFTA + UK,Fiat,YTD,M,77716,2025-03,1743379200000
2025-03-31,EU + EFTA + UK,Ford,TTM,M,419613,2025-03,1743379200000
2025-03-31,EU + EFTA + UK,Ford,UNITS,M,52217,2025-03,1743379200000
2025-03-31,EU + EFTA + UK,Ford,YTD,M,114643,2025-03,1743379200000
2025-03-31,EU + EFTA + UK,Honda,TTM,M,70651,2025-03,1743379200000
2025-03-31,EU + EFTA + UK,Honda,UNITS,M,10746,2025-03,1743379200000
2025-03-31,EU + EFTA + UK,Honda,YTD,M,21075,2025-03,1743379200000
2025-03-31,EU + EFTA + UK,Hyundai,TTM,M,543125,2025-03,1743379200000
2025-03-31,EU + EFTA + UK,Hyundai,UNITS,M,50128,2025-03,1743379200000
2025-03-31,EU + EFTA + UK,Hyundai,YTD,M,128873,2025-03,1743379200000
2025-03-31,EU + EFTA + UK,Hyundai Group,TTM,M,1076500,2025-03,1743379200000
2025-03-31,EU + EFTA + UK,Hyundai Group,UNITS,M,110714,2025-03,1743379200000
2025-03-31,EU + EFTA + UK,Hyundai Group,YTD,M,267305,2025-03,1743379200000
2025-03-31,EU + EFTA + UK,Jaguar,TTM,M,16357,2025-03,1743379200000
2025-03-31,EU + EFTA + UK,Jaguar,UNITS,M,1128,2025-03,1743379200000
2025-03-31,EU + EFTA + UK,Jaguar,YTD,M,2603,2025-03,1743379200000
2025-03-31,EU + EFTA + UK,Jaguar Land Rover Group,TTM,M,148315,2025-03,1743379200000
2025-03-31,EU + EFTA + UK,Jaguar Land Rover Group,UNITS,M,22550,2025-03,1743379200000
2025-03-31,EU + EFTA + UK,Jaguar Land Rover Group,YTD,M,41384,2025-03,1743379200000
2025-03-31,EU + EFTA + UK,Jeep,TTM,M,134291,2025-03,1743379200000
2025-03-31,EU + EFTA + UK,Jeep,UNITS,M,15493,2025-03,1743379200000
2025-03-31,EU + EFTA + UK,Jeep,YTD,M,37861,2025-03,1743379200000
2025-03-31,EU + EFTA + UK,Kia,TTM,M,533375,2025-03,1743379200000
2025-03-31,EU + EFTA + UK,Kia,UNITS,M,60586,2025-03,1743379200000
2025-03-31,EU + EFTA + UK,Kia,YTD,M,138432,2025-03,1743379200000
2025-03-31,EU + EFTA + UK,Lancia/Chrysler,TTM,M,26405,2025-03,1743379200000
2025-03-31,EU + EFTA + UK,Lancia/Chrysler,UNITS,M,1319,2025-03,1743379200000
2025-03-31,EU + EFTA + UK,Lancia/Chrysler,YTD,M,3526,2025-03,1743379200000
2025-03-31,EU + EFTA + UK,Land Rover,TTM,M,131958,2025-03,1743379200000
2025-03-31,EU + EFTA + UK,Land Rover,UNITS,M,21422,2025-03,1743379200000
2025-03-31,EU + EFTA + UK,Land Rover,YTD,M,38781,2025-03,1743379200000
2025-03-31,EU + EFTA + UK,Lexus,TTM,M,80413,2025-03,1743379200000
2025-03-31,EU + EFTA + UK,Lexus,UNITS,M,7977,2025-03,1743379200000
2025-03-31,EU + EFTA + UK,Lexus,YTD,M,21218,2025-03,1743379200000
2025-03-31,EU + EFTA + UK,Mazda,TTM,M,167915,2025-03,1743379200000
2025-03-31,EU + EFTA + UK,Mazda,UNITS,M,21323,2025-03,1743379200000
2025-03-31,EU + EFTA + UK,Mazda,YTD,M,43900,2025-03,1743379200000
2025-03-31,EU + EFTA + UK,Mercedes,TTM,M,702680,2025-03,1743379200000
2025-03-31,EU + EFTA + UK,Mercedes,UNITS,M,74484,2025-03,1743379200000
2025-03-31,EU + EFTA + UK,Mercedes,YTD,M,162536,2025-03,1743379200000
2025-03-31,EU + EFTA + UK,Mercedes-Benz,TTM,M,685734,2025-03,1743379200000
2025-03-31,EU + EFTA + UK,Mercedes-Benz,UNITS,M,75473,2025-03,1743379200000
2025-03-31,EU + EFTA + UK,Mercedes-Benz,YTD,M,164444,2025-03,1743379200000
2025-03-31,EU + EFTA + UK,Mini,TTM,M,144803,2025-03,1743379200000
2025-03-31,EU + EFTA + UK,Mini,UNITS,M,16051,2025-03,1743379200000
2025-03-31,EU + EFTA + UK,Mini,YTD,M,40497,2025-03,1743379200000
2025-03-31,EU + EFTA + UK,Mitsubishi,TTM,M,50951,2025-03,1743379200000
2025-03-31,EU + EFTA + UK,Mitsubishi,UNITS,M,5596,2025-03,1743379200000
2025-03-31,EU + EFTA + UK,Mitsubishi,YTD,M,12536,2025-03,1743379200000
2025-03-31,EU + EFTA + UK,Nissan,TTM,M,305682,2025-03,1743379200000
2025-03-31,EU + EFTA + UK,Nissan,UNITS,M,50839,2025-03,1743379200000
2025-03-31,EU + EFTA + UK,Nissan,YTD,M,98991,2025-03,1743379200000
2025-03-31,EU + EFTA + UK,Opel/Vauxhall,TTM,M,397563,2025-03,1743379200000
2025-03-31,EU + EFTA + UK,Opel/Vauxhall,UNITS,M,44145,2025-03,1743379200000
2025-03-31,EU + EFTA + UK,Opel/Vauxhall,YTD,M,97767,2025-03,1743379200000
2025-03-31,EU + EFTA + UK,Peugeot,TTM,M,654856,2025-03,1743379200000
2025-03-31,EU + EFTA + UK,Peugeot,UNITS,M,77803,2025-03,1743379200000
2025-03-31,EU + EFTA + UK,Peugeot,YTD,M,189264,2025-03,1743379200000
2025-03-31,EU + EFTA + UK,Porsche,TTM,M,101356,2025-03,1743379200000
2025-03-31,EU + EFTA + UK,Porsche,UNITS,M,11059,2025-03,1743379200000
2025-03-31,EU + EFTA + UK,Porsche,YTD,M,25446,2025-03,1743379200000
2025-03-31,EU + EFTA + UK,Renault,TTM,M,727872,2025-03,1743379200000
2025-03-31,EU + EFTA + UK,Renault,UNITS,M,82020,2025-03,1743379200000
2025-03-31,EU + EFTA + UK,Renault,YTD,M,189293,2025-03,1743379200000
2025-03-31,EU + EFTA + UK,Renault Group,TTM,M,1335136,2025-03,1743379200000
2025-03-31,EU + EFTA + UK,Renault Group,UNITS,M,139645,2025-03,1743379200000
2025-03-31,EU + EFTA + UK,Renault Group,YTD,M,344689,2025-03,1743379200000
2025-03-31,EU + EFTA + UK,SAIC Motor,TTM,M,278326,2025-03,1743379200000
2025-03-31,EU + EFTA + UK,SAIC Motor,UNITS,M,38930,2025-03,1743379200000
2025-03-31,EU + EFTA + UK,SAIC Motor,YTD,M,81851,2025-03,1743379200000
2025-03-31,EU + EFTA + UK,Seat,TTM,M,260919,2025-03,1743379200000
2025-03-31,EU + EFTA + UK,Seat,UNITS,M,23796,2025-03,1743379200000
2025-03-31,EU + EFTA + UK,Seat,YTD,M,57955,2025-03,1743379200000
2025-03-31,EU + EFTA + UK,Skoda,TTM,M,769746,2025-03,1743379200000
2025-03-31,EU + EFTA + UK,Skoda,UNITS,M,77287,2025-03,1743379200000
2025-03-31,EU + EFTA + UK,Skoda,YTD,M,192076,2025-03,1743379200000
2025-03-31,EU + EFTA + UK,Smart,TTM,M,26403,2025-03,1743379200000
2025-03-31,EU + EFTA + UK,Smart,UNITS,M,989,2025-03,1743379200000
2025-03-31,EU + EFTA + UK,Smart,YTD,M,1908,2025-03,1743379200000
2025-03-31,EU + EFTA + UK,Stellantis,TTM,M,1950751,2025-03,1743379200000
2025-03-31,EU + EFTA + UK,Stellantis,UNITS,M,215190,2025-03,1743379200000
2025-03-31,EU + EFTA + UK,Stellantis,YTD,M,525239,2025-03,1743379200000
2025-03-31,EU + EFTA + UK,Suzuki,TTM,M,194376,2025-03,1743379200000
2025-03-31,EU + EFTA + UK,Suzuki,UNITS,M,19769,2025-03,1743379200000
2025-03-31,EU + EFTA + UK,Suzuki,YTD,M,49585,2025-03,1743379200000
2025-03-31,EU + EFTA + UK,Tesla,TTM,M,261614,2025-03,1743379200000
2025-03-31,EU + EFTA + UK,Tesla,UNITS,M,28502,2025-03,1743379200000
2025-03-31,EU + EFTA + UK,Tesla,YTD,M,55335,2025-03,1743379200000
2025-03-31,EU + EFTA + UK,Toyota,TTM,M,925407,2025-03,1743379200000
2025-03-31,EU + EFTA + UK,Toyota,UNITS,M,90507,2025-03,1743379200000
2025-03-31,EU + EFTA + UK,Toyota,YTD,M,228641,2025-03,1743379200000
2025-03-31,EU + EFTA + UK,Toyota Group,TTM,M,1005820,2025-03,1743379200000
2025-03-31,EU + EFTA + UK,Toyota Group,UNITS,M,98484,2025-03,1743379200000
2025-03-31,EU + EFTA + UK,Toyota Group,YTD,M,249859,2025-03,1743379200000
2025-03-31,EU + EFTA + UK,Volkswagen,TTM,M,1428949,2025-03,1743379200000
2025-03-31,EU + EFTA + UK,Volkswagen,UNITS,M,146958,2025-03,1743379200000
2025-03-31,EU + EFTA + UK,Volkswagen,YTD,M,363483,2025-03,1743379200000
2025-03-31,EU + EFTA + UK,Volkswagen Group,TTM,M,3495005,2025-03,1743379200000
2025-03-31,EU + EFTA + UK,Volkswagen Group,UNITS,M,358210,2025-03,1743379200000
2025-03-31,EU + EFTA + UK,Volkswagen Group,YTD,M,876492,2025-03,1743379200000
2025-03-31,EU + EFTA + UK,Volvo Cars,TTM,M,371786,2025-03,1743379200000
2025-03-31,EU + EFTA + UK,Volvo Cars,UNITS,M,35752,2025-03,1743379200000
2025-03-31,EU + EFTA + UK,Volvo Cars,YTD,M,84449,2025-03,1743379200000
2025-03-31,European Union (EU),Alfa Romeo,TTM,M,47161,2025-03,1743379200000
2025-03-31,European Union (EU),Alfa Romeo,UNITS,M,6593,2025-03,1743379200000
2025-03-31,European Union (EU),Alfa Romeo,YTD,M,16101,2025-03,1743379200000
2025-03-31,European Union (EU),Alpine,TTM,M,4906,2025-03,1743379200000
2025-03-31,European Union (EU),Alpine,UNITS,M,741,2025-03,1743379200000
2025-03-31,European Union (EU),Alpine,YTD,M,1902,2025-03,1743379200000
2025-03-31,European Union (EU),Audi,TTM,M,518752,2025-03,1743379200000
2025-03-31,European Union (EU),Audi,UNITS,M,46410,2025-03,1743379200000
2025-03-31,European Union (EU),Audi,YTD,M,128795,2025-03,1743379200000
2025-03-31,European Union (EU),BMW,TTM,M,624789,2025-03,1743379200000
2025-03-31,European Union (EU),BMW,UNITS,M,56444,2025-03,1743379200000
2025-03-31,European Union (EU),BMW,YTD,M,153399,2025-03,1743379200000
2025-03-31,European Union (EU),BMW Group,TTM,M,726482,2025-03,1743379200000
2025-03-31,European Union (EU),BMW Group,UNITS,M,65873,2025-03,1743379200000
2025-03-31,European Union (EU),BMW Group,YTD,M,179636,2025-03,1743379200000
2025-03-31,European Union (EU),BYD,TTM,M,46058,2025-03,1743379200000
2025-03-31,European Union (EU),BYD,UNITS,M,6741,2025-03,1743379200000
2025-03-31,European Union (EU),BYD,YTD,M,20223,2025-03,1743379200000
2025-03-31,European Union (EU),Citroen,TTM,M,318100,2025-03,1743379200000
2025-03-31,European Union (EU),Citroen,UNITS,M,31879,2025-03,1743379200000
2025-03-31,European Union (EU),Citroen,YTD,M,87535,2025-03,1743379200000
2025-03-31,European Union (EU),Cupra,TTM,M,204347,2025-03,1743379200000
2025-03-31,European Union (EU),Cupra,UNITS,M,24747,2025-03,1743379200000
2025-03-31,European Union (EU),Cupra,YTD,M,61244,2025-03,1743379200000
2025-03-31,European Union (EU),DS,TTM,M,33798,2025-03,1743379200000
2025-03-31,European Union (EU),DS,UNITS,M,3020,2025-03,1743379200000
2025-03-31,European Union (EU),DS,YTD,M,7912,2025-03,1743379200000
2025-03-31,European Union (EU),Dacia,TTM,M,540245,2025-03,1743379200000
2025-03-31,European Union (EU),Dacia,UNITS,M,50056,2025-03,1743379200000
2025-03-31,European Union (EU),Dacia,YTD,M,142136,2025-03,1743379200000
2025-03-31,European Union (EU),Fiat,TTM,M,269308,2025-03,1743379200000
2025-03-31,European Union (EU),Fiat,UNITS,M,28847,2025-03,1743379200000
2025-03-31,European Union (EU),Fiat,YTD,M,73185,2025-03,1743379200000
2025-03-31,European Union (EU),Ford,TTM,M,309423,2025-03,1743379200000
2025-03-31,European Union (EU),Ford,UNITS,M,28702,2025-03,1743379200000
2025-03-31,European Union (EU),Ford,YTD,M,79603,2025-03,1743379200000
2025-03-31,European Union (EU),Honda,TTM,M,42735,2025-03,1743379200000
2025-03-31,European Union (EU),Honda,UNITS,M,4580,2025-03,1743379200000
2025-03-31,European Union (EU),Honda,YTD,M,13110,2025-03,1743379200000
2025-03-31,European Union (EU),Hyundai,TTM,M,418367,2025-03,1743379200000
2025-03-31,European Union (EU),Hyundai,UNITS,M,34237,2025-03,1743379200000
2025-03-31,European Union (EU),Hyundai,YTD,M,100418,2025-03,1743379200000
2025-03-31,European Union (EU),Hyundai Group,TTM,M,822594,2025-03,1743379200000
2025-03-31,European Union (EU),Hyundai Group,UNITS,M,73665,2025-03,1743379200000
2025-03-31,European Union (EU),Hyundai Group,YTD,M,200980,2025-03,1743379200000
2025-03-31,European Union (EU),Jaguar,TTM,M,4778,2025-03,1743379200000
2025-03-31,European Union (EU),Jaguar,UNITS,M,337,2025-03,1743379200000
2025-03-31,European Union (EU),Jaguar,YTD,M,780,2025-03,1743379200000
2025-03-31,European Union (EU),Jaguar Land Rover Group,TTM,M,63007,2025-03,1743379200000
2025-03-31,European Union (EU),Jaguar Land Rover Group,UNITS,M,5958,2025-03,1743379200000
2025-03-31,European Union (EU),Jaguar Land Rover Group,YTD,M,15687,2025-03,1743379200000
2025-03-31,European Union (EU),Jeep,TTM,M,121191,2025-03,1743379200000
2025-03-31,European Union (EU),Jeep,UNITS,M,12830,2025-03,1743379200000
2025-03-31,European Union (EU),Jeep,YTD,M,33492,2025-03,1743379200000
2025-03-31,European Union (EU),Kia,TTM,M,404227,2025-03,1743379200000
2025-03-31,European Union (EU),Kia,UNITS,M,39428,2025-03,1743379200000
2025-03-31,European Union (EU),Kia,YTD,M,100562,2025-03,1743379200000
2025-03-31,European Union (EU),Lancia/Chrysler,TTM,M,24244,2025-03,1743379200000
2025-03-31,European Union (EU),Lancia/Chrysler,UNITS,M,1312,2025-03,1743379200000
2025-03-31,European Union (EU),Lancia/Chrysler,YTD,M,3519,2025-03,1743379200000
2025-03-31,European Union (EU),Land Rover,TTM,M,58229,2025-03,1743379200000
2025-03-31,European Union (EU),Land Rover,UNITS,M,5621,2025-03,1743379200000
2025-03-31,European Union (EU),Land Rover,YTD,M,14907,2025-03,1743379200000
2025-03-31,European Union (EU),Lexus,TTM,M,71018,2025-03,1743379200000
2025-03-31,European Union (EU),Lexus,UNITS,M,7769,2025-03,1743379200000
2025-03-31,European Union (EU),Lexus,YTD,M,18961,2025-03,1743379200000
2025-03-31,European Union (EU),Mazda,TTM,M,136326,2025-03,1743379200000
2025-03-31,European Union (EU),Mazda,UNITS,M,13860,2025-03,1743379200000
2025-03-31,European Union (EU),Mazda,YTD,M,31502,2025-03,1743379200000
2025-03-31,European Union (EU),Mercedes,TTM,M,575864,2025-03,1743379200000
2025-03-31,European Union (EU),Mercedes,UNITS,M,54707,2025-03,1743379200000
2025-03-31,European Union (EU),Mercedes,YTD,M,130041,2025-03,1743379200000
2025-03-31,European Union (EU),Mercedes-Benz,TTM,M,578418,2025-03,1743379200000
2025-03-31,European Union (EU),Mercedes-Benz,UNITS,M,55263,2025-03,1743379200000
2025-03-31,European Union (EU),Mercedes-Benz,YTD,M,131428,2025-03,1743379200000
2025-03-31,European Union (EU),Mini,TTM,M,101694,2025-03,1743379200000
2025-03-31,European Union (EU),Mini,UNITS,M,9429,2025-03,1743379200000
2025-03-31,European Union (EU),Mini,YTD,M,26238,2025-03,1743379200000
2025-03-31,European Union (EU),Mitsubishi,TTM,M,56225,2025-03,1743379200000
2025-03-31,European Union (EU),Mitsubishi,UNITS,M,5086,2025-03,1743379200000
2025-03-31,European Union (EU),Mitsubishi,YTD,M,11843,2025-03,1743379200000
2025-03-31,European Union (EU),Nissan,TTM,M,213192,2025-03,1743379200000
2025-03-31,European Union (EU),Nissan,UNITS,M,32350,2025-03,1743379200000
2025-03-31,European Union (EU),Nissan,YTD,M,67578,2025-03,1743379200000
2025-03-31,European Union (EU),Opel/Vauxhall,TTM,M,314135,2025-03,1743379200000
2025-03-31,European Union (EU),Opel/Vauxhall,UNITS,M,27342,2025-03,1743379200000
2025-03-31,European Union (EU),Opel/Vauxhall,YTD,M,69341,2025-03,1743379200000
2025-03-31,European Union (EU),Peugeot,TTM,M,572855,2025-03,1743379200000
2025-03-31,European Union (EU),Peugeot,UNITS,M,60876,2025-03,1743379200000
2025-03-31,European Union (EU),Peugeot,YTD,M,158626,2025-03,1743379200000
2025-03-31,European Union (EU),Porsche,TTM,M,74665,2025-03,1743379200000
2025-03-31,European Union (EU),Porsche,UNITS,M,6905,2025-03,1743379200000
2025-03-31,European Union (EU),Porsche,YTD,M,18492,2025-03,1743379200000
2025-03-31,European Union (EU),Renault,TTM,M,662603,2025-03,1743379200000
2025-03-31,European Union (EU),Renault,UNITS,M,69927,2025-03,1743379200000
2025-03-31,European Union (EU),Renault,YTD,M,169116,2025-03,1743379200000
2025-03-31,European Union (EU),Renault Group,TTM,M,1207754,2025-03,1743379200000
2025-03-31,European Union (EU),Renault Group,UNITS,M,120724,2025-03,1743379200000
2025-03-31,European Union (EU),Renault Group,YTD,M,313154,2025-03,1743379200000
2025-03-31,European Union (EU),SAIC Motor,TTM,M,180394,2025-03,1743379200000
2025-03-31,European Union (EU),SAIC Motor,UNITS,M,22296,2025-03,1743379200000
2025-03-31,European Union (EU),SAIC Motor,YTD,M,55859,2025-03,1743379200000
2025-03-31,European Union (EU),Seat,TTM,M,215264,2025-03,1743379200000
2025-03-31,European Union (EU),Seat,UNITS,M,19549,2025-03,1743379200000
2025-03-31,European Union (EU),Seat,YTD,M,50371,2025-03,1743379200000
2025-03-31,European Union (EU),Skoda,TTM,M,661484,2025-03,1743379200000
2025-03-31,European Union (EU),Skoda,UNITS,M,61415,2025-03,1743379200000
2025-03-31,European Union (EU),Skoda,YTD,M,163694,2025-03,1743379200000
2025-03-31,European Union (EU),Smart,TTM,M,9657,2025-03,1743379200000
2025-03-31,European Union (EU),Smart,UNITS,M,556,2025-03,1743379200000
2025-03-31,European Union (EU),Smart,YTD,M,1387,2025-03,1743379200000
2025-03-31,European Union (EU),Stellantis,TTM,M,1705405,2025-03,1743379200000
2025-03-31,European Union (EU),Stellantis,UNITS,M,173080,2025-03,1743379200000
2025-03-31,European Union (EU),Stellantis,YTD,M,450791,2025-03,1743379200000
2025-03-31,European Union (EU),Suzuki,TTM,M,169680,2025-03,1743379200000
2025-03-31,European Union (EU),Suzuki,UNITS,M,15822,2025-03,1743379200000
2025-03-31,European Union (EU),Suzuki,YTD,M,42473,2025-03,1743379200000
2025-03-31,European Union (EU),Tesla,TTM,M,231069,2025-03,1743379200000
2025-03-31,European Union (EU),Tesla,UNITS,M,18224,2025-03,1743379200000
2025-03-31,European Union (EU),Tesla,YTD,M,37484,2025-03,1743379200000
2025-03-31,European Union (EU),Toyota,TTM,M,849996,2025-03,1743379200000
2025-03-31,European Union (EU),Toyota,UNITS,M,88241,2025-03,1743379200000
2025-03-31,European Union (EU),Toyota,YTD,M,214764,2025-03,1743379200000
2025-03-31,European Union (EU),Toyota Group,TTM,M,921014,2025-03,1743379200000
2025-03-31,European Union (EU),Toyota Group,UNITS,M,96010,2025-03,1743379200000
2025-03-31,European Union (EU),Toyota Group,YTD,M,233725,2025-03,1743379200000
2025-03-31,European Union (EU),Volkswagen,TTM,M,1189250,2025-03,1743379200000
2025-03-31,European Union (EU),Volkswagen,UNITS,M,111673,2025-03,1743379200000
2025-03-31,European Union (EU),Volkswagen,YTD,M,300474,2025-03,1743379200000
2025-03-31,European Union (EU),Volkswagen Group,TTM,M,2869818,2025-03,1743379200000
2025-03-31,European Union (EU),Volkswagen Group,UNITS,M,271382,2025-03,1743379200000
2025-03-31,European Union (EU),Volkswagen Group,YTD,M,724812,2025-03,1743379200000
2025-03-31,European Union (EU),Volvo Cars,TTM,M,271504,2025-03,1743379200000
2025-03-31,European Union (EU),Volvo Cars,UNITS,M,21936,2025-03,1743379200000
2025-03-31,European Union (EU),Volvo Cars,YTD,M,61334,2025-03,1743379200000
2025-04-30,EU + EFTA + UK,Alfa Romeo,TTM,M,52230,2025-04,1745971200000
2025-04-30,EU + EFTA + UK,Alfa Romeo,UNITS,M,5971,2025-04,1745971200000
2025-04-30,EU + EFTA + UK,Alfa Romeo,YTD,M,23063,2025-04,1745971200000
2025-04-30,EU + EFTA + UK,Alpine,TTM,M,5909,2025-04,1745971200000
2025-04-30,EU + EFTA + UK,Alpine,UNITS,M,959,2025-04,1745971200000
2025-04-30,EU + EFTA + UK,Alpine,YTD,M,2958,2025-04,1745971200000
2025-04-30,EU + EFTA + UK,Audi,TTM,M,674512,2025-04,1745971200000
2025-04-30,EU + EFTA + UK,Audi,UNITS,M,53429,2025-04,1745971200000
2025-04-30,EU + EFTA + UK,Audi,YTD,M,215304,2025-04,1745971200000
2025-04-30,EU + EFTA + UK,BMW,TTM,M,790489,2025-04,1745971200000
2025-04-30,EU + EFTA + UK,BMW,UNITS,M,67881,2025-04,1745971200000
2025-04-30,EU + EFTA + UK,BMW,YTD,M,263627,2025-04,1745971200000
2025-04-30,EU + EFTA + UK,BMW Group,TTM,M,938780,2025-04,1745971200000
2025-04-30,EU + EFTA + UK,BMW Group,UNITS,M,80629,2025-04,1745971200000
2025-04-30,EU + EFTA + UK,BMW Group,YTD,M,316872,2025-04,1745971200000
2025-04-30,EU + EFTA + UK,BYD,TTM,M,66691,2025-04,1745971200000
2025-04-30,EU + EFTA + UK,BYD,UNITS,M,8395,2025-04,1745971200000
2025-04-30,EU + EFTA + UK,BYD,YTD,M,33580,2025-04,1745971200000
2025-04-30,EU + EFTA + UK,Citroen,TTM,M,349729,2025-04,1745971200000
2025-04-30,EU + EFTA + UK,Citroen,UNITS,M,30952,2025-04,1745971200000
2025-04-30,EU + EFTA + UK,Citroen,YTD,M,123581,2025-04,1745971200000
2025-04-30,EU + EFTA + UK,Cupra,TTM,M,256175,2025-04,1745971200000
2025-04-30,EU + EFTA + UK,Cupra,UNITS,M,25928,2025-04,1745971200000
2025-04-30,EU + EFTA + UK,Cupra,YTD,M,99217,2025-04,1745971200000
2025-04-30,EU + EFTA + UK,DS,TTM,M,34465,2025-04,1745971200000
2025-04-30,EU + EFTA + UK,DS,UNITS,M,2716,2025-04,1745971200000
2025-04-30,EU + EFTA + UK,DS,YTD,M,10885,2025-04,1745971200000
2025-04-30,EU + EFTA + UK,Dacia,TTM,M,598635,2025-04,1745971200000
2025-04-30,EU + EFTA + UK,Dacia,UNITS,M,46871,2025-04,1745971200000
2025-04-30,EU + EFTA + UK,Dacia,YTD,M,200268,2025-04,1745971200000
2025-04-30,EU + EFTA + UK,Fiat,TTM,M,289321,2025-04,1745971200000
2025-04-30,EU + EFTA + UK,Fiat,UNITS,M,24346,2025-04,1745971200000
2025-04-30,EU + EFTA + UK,Fiat,YTD,M,102062,2025-04,1745971200000
2025-04-30,EU + EFTA + UK,Ford,TTM,M,418455,2025-04,1745971200000
2025-04-30,EU + EFTA + UK,Ford,UNITS,M,34923,2025-04,1745971200000
2025-04-30,EU + EFTA + UK,Ford,YTD,M,149566,2025-04,1745971200000
2025-04-30,EU + EFTA + UK,Honda,TTM,M,69970,2025-04,1745971200000
2025-04-30,EU + EFTA + UK,Honda,UNITS,M,5206,2025-04,1745971200000
2025-04-30,EU + EFTA + UK,Honda,YTD,M,26281,2025-04,1745971200000
2025-04-30,EU + EFTA + UK,Hyundai,TTM,M,541581,2025-04,1745971200000
2025-04-30,EU + EFTA + UK,Hyundai,UNITS,M,45227,2025-04,1745971200000
2025-04-30,EU + EFTA + UK,Hyundai,YTD,M,174100,2025-04,1745971200000
2025-04-30,EU + EFTA + UK,Hyundai Group,TTM,M,1074876,2025-04,1745971200000
2025-04-30,EU + EFTA + UK,Hyundai Group,UNITS,M,89890,2025-04,1745971200000
2025-04-30,EU + EFTA + UK,Hyundai Group,YTD,M,357195,2025-04,1745971200000
2025-04-30,EU + EFTA + UK,Jaguar,TTM,M,14445,2025-04,1745971200000
2025-04-30,EU + EFTA + UK,Jaguar,UNITS,M,49,2025-04,1745971200000
2025-04-30,EU + EFTA + UK,Jaguar,YTD,M,2652,2025-04,1745971200000
2025-04-30,EU + EFTA + UK,Jaguar Land Rover Group,TTM,M,145812,2025-04,1745971200000
2025-04-30,EU + EFTA + UK,Jaguar Land Rover Group,UNITS,M,9820,2025-04,1745971200000
2025-04-30,EU + EFTA + UK,Jaguar Land Rover Group,YTD,M,51204,2025-04,1745971200000
2025-04-30,EU + EFTA + UK,Jeep,TTM,M,136008,2025-04,1745971200000
2025-04-30,EU + EFTA + UK,Jeep,UNITS,M,11974,2025-04,1745971200000
2025-04-30,EU + EFTA + UK,Jeep,YTD,M,49835,2025-04,1745971200000
2025-04-30,EU + EFTA + UK,Kia,TTM,M,533295,2025-04,1745971200000
2025-04-30,EU + EFTA + UK,Kia,UNITS,M,44663,2025-04,1745971200000
2025-04-30,EU + EFTA + UK,Kia,YTD,M,183095,2025-04,1745971200000
2025-04-30,EU + EFTA + UK,Lancia/Chrysler,TTM,M,23922,2025-04,1745971200000
2025-04-30,EU + EFTA + UK,Lancia/Chrysler,UNITS,M,1337,2025-04,1745971200000
2025-04-30,EU + EFTA + UK,Lancia/Chrysler,YTD,M,4863,2025-04,1745971200000
2025-04-30,EU + EFTA + UK,Land Rover,TTM,M,131367,2025-04,1745971200000
2025-04-30,EU + EFTA + UK,Land Rover,UNITS,M,9771,2025-04,1745971200000
2025-04-30,EU + EFTA + UK,Land Rover,YTD,M,48552,2025-04,1745971200000
2025-04-30,EU + EFTA + UK,Lexus,TTM,M,80542,2025-04,1745971200000
2025-04-30,EU + EFTA + UK,Lexus,UNITS,M,6110,2025-04,1745971200000
2025-04-30,EU + EFTA + UK,Lexus,YTD,M,27328,2025-04,1745971200000
2025-04-30,EU + EFTA + UK,Mazda,TTM,M,164536,2025-04,1745971200000
2025-04-30,EU + EFTA + UK,Mazda,UNITS,M,10395,2025-04,1745971200000
2025-04-30,EU + EFTA + UK,Mazda,YTD,M,54295,2025-04,1745971200000
2025-04-30,EU + EFTA + UK,Mercedes,TTM,M,703694,2025-04,1745971200000
2025-04-30,EU + EFTA + UK,Mercedes,UNITS,M,52981,2025-04,1745971200000
2025-04-30,EU + EFTA + UK,Mercedes,YTD,M,215517,2025-04,1745971200000
2025-04-30,EU + EFTA + UK,Mercedes-Benz,TTM,M,684782,2025-04,1745971200000
2025-04-30,EU + EFTA + UK,Mercedes-Benz,UNITS,M,53747,2025-04,1745971200000
2025-04-30,EU + EFTA + UK,Mercedes-Benz,YTD,M,218191,2025-04,1745971200000
2025-04-30,EU + EFTA + UK,Mini,TTM,M,148291,2025-04,1745971200000
2025-04-30,EU + EFTA + UK,Mini,UNITS,M,12748,2025-04,1745971200000
2025-04-30,EU + EFTA + UK,Mini,YTD,M,53245,2025-04,1745971200000
2025-04-30,EU + EFTA + UK,Mitsubishi,TTM,M,51792,2025-04,1745971200000
2025-04-30,EU + EFTA + UK,Mitsubishi,UNITS,M,4650,2025-04,1745971200000
2025-04-30,EU + EFTA + UK,Mitsubishi,YTD,M,17186,2025-04,1745971200000
2025-04-30,EU + EFTA + UK,Nissan,TTM,M,303566,2025-04,1745971200000
2025-04-30,EU + EFTA + UK,Nissan,UNITS,M,19609,2025-04,1745971200000
2025-04-30,EU + EFTA + UK,Nissan,YTD,M,118600,2025-04,1745971200000
2025-04-30,EU + EFTA + UK,Opel/Vauxhall,TTM,M,398359,2025-04,1745971200000
2025-04-30,EU + EFTA + UK,Opel/Vauxhall,UNITS,M,31860,2025-04,1745971200000
2025-04-30,EU + EFTA + UK,Opel/Vauxhall,YTD,M,129627,2025-04,1745971200000
2025-04-30,EU + EFTA + UK,Peugeot,TTM,M,660210,2025-04,1745971200000
2025-04-30,EU + EFTA + UK,Peugeot,UNITS,M,56216,2025-04,1745971200000
2025-04-30,EU + EFTA + UK,Peugeot,YTD,M,245480,2025-04,1745971200000
2025-04-30,EU + EFTA + UK,Porsche,TTM,M,99133,2025-04,1745971200000
2025-04-30,EU + EFTA + UK,Porsche,UNITS,M,8218,2025-04,1745971200000
2025-04-30,EU + EFTA + UK,Porsche,YTD,M,33664,2025-04,1745971200000
2025-04-30,EU + EFTA + UK,Renault,TTM,M,731763,2025-04,1745971200000
2025-04-30,EU + EFTA + UK,Renault,UNITS,M,62683,2025-04,1745971200000
2025-04-30,EU + EFTA + UK,Renault,YTD,M,251976,2025-04,1745971200000
2025-04-30,EU + EFTA + UK,Renault Group,TTM,M,1336307,2025-04,1745971200000
2025-04-30,EU + EFTA + UK,Renault Group,UNITS,M,110513,2025-04,1745971200000
2025-04-30,EU + EFTA + UK,Renault Group,YTD,M,455202,2025-04,1745971200000
2025-04-30,EU + EFTA + UK,SAIC Motor,TTM,M,282594,2025-04,1745971200000
2025-04-30,EU + EFTA + UK,SAIC Motor,UNITS,M,21677,2025-04,1745971200000
2025-04-30,EU + EFTA + UK,SAIC Motor,YTD,M,103528,2025-04,1745971200000
2025-04-30,EU + EFTA + UK,Seat,TTM,M,252938,2025-04,1745971200000
2025-04-30,EU + EFTA + UK,Seat,UNITS,M,17488,2025-04,1745971200000
2025-04-30,EU + EFTA + UK,Seat,YTD,M,75443,2025-04,1745971200000
2025-04-30,EU + EFTA + UK,Skoda,TTM,M,776942,2025-04,1745971200000
2025-04-30,EU + EFTA + UK,Skoda,UNITS,M,69110,2025-04,1745971200000
2025-04-30,EU + EFTA + UK,Skoda,YTD,M,261186,2025-04,1745971200000
2025-04-30,EU + EFTA + UK,Smart,TTM,M,24437,2025-04,1745971200000
2025-04-30,EU + EFTA + UK,Smart,UNITS,M,766,2025-04,1745971200000
2025-04-30,EU + EFTA + UK,Smart,YTD,M,2674,2025-04,1745971200000
2025-04-30,EU + EFTA + UK,Stellantis,TTM,M,1949888,2025-04,1745971200000
2025-04-30,EU + EFTA + UK,Stellantis,UNITS,M,165826,2025-04,1745971200000
2025-04-30,EU + EFTA + UK,Stellantis,YTD,M,691065,2025-04,1745971200000
2025-04-30,EU + EFTA + UK,Suzuki,TTM,M,191052,2025-04,1745971200000
2025-04-30,EU + EFTA + UK,Suzuki,UNITS,M,14574,2025-04,1745971200000
2025-04-30,EU + EFTA + UK,Suzuki,YTD,M,64159,2025-04,1745971200000
2025-04-30,EU + EFTA + UK,Tesla,TTM,M,254647,2025-04,1745971200000
2025-04-30,EU + EFTA + UK,Tesla,UNITS,M,7261,2025-04,1745971200000
2025-04-30,EU + EFTA + UK,Tesla,YTD,M,62596,2025-04,1745971200000
2025-04-30,EU + EFTA + UK,Toyota,TTM,M,917886,2025-04,1745971200000
2025-04-30,EU + EFTA + UK,Toyota,UNITS,M,71388,2025-04,1745971200000
2025-04-30,EU + EFTA + UK,Toyota,YTD,M,300029,2025-04,1745971200000
2025-04-30,EU + EFTA + UK,Toyota Group,TTM,M,998428,2025-04,1745971200000
2025-04-30,EU + EFTA + UK,Toyota Group,UNITS,M,77498,2025-04,1745971200000
2025-04-30,EU + EFTA + UK,Toyota Group,YTD,M,327357,2025-04,1745971200000
2025-04-30,EU + EFTA + UK,Volkswagen,TTM,M,1426826,2025-04,1745971200000
2025-04-30,EU + EFTA + UK,Volkswagen,UNITS,M,121954,2025-04,1745971200000
2025-04-30,EU + EFTA + UK,Volkswagen,YTD,M,485437,2025-04,1745971200000
2025-04-30,EU + EFTA + UK,Volkswagen Group,TTM,M,3495294,2025-04,1745971200000
2025-04-30,EU + EFTA + UK,Volkswagen Group,UNITS,M,296869,2025-04,1745971200000
2025-04-30,EU + EFTA + UK,Volkswagen Group,YTD,M,1173361,2025-04,1745971200000
2025-04-30,EU + EFTA + UK,Volvo Cars,TTM,M,366404,2025-04,1745971200000
2025-04-30,EU + EFTA + UK,Volvo Cars,UNITS,M,28546,2025-04,1745971200000
2025-04-30,EU + EFTA + UK,Volvo Cars,YTD,M,112995,2025-04,1745971200000
2025-04-30,European Union (EU),Alfa Romeo,TTM,M,48979,2025-04,1745971200000
2025-04-30,European Union (EU),Alfa Romeo,UNITS,M,6593,2025-04,1745971200000
2025-04-30,European Union (EU),Alfa Romeo,YTD,M,22694,2025-04,1745971200000
2025-04-30,European Union (EU),Alpine,TTM,M,5294,2025-04,1745971200000
2025-04-30,European Union (EU),Alpine,UNITS,M,741,2025-04,1745971200000
2025-04-30,European Union (EU),Alpine,YTD,M,2643,2025-04,1745971200000
2025-04-30,European Union (EU),Audi,TTM,M,520402,2025-04,1745971200000
2025-04-30,European Union (EU),Audi,UNITS,M,46410,2025-04,1745971200000
2025-04-30,European Union (EU),Audi,YTD,M,175205,2025-04,1745971200000
2025-04-30,European Union (EU),BMW,TTM,M,623098,2025-04,1745971200000
2025-04-30,European Union (EU),BMW,UNITS,M,56444,2025-04,1745971200000
2025-04-30,European Union (EU),BMW,YTD,M,209843,2025-04,1745971200000
2025-04-30,European Union (EU),BMW Group,TTM,M,724422,2025-04,1745971200000
2025-04-30,European Union (EU),BMW Group,UNITS,M,65873,2025-04,1745971200000
2025-04-30,European Union (EU),BMW Group,YTD,M,245509,2025-04,1745971200000
2025-04-30,European Union (EU),BYD,TTM,M,52799,2025-04,1745971200000
2025-04-30,European Union (EU),BYD,UNITS,M,6741,2025-04,1745971200000
2025-04-30,European Union (EU),BYD,YTD,M,26964,2025-04,1745971200000
2025-04-30,European Union (EU),Citroen,TTM,M,309635,2025-04,1745971200000
2025-04-30,European Union (EU),Citroen,UNITS,M,31879,2025-04,1745971200000
2025-04-30,European Union (EU),Citroen,YTD,M,119414,2025-04,1745971200000
2025-04-30,European Union (EU),Cupra,TTM,M,213204,2025-04,1745971200000
2025-04-30,European Union (EU),Cupra,UNITS,M,24747,2025-04,1745971200000
2025-04-30,European Union (EU),Cupra,YTD,M,85991,2025-04,1745971200000
2025-04-30,European Union (EU),DS,TTM,M,32748,2025-04,1745971200000
2025-04-30,European Union (EU),DS,UNITS,M,3020,2025-04,1745971200000
2025-04-30,European Union (EU),DS,YTD,M,10932,2025-04,1745971200000
2025-04-30,European Union (EU),Dacia,TTM,M,543087,2025-04,1745971200000
2025-04-30,European Union (EU),Dacia,UNITS,M,50056,2025-04,1745971200000
2025-04-30,European Union (EU),Dacia,YTD,M,192192,2025-04,1745971200000
2025-04-30,European Union (EU),Fiat,TTM,M,264549,2025-04,1745971200000
2025-04-30,European Union (EU),Fiat,UNITS,M,28847,2025-04,1745971200000
2025-04-30,European Union (EU),Fiat,YTD,M,102032,2025-04,1745971200000
2025-04-30,European Union (EU),Ford,TTM,M,307623,2025-04,1745971200000
2025-04-30,European Union (EU),Ford,UNITS,M,28702,2025-04,1745971200000
2025-04-30,European Union (EU),Ford,YTD,M,108305,2025-04,1745971200000
2025-04-30,European Union (EU),Honda,TTM,M,43093,2025-04,1745971200000
2025-04-30,European Union (EU),Honda,UNITS,M,4580,2025-04,1745971200000
2025-04-30,European Union (EU),Honda,YTD,M,17690,2025-04,1745971200000
2025-04-30,European Union (EU),Hyundai,TTM,M,414380,2025-04,1745971200000
2025-04-30,European Union (EU),Hyundai,UNITS,M,34237,2025-04,1745971200000
2025-04-30,European Union (EU),Hyundai,YTD,M,134655,2025-04,1745971200000
2025-04-30,European Union (EU),Hyundai Group,TTM,M,818005,2025-04,1745971200000
2025-04-30,European Union (EU),Hyundai Group,UNITS,M,73665,2025-04,1745971200000
2025-04-30,European Union (EU),Hyundai Group,YTD,M,274645,2025-04,1745971200000
2025-04-30,European Union (EU),Jaguar,TTM,M,4319,2025-04,1745971200000
2025-04-30,European Union (EU),Jaguar,UNITS,M,337,2025-04,1745971200000
2025-04-30,European Union (EU),Jaguar,YTD,M,1117,2025-04,1745971200000
2025-04-30,European Union (EU),Jaguar Land Rover Group,TTM,M,62893,2025-04,1745971200000
2025-04-30,European Union (EU),Jaguar Land Rover Group,UNITS,M,5958,2025-04,1745971200000
2025-04-30,European Union (EU),Jaguar Land Rover Group,YTD,M,21645,2025-04,1745971200000
2025-04-30,European Union (EU),Jeep,TTM,M,122159,2025-04,1745971200000
2025-04-30,European Union (EU),Jeep,UNITS,M,12830,2025-04,1745971200000
2025-04-30,European Union (EU),Jeep,YTD,M,46322,2025-04,1745971200000
2025-04-30,European Union (EU),Kia,TTM,M,403625,2025-04,1745971200000
2025-04-30,European Union (EU),Kia,UNITS,M,39428,2025-04,1745971200000
2025-04-30,European Union (EU),Kia,YTD,M,139990,2025-04,1745971200000
2025-04-30,European Union (EU),Lancia/Chrysler,TTM,M,20666,2025-04,1745971200000
2025-04-30,European Union (EU),Lancia/Chrysler,UNITS,M,1312,2025-04,1745971200000
2025-04-30,European Union (EU),Lancia/Chrysler,YTD,M,4831,2025-04,1745971200000
2025-04-30,European Union (EU),Land Rover,TTM,M,58574,2025-04,1745971200000
2025-04-30,European Union (EU),Land Rover,UNITS,M,5621,2025-04,1745971200000
2025-04-30,European Union (EU),Land Rover,YTD,M,20528,2025-04,1745971200000
2025-04-30,European Union (EU),Lexus,TTM,M,71933,2025-04,1745971200000
2025-04-30,European Union (EU),Lexus,UNITS,M,7769,2025-04,1745971200000
2025-04-30,European Union (EU),Lexus,YTD,M,26730,2025-04,1745971200000
2025-04-30,European Union (EU),Mazda,TTM,M,135131,2025-04,1745971200000
2025-04-30,European Union (EU),Mazda,UNITS,M,13860,2025-04,1745971200000
2025-04-30,European Union (EU),Mazda,YTD,M,45362,2025-04,1745971200000
2025-04-30,European Union (EU),Mercedes,TTM,M,573155,2025-04,1745971200000
2025-04-30,European Union (EU),Mercedes,UNITS,M,54707,2025-04,1745971200000
2025-04-30,European Union (EU),Mercedes,YTD,M,184748,2025-04,1745971200000
2025-04-30,European Union (EU),Mercedes-Benz,TTM,M,573867,2025-04,1745971200000
2025-04-30,European Union (EU),Mercedes-Benz,UNITS,M,55263,2025-04,1745971200000
2025-04-30,European Union (EU),Mercedes-Benz,YTD,M,186691,2025-04,1745971200000
2025-04-30,European Union (EU),Mini,TTM,M,101325,2025-04,1745971200000
2025-04-30,European Union (EU),Mini,UNITS,M,9429,2025-04,1745971200000
2025-04-30,European Union (EU),Mini,YTD,M,35667,2025-04,1745971200000
2025-04-30,European Union (EU),Mitsubishi,TTM,M,50094,2025-04,1745971200000
2025-04-30,European Union (EU),Mitsubishi,UNITS,M,5086,2025-04,1745971200000
2025-04-30,European Union (EU),Mitsubishi,YTD,M,16929,2025-04,1745971200000
2025-04-30,European Union (EU),Nissan,TTM,M,215369,2025-04,1745971200000
2025-04-30,European Union (EU),Nissan,UNITS,M,32350,2025-04,1745971200000
2025-04-30,European Union (EU),Nissan,YTD,M,99928,2025-04,1745971200000
2025-04-30,European Union (EU),Opel/Vauxhall,TTM,M,308965,2025-04,1745971200000
2025-04-30,European Union (EU),Opel/Vauxhall,UNITS,M,27342,2025-04,1745971200000
2025-04-30,European Union (EU),Opel/Vauxhall,YTD,M,96683,2025-04,1745971200000
2025-04-30,European Union (EU),Peugeot,TTM,M,577356,2025-04,1745971200000
2025-04-30,European Union (EU),Peugeot,UNITS,M,60876,2025-04,1745971200000
2025-04-30,European Union (EU),Peugeot,YTD,M,219502,2025-04,1745971200000
2025-04-30,European Union (EU),Porsche,TTM,M,72651,2025-04,1745971200000
2025-04-30,European Union (EU),Porsche,UNITS,M,6905,2025-04,1745971200000
2025-04-30,European Union (EU),Porsche,YTD,M,25397,2025-04,1745971200000
2025-04-30,European Union (EU),Renault,TTM,M,671887,2025-04,1745971200000
2025-04-30,European Union (EU),Renault,UNITS,M,69927,2025-04,1745971200000
2025-04-30,European Union (EU),Renault,YTD,M,239043,2025-04,1745971200000
2025-04-30,European Union (EU),Renault Group,TTM,M,1220268,2025-04,1745971200000
2025-04-30,European Union (EU),Renault Group,UNITS,M,120724,2025-04,1745971200000
2025-04-30,European Union (EU),Renault Group,YTD,M,433878,2025-04,1745971200000
2025-04-30,European Union (EU),SAIC Motor,TTM,M,189904,2025-04,1745971200000
2025-04-30,European Union (EU),SAIC Motor,UNITS,M,22296,2025-04,1745971200000
2025-04-30,European Union (EU),SAIC Motor,YTD,M,78155,2025-04,1745971200000
2025-04-30,European Union (EU),Seat,TTM,M,212652,2025-04,1745971200000
2025-04-30,European Union (EU),Seat,UNITS,M,19549,2025-04,1745971200000
2025-04-30,European Union (EU),Seat,YTD,M,69920,2025-04,1745971200000
2025-04-30,European Union (EU),Skoda,TTM,M,668264,2025-04,1745971200000
2025-04-30,European Union (EU),Skoda,UNITS,M,61415,2025-04,1745971200000
2025-04-30,European Union (EU),Skoda,YTD,M,225109,2025-04,1745971200000
2025-04-30,European Union (EU),Smart,TTM,M,7815,2025-04,1745971200000
2025-04-30,European Union (EU),Smart,UNITS,M,556,2025-04,1745971200000
2025-04-30,European Union (EU),Smart,YTD,M,1943,2025-04,1745971200000
2025-04-30,European Union (EU),Stellantis,TTM,M,1689456,2025-04,1745971200000
2025-04-30,European Union (EU),Stellantis,UNITS,M,173080,2025-04,1745971200000
2025-04-30,European Union (EU),Stellantis,YTD,M,623871,2025-04,1745971200000
2025-04-30,European Union (EU),Suzuki,TTM,M,166758,2025-04,1745971200000
2025-04-30,European Union (EU),Suzuki,UNITS,M,15822,2025-04,1745971200000
2025-04-30,European Union (EU),Suzuki,YTD,M,58295,2025-04,1745971200000
2025-04-30,European Union (EU),Tesla,TTM,M,220830,2025-04,1745971200000
2025-04-30,European Union (EU),Tesla,UNITS,M,18224,2025-04,1745971200000
2025-04-30,European Union (EU),Tesla,YTD,M,55708,2025-04,1745971200000
2025-04-30,European Union (EU),Toyota,TTM,M,845669,2025-04,1745971200000
2025-04-30,European Union (EU),Toyota,UNITS,M,88241,2025-04,1745971200000
2025-04-30,European Union (EU),Toyota,YTD,M,303005,2025-04,1745971200000
2025-04-30,European Union (EU),Toyota Group,TTM,M,917602,2025-04,1745971200000
2025-04-30,European Union (EU),Toyota Group,UNITS,M,96010,2025-04,1745971200000
2025-04-30,European Union (EU),Toyota Group,YTD,M,329735,2025-04,1745971200000
2025-04-30,European Union (EU),Volkswagen,TTM,M,1196197,2025-04,1745971200000
2025-04-30,European Union (EU),Volkswagen,UNITS,M,111673,2025-04,1745971200000
2025-04-30,European Union (EU),Volkswagen,YTD,M,412147,2025-04,1745971200000
2025-04-30,European Union (EU),Volkswagen Group,TTM,M,2889478,2025-04,1745971200000
2025-04-30,European Union (EU),Volkswagen Group,UNITS,M,271382,2025-04,1745971200000
2025-04-30,European Union (EU),Volkswagen Group,YTD,M,996194,2025-04,1745971200000
2025-04-30,European Union (EU),Volvo Cars,TTM,M,263772,2025-04,1745971200000
2025-04-30,European Union (EU),Volvo Cars,UNITS,M,21936,2025-04,1745971200000
2025-04-30,European Union (EU),Volvo Cars,YTD,M,83270,2025-04,1745971200000
2025-05-31,EU + EFTA + UK,Alfa Romeo,TTM,M,54149,2025-05,1748649600000
2025-05-31,EU + EFTA + UK,Alfa Romeo,UNITS,M,5971,2025-05,1748649600000
2025-05-31,EU + EFTA + UK,Alfa Romeo,YTD,M,29034,2025-05,1748649600000
2025-05-31,EU + EFTA + UK,Alpine,TTM,M,6510,2025-05,1748649600000
2025-05-31,EU + EFTA + UK,Alpine,UNITS,M,959,2025-05,1748649600000
2025-05-31,EU + EFTA + UK,Alpine,YTD,M,3917,2025-05,1748649600000
2025-05-31,EU + EFTA + UK,Audi,TTM,M,668845,2025-05,1748649600000
2025-05-31,EU + EFTA + UK,Audi,UNITS,M,53429,2025-05,1748649600000
2025-05-31,EU + EFTA + UK,Audi,YTD,M,268733,2025-05,1748649600000
2025-05-31,EU + EFTA + UK,BMW,TTM,M,793447,2025-05,1748649600000
2025-05-31,EU + EFTA + UK,BMW,UNITS,M,67881,2025-05,1748649600000
2025-05-31,EU + EFTA + UK,BMW,YTD,M,331508,2025-05,1748649600000
2025-05-31,EU + EFTA + UK,BMW Group,TTM,M,945091,2025-05,1748649600000
2025-05-31,EU + EFTA + UK,BMW Group,UNITS,M,80629,2025-05,1748649600000
2025-05-31,EU + EFTA + UK,BMW Group,YTD,M,397501,2025-05,1748649600000
2025-05-31,EU + EFTA + UK,BYD,TTM,M,75086,2025-05,1748649600000
2025-05-31,EU + EFTA + UK,BYD,UNITS,M,8395,2025-05,1748649600000
2025-05-31,EU + EFTA + UK,BYD,YTD,M,41975,2025-05,1748649600000
2025-05-31,EU + EFTA + UK,Citroen,TTM,M,348160,2025-05,1748649600000
2025-05-31,EU + EFTA + UK,Citroen,UNITS,M,30952,2025-05,1748649600000
2025-05-31,EU + EFTA + UK,Citroen,YTD,M,154533,2025-05,1748649600000
2025-05-31,EU + EFTA + UK,Cupra,TTM,M,261779,2025-05,1748649600000
2025-05-31,EU + EFTA + UK,Cupra,UNITS,M,25928,2025-05,1748649600000
2025-05-31,EU + EFTA + UK,Cupra,YTD,M,125145,2025-05,1748649600000
2025-05-31,EU + EFTA + UK,DS,TTM,M,34299,2025-05,1748649600000
2025-05-31,EU + EFTA + UK,DS,UNITS,M,2716,2025-05,1748649600000
2025-05-31,EU + EFTA + UK,DS,YTD,M,13601,2025-05,1748649600000
2025-05-31,EU + EFTA + UK,Dacia,TTM,M,601859,2025-05,1748649600000
2025-05-31,EU + EFTA + UK,Dacia,UNITS,M,46871,2025-05,1748649600000
2025-05-31,EU + EFTA + UK,Dacia,YTD,M,247139,2025-05,1748649600000
2025-05-31,EU + EFTA + UK,Fiat,TTM,M,285901,2025-05,1748649600000
2025-05-31,EU + EFTA + UK,Fiat,UNITS,M,24346,2025-05,1748649600000
2025-05-31,EU + EFTA + UK,Fiat,YTD,M,126408,2025-05,1748649600000
2025-05-31,EU + EFTA + UK,Ford,TTM,M,418106,2025-05,1748649600000
2025-05-31,EU + EFTA + UK,Ford,UNITS,M,34923,2025-05,1748649600000
2025-05-31,EU + EFTA + UK,Ford,YTD,M,184489,2025-05,1748649600000
2025-05-31,EU + EFTA + UK,Honda,TTM,M,69956,2025-05,1748649600000
2025-05-31,EU + EFTA + UK,Honda,UNITS,M,5206,2025-05,1748649600000
2025-05-31,EU + EFTA + UK,Honda,YTD,M,31487,2025-05,1748649600000
2025-05-31,EU + EFTA + UK,Hyundai,TTM,M,540111,2025-05,1748649600000
2025-05-31,EU + EFTA + UK,Hyundai,UNITS,M,45227,2025-05,1748649600000
2025-05-31,EU + EFTA + UK,Hyundai,YTD,M,219327,2025-05,1748649600000
2025-05-31,EU + EFTA + UK,Hyundai Group,TTM,M,1072570,2025-05,1748649600000
2025-05-31,EU + EFTA + UK,Hyundai Group,UNITS,M,89890,2025-05,1748649600000
2025-05-31,EU + EFTA + UK,Hyundai Group,YTD,M,447085,2025-05,1748649600000
2025-05-31,EU + EFTA + UK,Jaguar,TTM,M,12612,2025-05,1748649600000
2025-05-31,EU + EFTA + UK,Jaguar,UNITS,M,49,2025-05,1748649600000
2025-05-31,EU + EFTA + UK,Jaguar,YTD,M,2701,2025-05,1748649600000
2025-05-31,EU + EFTA + UK,Jaguar Land Rover Group,TTM,M,142944,2025-05,1748649600000
2025-05-31,EU + EFTA + UK,Jaguar Land Rover Group,UNITS,M,9820,2025-05,1748649600000
2025-05-31,EU + EFTA + UK,Jaguar Land Rover Group,YTD,M,61024,2025-05,1748649600000
2025-05-31,EU + EFTA + UK,Jeep,TTM,M,136598,2025-05,1748649600000
2025-05-31,EU + EFTA + UK,Jeep,UNITS,M,11974,2025-05,1748649600000
2025-05-31,EU + EFTA + UK,Jeep,YTD,M,61809,2025-05,1748649600000
2025-05-31,EU + EFTA + UK,Kia,TTM,M,532459,2025-05,1748649600000
2025-05-31,EU + EFTA + UK,Kia,UNITS,M,44663,2025-05,1748649600000
2025-05-31,EU + EFTA + UK,Kia,YTD,M,227758,2025-05,1748649600000
2025-05-31,EU + EFTA + UK,Lancia/Chrysler,TTM,M,21412,2025-05,1748649600000
2025-05-31,EU + EFTA + UK,Lancia/Chrysler,UNITS,M,1337,2025-05,1748649600000
2025-05-31,EU + EFTA + UK,Lancia/Chrysler,YTD,M,6200,2025-05,1748649600000
2025-05-31,EU + EFTA + UK,Land Rover,TTM,M,130332,2025-05,1748649600000
2025-05-31,EU + EFTA + UK,Land Rover,UNITS,M,9771,2025-05,1748649600000
2025-05-31,EU + EFTA + UK,Land Rover,YTD,M,58323,2025-05,1748649600000
2025-05-31,EU + EFTA + UK,Lexus,TTM,M,80508,2025-05,1748649600000
2025-05-31,EU + EFTA + UK,Lexus,UNITS,M,6110,2025-05,1748649600000
2025-05-31,EU + EFTA + UK,Lexus,YTD,M,33438,2025-05,1748649600000
2025-05-31,EU + EFTA + UK,Mazda,TTM,M,159546,2025-05,1748649600000
2025-05-31,EU + EFTA + UK,Mazda,UNITS,M,10395,2025-05,1748649600000
2025-05-31,EU + EFTA + UK,Mazda,YTD,M,64690,2025-05,1748649600000
2025-05-31,EU + EFTA + UK,Mercedes,TTM,M,703548,2025-05,1748649600000
2025-05-31,EU + EFTA + UK,Mercedes,UNITS,M,52981,2025-05,1748649600000
2025-05-31,EU + EFTA + UK,Mercedes,YTD,M,268498,2025-05,1748649600000
2025-05-31,EU + EFTA + UK,Mercedes-Benz,TTM,M,683117,2025-05,1748649600000
2025-05-31,EU + EFTA + UK,Mercedes-Benz,UNITS,M,53747,2025-05,1748649600000
2025-05-31,EU + EFTA + UK,Mercedes-Benz,YTD,M,271938,2025-05,1748649600000
2025-05-31,EU + EFTA + UK,Mini,TTM,M,151644,2025-05,1748649600000
2025-05-31,EU + EFTA + UK,Mini,UNITS,M,12748,2025-05,1748649600000
2025-05-31,EU + EFTA + UK,Mini,YTD,M,65993,2025-05,1748649600000
2025-05-31,EU + EFTA + UK,Mitsubishi,TTM,M,51676,2025-05,1748649600000
2025-05-31,EU + EFTA + UK,Mitsubishi,UNITS,M,4650,2025-05,1748649600000
2025-05-31,EU + EFTA + UK,Mitsubishi,YTD,M,21836,2025-05,1748649600000
2025-05-31,EU + EFTA + UK,Nissan,TTM,M,301469,2025-05,1748649600000
2025-05-31,EU + EFTA + UK,Nissan,UNITS,M,19609,2025-05,1748649600000
2025-05-31,EU + EFTA + UK,Nissan,YTD,M,138209,2025-05,1748649600000
2025-05-31,EU + EFTA + UK,Opel/Vauxhall,TTM,M,392756,2025-05,1748649600000
2025-05-31,EU + EFTA + UK,Opel/Vauxhall,UNITS,M,31860,2025-05,1748649600000
2025-05-31,EU + EFTA + UK,Opel/Vauxhall,YTD,M,161487,2025-05,1748649600000
2025-05-31,EU + EFTA + UK,Peugeot,TTM,M,662979,2025-05,1748649600000
2025-05-31,EU + EFTA + UK,Peugeot,UNITS,M,56216,2025-05,1748649600000
2025-05-31,EU + EFTA + UK,Peugeot,YTD,M,301696,2025-05,1748649600000
2025-05-31,EU + EFTA + UK,Porsche,TTM,M,98784,2025-05,1748649600000
2025-05-31,EU + EFTA + UK,Porsche,UNITS,M,8218,2025-05,1748649600000
2025-05-31,EU + EFTA + UK,Porsche,YTD,M,41882,2025-05,1748649600000
2025-05-31,EU + EFTA + UK,Renault,TTM,M,731881,2025-05,1748649600000
2025-05-31,EU + EFTA + UK,Renault,UNITS,M,62683,2025-05,1748649600000
2025-05-31,EU + EFTA + UK,Renault,YTD,M,314659,2025-05,1748649600000
2025-05-31,EU + EFTA + UK,Renault Group,TTM,M,1340250,2025-05,1748649600000
2025-05-31,EU + EFTA + UK,Renault Group,UNITS,M,110513,2025-05,1748649600000
2025-05-31,EU + EFTA + UK,Renault Group,YTD,M,565715,2025-05,1748649600000
2025-05-31,EU + EFTA + UK,SAIC Motor,TTM,M,283279,2025-05,1748649600000
2025-05-31,EU + EFTA + UK,SAIC Motor,UNITS,M,21677,2025-05,1748649600000
2025-05-31,EU + EFTA + UK,SAIC Motor,YTD,M,125205,2025-05,1748649600000
2025-05-31,EU + EFTA + UK,Seat,TTM,M,245264,2025-05,1748649600000
2025-05-31,EU + EFTA + UK,Seat,UNITS,M,17488,2025-05,1748649600000
2025-05-31,EU + EFTA + UK,Seat,YTD,M,92931,2025-05,1748649600000
2025-05-31,EU + EFTA + UK,Skoda,TTM,M,783680,2025-05,1748649600000
2025-05-31,EU + EFTA + UK,Skoda,UNITS,M,69110,2025-05,1748649600000
2025-05-31,EU + EFTA + UK,Skoda,YTD,M,330296,2025-05,1748649600000
2025-05-31,EU + EFTA + UK,Smart,TTM,M,22918,2025-05,1748649600000
2025-05-31,EU + EFTA + UK,Smart,UNITS,M,766,2025-05,1748649600000
2025-05-31,EU + EFTA + UK,Smart,YTD,M,3440,2025-05,1748649600000
2025-05-31,EU + EFTA + UK,Stellantis,TTM,M,1941745,2025-05,1748649600000
2025-05-31,EU + EFTA + UK,Stellantis,UNITS,M,165826,2025-05,1748649600000
2025-05-31,EU + EFTA + UK,Stellantis,YTD,M,856891,2025-05,1748649600000
2025-05-31,EU + EFTA + UK,Suzuki,TTM,M,188625,2025-05,1748649600000
2025-05-31,EU + EFTA + UK,Suzuki,UNITS,M,14574,2025-05,1748649600000
2025-05-31,EU + EFTA + UK,Suzuki,YTD,M,78733,2025-05,1748649600000
2025-05-31,EU + EFTA + UK,Tesla,TTM,M,242800,2025-05,1748649600000
2025-05-31,EU + EFTA + UK,Tesla,UNITS,M,7261,2025-05,1748649600000
2025-05-31,EU + EFTA + UK,Tesla,YTD,M,69857,2025-05,1748649600000
2025-05-31,EU + EFTA + UK,Toyota,TTM,M,914243,2025-05,1748649600000
2025-05-31,EU + EFTA + UK,Toyota,UNITS,M,71388,2025-05,1748649600000
2025-05-31,EU + EFTA + UK,Toyota,YTD,M,371417,2025-05,1748649600000
2025-05-31,EU + EFTA + UK,Toyota Group,TTM,M,994751,2025-05,1748649600000
2025-05-31,EU + EFTA + UK,Toyota Group,UNITS,M,77498,2025-05,1748649600000
2025-05-31,EU + EFTA + UK,Toyota Group,YTD,M,404855,2025-05,1748649600000
2025-05-31,EU + EFTA + UK,Volkswagen,TTM,M,1428639,2025-05,1748649600000
2025-05-31,EU + EFTA + UK,Volkswagen,UNITS,M,121954,2025-05,1748649600000
2025-05-31,EU + EFTA + UK,Volkswagen,YTD,M,607391,2025-05,1748649600000
2025-05-31,EU + EFTA + UK,Volkswagen Group,TTM,M,3495717,2025-05,1748649600000
2025-05-31,EU + EFTA + UK,Volkswagen Group,UNITS,M,296869,2025-05,1748649600000
2025-05-31,EU + EFTA + UK,Volkswagen Group,YTD,M,1470230,2025-05,1748649600000
2025-05-31,EU + EFTA + UK,Volvo Cars,TTM,M,360849,2025-05,1748649600000
2025-05-31,EU + EFTA + UK,Volvo Cars,UNITS,M,28546,2025-05,1748649600000
2025-05-31,EU + EFTA + UK,Volvo Cars,YTD,M,141541,2025-05,1748649600000
2025-05-31,European Union (EU),Alfa Romeo,TTM,M,49945,2025-05,1748649600000
2025-05-31,European Union (EU),Alfa Romeo,UNITS,M,4716,2025-05,1748649600000
2025-05-31,European Union (EU),Alfa Romeo,YTD,M,27410,2025-05,1748649600000
2025-05-31,European Union (EU),Alpine,TTM,M,5580,2025-05,1748649600000
2025-05-31,European Union (EU),Alpine,UNITS,M,614,2025-05,1748649600000
2025-05-31,European Union (EU),Alpine,YTD,M,3257,2025-05,1748649600000
2025-05-31,European Union (EU),Audi,TTM,M,519370,2025-05,1748649600000
2025-05-31,European Union (EU),Audi,UNITS,M,45489,2025-05,1748649600000
2025-05-31,European Union (EU),Audi,YTD,M,220694,2025-05,1748649600000
2025-05-31,European Union (EU),BMW,TTM,M,625474,2025-05,1748649600000
2025-05-31,European Union (EU),BMW,UNITS,M,54513,2025-05,1748649600000
2025-05-31,European Union (EU),BMW,YTD,M,264356,2025-05,1748649600000
2025-05-31,European Union (EU),BMW Group,TTM,M,729176,2025-05,1748649600000
2025-05-31,European Union (EU),BMW Group,UNITS,M,63226,2025-05,1748649600000
2025-05-31,European Union (EU),BMW Group,YTD,M,308735,2025-05,1748649600000
2025-05-31,European Union (EU),BYD,TTM,M,59540,2025-05,1748649600000
2025-05-31,European Union (EU),BYD,UNITS,M,6741,2025-05,1748649600000
2025-05-31,European Union (EU),BYD,YTD,M,33705,2025-05,1748649600000
2025-05-31,European Union (EU),Citroen,TTM,M,310049,2025-05,1748649600000
2025-05-31,European Union (EU),Citroen,UNITS,M,30555,2025-05,1748649600000
2025-05-31,European Union (EU),Citroen,YTD,M,149969,2025-05,1748649600000
2025-05-31,European Union (EU),Cupra,TTM,M,218611,2025-05,1748649600000
2025-05-31,European Union (EU),Cupra,UNITS,M,22682,2025-05,1748649600000
2025-05-31,European Union (EU),Cupra,YTD,M,108673,2025-05,1748649600000
2025-05-31,European Union (EU),DS,TTM,M,32533,2025-05,1748649600000
2025-05-31,European Union (EU),DS,UNITS,M,2582,2025-05,1748649600000
2025-05-31,European Union (EU),DS,YTD,M,13514,2025-05,1748649600000
2025-05-31,European Union (EU),Dacia,TTM,M,549310,2025-05,1748649600000
2025-05-31,European Union (EU),Dacia,UNITS,M,46351,2025-05,1748649600000
2025-05-31,European Union (EU),Dacia,YTD,M,238543,2025-05,1748649600000
2025-05-31,European Union (EU),Fiat,TTM,M,261042,2025-05,1748649600000
2025-05-31,European Union (EU),Fiat,UNITS,M,23468,2025-05,1748649600000
2025-05-31,European Union (EU),Fiat,YTD,M,125500,2025-05,1748649600000
2025-05-31,European Union (EU),Ford,TTM,M,307520,2025-05,1748649600000
2025-05-31,European Union (EU),Ford,UNITS,M,26794,2025-05,1748649600000
2025-05-31,European Union (EU),Ford,YTD,M,135099,2025-05,1748649600000
2025-05-31,European Union (EU),Honda,TTM,M,43544,2025-05,1748649600000
2025-05-31,European Union (EU),Honda,UNITS,M,3478,2025-05,1748649600000
2025-05-31,European Union (EU),Honda,YTD,M,21168,2025-05,1748649600000
2025-05-31,European Union (EU),Hyundai,TTM,M,413202,2025-05,1748649600000
2025-05-31,European Union (EU),Hyundai,UNITS,M,36764,2025-05,1748649600000
2025-05-31,European Union (EU),Hyundai,YTD,M,171419,2025-05,1748649600000
2025-05-31,European Union (EU),Hyundai Group,TTM,M,814571,2025-05,1748649600000
2025-05-31,European Union (EU),Hyundai Group,UNITS,M,69979,2025-05,1748649600000
2025-05-31,European Union (EU),Hyundai Group,YTD,M,344624,2025-05,1748649600000
2025-05-31,European Union (EU),Jaguar,TTM,M,3911,2025-05,1748649600000
2025-05-31,European Union (EU),Jaguar,UNITS,M,104,2025-05,1748649600000
2025-05-31,European Union (EU),Jaguar,YTD,M,1221,2025-05,1748649600000
2025-05-31,European Union (EU),Jaguar Land Rover Group,TTM,M,61441,2025-05,1748649600000
2025-05-31,European Union (EU),Jaguar Land Rover Group,UNITS,M,4489,2025-05,1748649600000
2025-05-31,European Union (EU),Jaguar Land Rover Group,YTD,M,26134,2025-05,1748649600000
2025-05-31,European Union (EU),Jeep,TTM,M,121595,2025-05,1748649600000
2025-05-31,European Union (EU),Jeep,UNITS,M,10443,2025-05,1748649600000
2025-05-31,European Union (EU),Jeep,YTD,M,56765,2025-05,1748649600000
2025-05-31,European Union (EU),Kia,TTM,M,401369,2025-05,1748649600000
2025-05-31,European Union (EU),Kia,UNITS,M,33215,2025-05,1748649600000
2025-05-31,European Union (EU),Kia,YTD,M,173205,2025-05,1748649600000
2025-05-31,European Union (EU),Lancia/Chrysler,TTM,M,17575,2025-05,1748649600000
2025-05-31,European Union (EU),Lancia/Chrysler,UNITS,M,763,2025-05,1748649600000
2025-05-31,European Union (EU),Lancia/Chrysler,YTD,M,5594,2025-05,1748649600000
2025-05-31,European Union (EU),Land Rover,TTM,M,57530,2025-05,1748649600000
2025-05-31,European Union (EU),Land Rover,UNITS,M,4385,2025-05,1748649600000
2025-05-31,European Union (EU),Land Rover,YTD,M,24913,2025-05,1748649600000
2025-05-31,European Union (EU),Lexus,TTM,M,72772,2025-05,1748649600000
2025-05-31,European Union (EU),Lexus,UNITS,M,6736,2025-05,1748649600000
2025-05-31,European Union (EU),Lexus,YTD,M,33466,2025-05,1748649600000
2025-05-31,European Union (EU),Mazda,TTM,M,131724,2025-05,1748649600000
2025-05-31,European Union (EU),Mazda,UNITS,M,8915,2025-05,1748649600000
2025-05-31,European Union (EU),Mazda,YTD,M,54277,2025-05,1748649600000
2025-05-31,European Union (EU),Mercedes,TTM,M,576523,2025-05,1748649600000
2025-05-31,European Union (EU),Mercedes,UNITS,M,47183,2025-05,1748649600000
2025-05-31,European Union (EU),Mercedes,YTD,M,231931,2025-05,1748649600000
2025-05-31,European Union (EU),Mercedes-Benz,TTM,M,575662,2025-05,1748649600000
2025-05-31,European Union (EU),Mercedes-Benz,UNITS,M,47901,2025-05,1748649600000
2025-05-31,European Union (EU),Mercedes-Benz,YTD,M,234592,2025-05,1748649600000
2025-05-31,European Union (EU),Mini,TTM,M,103703,2025-05,1748649600000
2025-05-31,European Union (EU),Mini,UNITS,M,8713,2025-05,1748649600000
2025-05-31,European Union (EU),Mini,YTD,M,44380,2025-05,1748649600000
2025-05-31,European Union (EU),Mitsubishi,TTM,M,49426,2025-05,1748649600000
2025-05-31,European Union (EU),Mitsubishi,UNITS,M,3929,2025-05,1748649600000
2025-05-31,European Union (EU),Mitsubishi,YTD,M,20858,2025-05,1748649600000
2025-05-31,European Union (EU),Nissan,TTM,M,214683,2025-05,1748649600000
2025-05-31,European Union (EU),Nissan,UNITS,M,13985,2025-05,1748649600000
2025-05-31,European Union (EU),Nissan,YTD,M,113913,2025-05,1748649600000
2025-05-31,European Union (EU),Opel/Vauxhall,TTM,M,304553,2025-05,1748649600000
2025-05-31,European Union (EU),Opel/Vauxhall,UNITS,M,26689,2025-05,1748649600000
2025-05-31,European Union (EU),Opel/Vauxhall,YTD,M,123372,2025-05,1748649600000
2025-05-31,European Union (EU),Peugeot,TTM,M,579703,2025-05,1748649600000
2025-05-31,European Union (EU),Peugeot,UNITS,M,50783,2025-05,1748649600000
2025-05-31,European Union (EU),Peugeot,YTD,M,270285,2025-05,1748649600000
2025-05-31,European Union (EU),Porsche,TTM,M,72138,2025-05,1748649600000
2025-05-31,European Union (EU),Porsche,UNITS,M,6110,2025-05,1748649600000
2025-05-31,European Union (EU),Porsche,YTD,M,31507,2025-05,1748649600000
2025-05-31,European Union (EU),Renault,TTM,M,669336,2025-05,1748649600000
2025-05-31,European Union (EU),Renault,UNITS,M,55074,2025-05,1748649600000
2025-05-31,European Union (EU),Renault,YTD,M,294117,2025-05,1748649600000
2025-05-31,European Union (EU),Renault Group,TTM,M,1224226,2025-05,1748649600000
2025-05-31,European Union (EU),Renault Group,UNITS,M,102039,2025-05,1748649600000
2025-05-31,European Union (EU),Renault Group,YTD,M,535917,2025-05,1748649600000
2025-05-31,European Union (EU),SAIC Motor,TTM,M,195058,2025-05,1748649600000
2025-05-31,European Union (EU),SAIC Motor,UNITS,M,18716,2025-05,1748649600000
2025-05-31,European Union (EU),SAIC Motor,YTD,M,96871,2025-05,1748649600000
2025-05-31,European Union (EU),Seat,TTM,M,208020,2025-05,1748649600000
2025-05-31,European Union (EU),Seat,UNITS,M,16770,2025-05,1748649600000
2025-05-31,European Union (EU),Seat,YTD,M,86690,2025-05,1748649600000
2025-05-31,European Union (EU),Skoda,TTM,M,677291,2025-05,1748649600000
2025-05-31,European Union (EU),Skoda,UNITS,M,62466,2025-05,1748649600000
2025-05-31,European Union (EU),Skoda,YTD,M,287575,2025-05,1748649600000
2025-05-31,European Union (EU),Smart,TTM,M,6242,2025-05,1748649600000
2025-05-31,European Union (EU),Smart,UNITS,M,718,2025-05,1748649600000
2025-05-31,European Union (EU),Smart,YTD,M,2661,2025-05,1748649600000
2025-05-31,European Union (EU),Stellantis,TTM,M,1681233,2025-05,1748649600000
2025-05-31,European Union (EU),Stellantis,UNITS,M,150310,2025-05,1748649600000
2025-05-31,European Union (EU),Stellantis,YTD,M,774181,2025-05,1748649600000
2025-05-31,European Union (EU),Suzuki,TTM,M,164534,2025-05,1748649600000
2025-05-31,European Union (EU),Suzuki,UNITS,M,12084,2025-05,1748649600000
2025-05-31,European Union (EU),Suzuki,YTD,M,70379,2025-05,1748649600000
2025-05-31,European Union (EU),Tesla,TTM,M,214877,2025-05,1748649600000
2025-05-31,European Union (EU),Tesla,UNITS,M,8729,2025-05,1748649600000
2025-05-31,European Union (EU),Tesla,YTD,M,64437,2025-05,1748649600000
2025-05-31,European Union (EU),Toyota,TTM,M,843346,2025-05,1748649600000
2025-05-31,European Union (EU),Toyota,UNITS,M,69671,2025-05,1748649600000
2025-05-31,European Union (EU),Toyota,YTD,M,372676,2025-05,1748649600000
2025-05-31,European Union (EU),Toyota Group,TTM,M,916118,2025-05,1748649600000
2025-05-31,European Union (EU),Toyota Group,UNITS,M,76407,2025-05,1748649600000
2025-05-31,European Union (EU),Toyota Group,YTD,M,406142,2025-05,1748649600000
2025-05-31,European Union (EU),Volkswagen,TTM,M,1199922,2025-05,1748649600000
2025-05-31,European Union (EU),Volkswagen,UNITS,M,109620,2025-05,1748649600000
2025-05-31,European Union (EU),Volkswagen,YTD,M,521767,2025-05,1748649600000
2025-05-31,European Union (EU),Volkswagen Group,TTM,M,2901546,2025-05,1748649600000
2025-05-31,European Union (EU),Volkswagen Group,UNITS,M,263787,2025-05,1748649600000
2025-05-31,European Union (EU),Volkswagen Group,YTD,M,1259981,2025-05,1748649600000
2025-05-31,European Union (EU),Volvo Cars,TTM,M,258392,2025-05,1748649600000
2025-05-31,European Union (EU),Volvo Cars,UNITS,M,21093,2025-05,1748649600000
2025-05-31,European Union (EU),Volvo Cars,YTD,M,104363,2025-05,1748649600000
2025-06-30,EU + EFTA + UK,Alfa Romeo,TTM,M,55312,2025-06,1751241600000
2025-06-30,EU + EFTA + UK,Alfa Romeo,UNITS,M,5103,2025-06,1751241600000
2025-06-30,EU + EFTA + UK,Alfa Romeo,YTD,M,34137,2025-06,1751241600000
2025-06-30,EU + EFTA + UK,Alpine,TTM,M,6889,2025-06,1751241600000
2025-06-30,EU + EFTA + UK,Alpine,UNITS,M,1213,2025-06,1751241600000
2025-06-30,EU + EFTA + UK,Alpine,YTD,M,5130,2025-06,1751241600000
2025-06-30,EU + EFTA + UK,Audi,TTM,M,661527,2025-06,1751241600000
2025-06-30,EU + EFTA + UK,Audi,UNITS,M,58175,2025-06,1751241600000
2025-06-30,EU + EFTA + UK,Audi,YTD,M,326908,2025-06,1751241600000
2025-06-30,EU + EFTA + UK,BMW,TTM,M,797482,2025-06,1751241600000
2025-06-30,EU + EFTA + UK,BMW,UNITS,M,75061,2025-06,1751241600000
2025-06-30,EU + EFTA + UK,BMW,YTD,M,406569,2025-06,1751241600000
2025-06-30,EU + EFTA + UK,BMW Group,TTM,M,951889,2025-06,1751241600000
2025-06-30,EU + EFTA + UK,BMW Group,UNITS,M,89463,2025-06,1751241600000
2025-06-30,EU + EFTA + UK,BMW Group,YTD,M,486964,2025-06,1751241600000
2025-06-30,EU + EFTA + UK,BYD,TTM,M,83481,2025-06,1751241600000
2025-06-30,EU + EFTA + UK,BYD,UNITS,M,8395,2025-06,1751241600000
2025-06-30,EU + EFTA + UK,BYD,YTD,M,50370,2025-06,1751241600000
2025-06-30,EU + EFTA + UK,Citroen,TTM,M,339379,2025-06,1751241600000
2025-06-30,EU + EFTA + UK,Citroen,UNITS,M,34471,2025-06,1751241600000
2025-06-30,EU + EFTA + UK,Citroen,YTD,M,189004,2025-06,1751241600000
2025-06-30,EU + EFTA + UK,Cupra,TTM,M,262273,2025-06,1751241600000
2025-06-30,EU + EFTA + UK,Cupra,UNITS,M,26569,2025-06,1751241600000
2025-06-30,EU + EFTA + UK,Cupra,YTD,M,151714,2025-06,1751241600000
2025-06-30,EU + EFTA + UK,DS,TTM,M,33993,2025-06,1751241600000
2025-06-30,EU + EFTA + UK,DS,UNITS,M,3476,2025-06,1751241600000
2025-06-30,EU + EFTA + UK,DS,YTD,M,17077,2025-06,1751241600000
2025-06-30,EU + EFTA + UK,Dacia,TTM,M,600835,2025-06,1751241600000
2025-06-30,EU + EFTA + UK,Dacia,UNITS,M,59374,2025-06,1751241600000
2025-06-30,EU + EFTA + UK,Dacia,YTD,M,306513,2025-06,1751241600000
2025-06-30,EU + EFTA + UK,Fiat,TTM,M,271285,2025-06,1751241600000
2025-06-30,EU + EFTA + UK,Fiat,UNITS,M,23736,2025-06,1751241600000
2025-06-30,EU + EFTA + UK,Fiat,YTD,M,150144,2025-06,1751241600000
2025-06-30,EU + EFTA + UK,Ford,TTM,M,418885,2025-06,1751241600000
2025-06-30,EU + EFTA + UK,Ford,UNITS,M,39080,2025-06,1751241600000
2025-06-30,EU + EFTA + UK,Ford,YTD,M,223569,2025-06,1751241600000
2025-06-30,EU + EFTA + UK,Honda,TTM,M,69636,2025-06,1751241600000
2025-06-30,EU + EFTA + UK,Honda,UNITS,M,5752,2025-06,1751241600000
2025-06-30,EU + EFTA + UK,Honda,YTD,M,37239,2025-06,1751241600000
2025-06-30,EU + EFTA + UK,Hyundai,TTM,M,534374,2025-06,1751241600000
2025-06-30,EU + EFTA + UK,Hyundai,UNITS,M,47647,2025-06,1751241600000
2025-06-30,EU + EFTA + UK,Hyundai,YTD,M,266974,2025-06,1751241600000
2025-06-30,EU + EFTA + UK,Hyundai Group,TTM,M,1063686,2025-06,1751241600000
2025-06-30,EU + EFTA + UK,Hyundai Group,UNITS,M,93451,2025-06,1751241600000
2025-06-30,EU + EFTA + UK,Hyundai Group,YTD,M,540536,2025-06,1751241600000
2025-06-30,EU + EFTA + UK,Jaguar,TTM,M,10830,2025-06,1751241600000
2025-06-30,EU + EFTA + UK,Jaguar,UNITS,M,37,2025-06,1751241600000
2025-06-30,EU + EFTA + UK,Jaguar,YTD,M,2738,2025-06,1751241600000
2025-06-30,EU + EFTA + UK,Jaguar Land Rover Group,TTM,M,140553,2025-06,1751241600000
2025-06-30,EU + EFTA + UK,Jaguar Land Rover Group,UNITS,M,11101,2025-06,1751241600000
2025-06-30,EU + EFTA + UK,Jaguar Land Rover Group,YTD,M,72125,2025-06,1751241600000
2025-06-30,EU + EFTA + UK,Jeep,TTM,M,135187,2025-06,1751241600000
2025-06-30,EU + EFTA + UK,Jeep,UNITS,M,10772,2025-06,1751241600000
2025-06-30,EU + EFTA + UK,Jeep,YTD,M,72581,2025-06,1751241600000
2025-06-30,EU + EFTA + UK,Kia,TTM,M,529312,2025-06,1751241600000
2025-06-30,EU + EFTA + UK,Kia,UNITS,M,45804,2025-06,1751241600000
2025-06-30,EU + EFTA + UK,Kia,YTD,M,273562,2025-06,1751241600000
2025-06-30,EU + EFTA + UK,Lancia/Chrysler,TTM,M,18108,2025-06,1751241600000
2025-06-30,EU + EFTA + UK,Lancia/Chrysler,UNITS,M,875,2025-06,1751241600000
2025-06-30,EU + EFTA + UK,Lancia/Chrysler,YTD,M,7075,2025-06,1751241600000
2025-06-30,EU + EFTA + UK,Land Rover,TTM,M,129723,2025-06,1751241600000
2025-06-30,EU + EFTA + UK,Land Rover,UNITS,M,11064,2025-06,1751241600000
2025-06-30,EU + EFTA + UK,Land Rover,YTD,M,69387,2025-06,1751241600000
2025-06-30,EU + EFTA + UK,Lexus,TTM,M,80395,2025-06,1751241600000
2025-06-30,EU + EFTA + UK,Lexus,UNITS,M,7007,2025-06,1751241600000
2025-06-30,EU + EFTA + UK,Lexus,YTD,M,40445,2025-06,1751241600000
2025-06-30,EU + EFTA + UK,Mazda,TTM,M,156297,2025-06,1751241600000
2025-06-30,EU + EFTA + UK,Mazda,UNITS,M,15805,2025-06,1751241600000
2025-06-30,EU + EFTA + UK,Mazda,YTD,M,80495,2025-06,1751241600000
2025-06-30,EU + EFTA + UK,Mercedes,TTM,M,705961,2025-06,1751241600000
2025-06-30,EU + EFTA + UK,Mercedes,UNITS,M,63960,2025-06,1751241600000
2025-06-30,EU + EFTA + UK,Mercedes,YTD,M,332458,2025-06,1751241600000
2025-06-30,EU + EFTA + UK,Mercedes-Benz,TTM,M,683539,2025-06,1751241600000
2025-06-30,EU + EFTA + UK,Mercedes-Benz,UNITS,M,65170,2025-06,1751241600000
2025-06-30,EU + EFTA + UK,Mercedes-Benz,YTD,M,337108,2025-06,1751241600000
2025-06-30,EU + EFTA + UK,Mini,TTM,M,154407,2025-06,1751241600000
2025-06-30,EU + EFTA + UK,Mini,UNITS,M,14402,2025-06,1751241600000
2025-06-30,EU + EFTA + UK,Mini,YTD,M,80395,2025-06,1751241600000
2025-06-30,EU + EFTA + UK,Mitsubishi,TTM,M,51542,2025-06,1751241600000
2025-06-30,EU + EFTA + UK,Mitsubishi,UNITS,M,6605,2025-06,1751241600000
2025-06-30,EU + EFTA + UK,Mitsubishi,YTD,M,28441,2025-06,1751241600000
2025-06-30,EU + EFTA + UK,Nissan,TTM,M,297695,2025-06,1751241600000
2025-06-30,EU + EFTA + UK,Nissan,UNITS,M,26119,2025-06,1751241600000
2025-06-30,EU + EFTA + UK,Nissan,YTD,M,164328,2025-06,1751241600000
2025-06-30,EU + EFTA + UK,Opel/Vauxhall,TTM,M,391007,2025-06,1751241600000
2025-06-30,EU + EFTA + UK,Opel/Vauxhall,UNITS,M,41297,2025-06,1751241600000
2025-06-30,EU + EFTA + UK,Opel/Vauxhall,YTD,M,202784,2025-06,1751241600000
2025-06-30,EU + EFTA + UK,Peugeot,TTM,M,666546,2025-06,1751241600000
2025-06-30,EU + EFTA + UK,Peugeot,UNITS,M,60664,2025-06,1751241600000
2025-06-30,EU + EFTA + UK,Peugeot,YTD,M,362360,2025-06,1751241600000
2025-06-30,EU + EFTA + UK,Porsche,TTM,M,99041,2025-06,1751241600000
2025-06-30,EU + EFTA + UK,Porsche,UNITS,M,8451,2025-06,1751241600000
2025-06-30,EU + EFTA + UK,Porsche,YTD,M,50333,2025-06,1751241600000
2025-06-30,EU + EFTA + UK,Renault,TTM,M,731725,2025-06,1751241600000
2025-06-30,EU + EFTA + UK,Renault,UNITS,M,81528,2025-06,1751241600000
2025-06-30,EU + EFTA + UK,Renault,YTD,M,396187,2025-06,1751241600000
2025-06-30,EU + EFTA + UK,Renault Group,TTM,M,1339449,2025-06,1751241600000
2025-06-30,EU + EFTA + UK,Renault Group,UNITS,M,142115,2025-06,1751241600000
2025-06-30,EU + EFTA + UK,Renault Group,YTD,M,707830,2025-06,1751241600000
2025-06-30,EU + EFTA + UK,SAIC Motor,TTM,M,278049,2025-06,1751241600000
2025-06-30,EU + EFTA + UK,SAIC Motor,UNITS,M,26359,2025-06,1751241600000
2025-06-30,EU + EFTA + UK,SAIC Motor,YTD,M,151564,2025-06,1751241600000
2025-06-30,EU + EFTA + UK,Seat,TTM,M,235738,2025-06,1751241600000
2025-06-30,EU + EFTA + UK,Seat,UNITS,M,19901,2025-06,1751241600000
2025-06-30,EU + EFTA + UK,Seat,YTD,M,112832,2025-06,1751241600000
2025-06-30,EU + EFTA + UK,Skoda,TTM,M,791955,2025-06,1751241600000
2025-06-30,EU + EFTA + UK,Skoda,UNITS,M,77797,2025-06,1751241600000
2025-06-30,EU + EFTA + UK,Skoda,YTD,M,408093,2025-06,1751241600000
2025-06-30,EU + EFTA + UK,Smart,TTM,M,20927,2025-06,1751241600000
2025-06-30,EU + EFTA + UK,Smart,UNITS,M,1210,2025-06,1751241600000
2025-06-30,EU + EFTA + UK,Smart,YTD,M,4650,2025-06,1751241600000
2025-06-30,EU + EFTA + UK,Stellantis,TTM,M,1916294,2025-06,1751241600000
2025-06-30,EU + EFTA + UK,Stellantis,UNITS,M,180907,2025-06,1751241600000
2025-06-30,EU + EFTA + UK,Stellantis,YTD,M,1037798,2025-06,1751241600000
2025-06-30,EU + EFTA + UK,Suzuki,TTM,M,182331,2025-06,1751241600000
2025-06-30,EU + EFTA + UK,Suzuki,UNITS,M,15475,2025-06,1751241600000
2025-06-30,EU + EFTA + UK,Suzuki,YTD,M,94208,2025-06,1751241600000
2025-06-30,EU + EFTA + UK,Tesla,TTM,M,232494,2025-06,1751241600000
2025-06-30,EU + EFTA + UK,Tesla,UNITS,M,34781,2025-06,1751241600000
2025-06-30,EU + EFTA + UK,Tesla,YTD,M,104638,2025-06,1751241600000
2025-06-30,EU + EFTA + UK,Toyota,TTM,M,902331,2025-06,1751241600000
2025-06-30,EU + EFTA + UK,Toyota,UNITS,M,74110,2025-06,1751241600000
2025-06-30,EU + EFTA + UK,Toyota,YTD,M,445527,2025-06,1751241600000
2025-06-30,EU + EFTA + UK,Toyota Group,TTM,M,982726,2025-06,1751241600000
2025-06-30,EU + EFTA + UK,Toyota Group,UNITS,M,81117,2025-06,1751241600000
2025-06-30,EU + EFTA + UK,Toyota Group,YTD,M,485972,2025-06,1751241600000
2025-06-30,EU + EFTA + UK,Volkswagen,TTM,M,1415317,2025-06,1751241600000
2025-06-30,EU + EFTA + UK,Volkswagen,UNITS,M,132092,2025-06,1751241600000
2025-06-30,EU + EFTA + UK,Volkswagen,YTD,M,739483,2025-06,1751241600000
2025-06-30,EU + EFTA + UK,Volkswagen Group,TTM,M,3474499,2025-06,1751241600000
2025-06-30,EU + EFTA + UK,Volkswagen Group,UNITS,M,323879,2025-06,1751241600000
2025-06-30,EU + EFTA + UK,Volkswagen Group,YTD,M,1794109,2025-06,1751241600000
2025-06-30,EU + EFTA + UK,Volvo Cars,TTM,M,356935,2025-06,1751241600000
2025-06-30,EU + EFTA + UK,Volvo Cars,UNITS,M,30796,2025-06,1751241600000
2025-06-30,EU + EFTA + UK,Volvo Cars,YTD,M,172337,2025-06,1751241600000
2025-06-30,European Union (EU),Alfa Romeo,TTM,M,51101,2025-06,1751241600000
2025-06-30,European Union (EU),Alfa Romeo,UNITS,M,4805,2025-06,1751241600000
2025-06-30,European Union (EU),Alfa Romeo,YTD,M,32215,2025-06,1751241600000
2025-06-30,European Union (EU),Alpine,TTM,M,5756,2025-06,1751241600000
2025-06-30,European Union (EU),Alpine,UNITS,M,976,2025-06,1751241600000
2025-06-30,European Union (EU),Alpine,YTD,M,4233,2025-06,1751241600000
2025-06-30,European Union (EU),Audi,TTM,M,514539,2025-06,1751241600000
2025-06-30,European Union (EU),Audi,UNITS,M,46405,2025-06,1751241600000
2025-06-30,European Union (EU),Audi,YTD,M,267099,2025-06,1751241600000
2025-06-30,European Union (EU),BMW,TTM,M,630058,2025-06,1751241600000
2025-06-30,European Union (EU),BMW,UNITS,M,59338,2025-06,1751241600000
2025-06-30,European Union (EU),BMW,YTD,M,323694,2025-06,1751241600000
2025-06-30,European Union (EU),BMW Group,TTM,M,736399,2025-06,1751241600000
2025-06-30,European Union (EU),BMW Group,UNITS,M,69623,2025-06,1751241600000
2025-06-30,European Union (EU),BMW Group,YTD,M,378358,2025-06,1751241600000
2025-06-30,European Union (EU),BYD,TTM,M,66281,2025-06,1751241600000
2025-06-30,European Union (EU),BYD,UNITS,M,6741,2025-06,1751241600000
2025-06-30,European Union (EU),BYD,YTD,M,40446,2025-06,1751241600000
2025-06-30,European Union (EU),Citroen,TTM,M,300737,2025-06,1751241600000
2025-06-30,European Union (EU),Citroen,UNITS,M,31393,2025-06,1751241600000
2025-06-30,European Union (EU),Citroen,YTD,M,181362,2025-06,1751241600000
2025-06-30,European Union (EU),Cupra,TTM,M,217793,2025-06,1751241600000
2025-06-30,European Union (EU),Cupra,UNITS,M,22112,2025-06,1751241600000
2025-06-30,European Union (EU),Cupra,YTD,M,130785,2025-06,1751241600000
2025-06-30,European Union (EU),DS,TTM,M,31749,2025-06,1751241600000
2025-06-30,European Union (EU),DS,UNITS,M,2888,2025-06,1751241600000
2025-06-30,European Union (EU),DS,YTD,M,16402,2025-06,1751241600000
2025-06-30,European Union (EU),Dacia,TTM,M,548336,2025-06,1751241600000
2025-06-30,European Union (EU),Dacia,UNITS,M,55715,2025-06,1751241600000
2025-06-30,European Union (EU),Dacia,YTD,M,294258,2025-06,1751241600000
2025-06-30,European Union (EU),Fiat,TTM,M,247053,2025-06,1751241600000
2025-06-30,European Union (EU),Fiat,UNITS,M,22797,2025-06,1751241600000
2025-06-30,European Union (EU),Fiat,YTD,M,148297,2025-06,1751241600000
2025-06-30,European Union (EU),Ford,TTM,M,307010,2025-06,1751241600000
2025-06-30,European Union (EU),Ford,UNITS,M,28686,2025-06,1751241600000
2025-06-30,European Union (EU),Ford,YTD,M,163785,2025-06,1751241600000
2025-06-30,European Union (EU),Honda,TTM,M,43779,2025-06,1751241600000
2025-06-30,European Union (EU),Honda,UNITS,M,3766,2025-06,1751241600000
2025-06-30,European Union (EU),Honda,YTD,M,24934,2025-06,1751241600000
2025-06-30,European Union (EU),Hyundai,TTM,M,406921,2025-06,1751241600000
2025-06-30,European Union (EU),Hyundai,UNITS,M,36148,2025-06,1751241600000
2025-06-30,European Union (EU),Hyundai,YTD,M,207567,2025-06,1751241600000
2025-06-30,European Union (EU),Hyundai Group,TTM,M,805138,2025-06,1751241600000
2025-06-30,European Union (EU),Hyundai Group,UNITS,M,70665,2025-06,1751241600000
2025-06-30,European Union (EU),Hyundai Group,YTD,M,415289,2025-06,1751241600000
2025-06-30,European Union (EU),Jaguar,TTM,M,3316,2025-06,1751241600000
2025-06-30,European Union (EU),Jaguar,UNITS,M,8,2025-06,1751241600000
2025-06-30,European Union (EU),Jaguar,YTD,M,1229,2025-06,1751241600000
2025-06-30,European Union (EU),Jaguar Land Rover Group,TTM,M,59587,2025-06,1751241600000
2025-06-30,European Union (EU),Jaguar Land Rover Group,UNITS,M,4413,2025-06,1751241600000
2025-06-30,European Union (EU),Jaguar Land Rover Group,YTD,M,30547,2025-06,1751241600000
2025-06-30,European Union (EU),Jeep,TTM,M,120103,2025-06,1751241600000
2025-06-30,European Union (EU),Jeep,UNITS,M,9989,2025-06,1751241600000
2025-06-30,European Union (EU),Jeep,YTD,M,66754,2025-06,1751241600000
2025-06-30,European Union (EU),Kia,TTM,M,398217,2025-06,1751241600000
2025-06-30,European Union (EU),Kia,UNITS,M,34517,2025-06,1751241600000
2025-06-30,European Union (EU),Kia,YTD,M,207722,2025-06,1751241600000
2025-06-30,European Union (EU),Lancia/Chrysler,TTM,M,14271,2025-06,1751241600000
2025-06-30,European Union (EU),Lancia/Chrysler,UNITS,M,875,2025-06,1751241600000
2025-06-30,European Union (EU),Lancia/Chrysler,YTD,M,6469,2025-06,1751241600000
2025-06-30,European Union (EU),Land Rover,TTM,M,56271,2025-06,1751241600000
2025-06-30,European Union (EU),Land Rover,UNITS,M,4405,2025-06,1751241600000
2025-06-30,European Union (EU),Land Rover,YTD,M,29318,2025-06,1751241600000
2025-06-30,European Union (EU),Lexus,TTM,M,72624,2025-06,1751241600000
2025-06-30,European Union (EU),Lexus,UNITS,M,6773,2025-06,1751241600000
2025-06-30,European Union (EU),Lexus,YTD,M,40239,2025-06,1751241600000
2025-06-30,European Union (EU),Mazda,TTM,M,128036,2025-06,1751241600000
2025-06-30,European Union (EU),Mazda,UNITS,M,11728,2025-06,1751241600000
2025-06-30,European Union (EU),Mazda,YTD,M,66005,2025-06,1751241600000
2025-06-30,European Union (EU),Mercedes,TTM,M,579501,2025-06,1751241600000
2025-06-30,European Union (EU),Mercedes,UNITS,M,53570,2025-06,1751241600000
2025-06-30,European Union (EU),Mercedes,YTD,M,285501,2025-06,1751241600000
2025-06-30,European Union (EU),Mercedes-Benz,TTM,M,576708,2025-06,1751241600000
2025-06-30,European Union (EU),Mercedes-Benz,UNITS,M,54608,2025-06,1751241600000
2025-06-30,European Union (EU),Mercedes-Benz,YTD,M,289200,2025-06,1751241600000
2025-06-30,European Union (EU),Mini,TTM,M,106342,2025-06,1751241600000
2025-06-30,European Union (EU),Mini,UNITS,M,10285,2025-06,1751241600000
2025-06-30,European Union (EU),Mini,YTD,M,54665,2025-06,1751241600000
2025-06-30,European Union (EU),Mitsubishi,TTM,M,49259,2025-06,1751241600000
2025-06-30,European Union (EU),Mitsubishi,UNITS,M,6370,2025-06,1751241600000
2025-06-30,European Union (EU),Mitsubishi,YTD,M,27228,2025-06,1751241600000
2025-06-30,European Union (EU),Nissan,TTM,M,210792,2025-06,1751241600000
2025-06-30,European Union (EU),Nissan,UNITS,M,16074,2025-06,1751241600000
2025-06-30,European Union (EU),Nissan,YTD,M,129987,2025-06,1751241600000
2025-06-30,European Union (EU),Opel/Vauxhall,TTM,M,301845,2025-06,1751241600000
2025-06-30,European Union (EU),Opel/Vauxhall,UNITS,M,33683,2025-06,1751241600000
2025-06-30,European Union (EU),Opel/Vauxhall,YTD,M,157055,2025-06,1751241600000
2025-06-30,European Union (EU),Peugeot,TTM,M,579644,2025-06,1751241600000
2025-06-30,European Union (EU),Peugeot,UNITS,M,51985,2025-06,1751241600000
2025-06-30,European Union (EU),Peugeot,YTD,M,322270,2025-06,1751241600000
2025-06-30,European Union (EU),Porsche,TTM,M,72217,2025-06,1751241600000
2025-06-30,European Union (EU),Porsche,UNITS,M,6333,2025-06,1751241600000
2025-06-30,European Union (EU),Porsche,YTD,M,37840,2025-06,1751241600000
2025-06-30,European Union (EU),Renault,TTM,M,669487,2025-06,1751241600000
2025-06-30,European Union (EU),Renault,UNITS,M,74400,2025-06,1751241600000
2025-06-30,European Union (EU),Renault,YTD,M,368517,2025-06,1751241600000
2025-06-30,European Union (EU),Renault Group,TTM,M,1223579,2025-06,1751241600000
2025-06-30,European Union (EU),Renault Group,UNITS,M,131091,2025-06,1751241600000
2025-06-30,European Union (EU),Renault Group,YTD,M,667008,2025-06,1751241600000
2025-06-30,European Union (EU),SAIC Motor,TTM,M,192050,2025-06,1751241600000
2025-06-30,European Union (EU),SAIC Motor,UNITS,M,18023,2025-06,1751241600000
2025-06-30,European Union (EU),SAIC Motor,YTD,M,114894,2025-06,1751241600000
2025-06-30,European Union (EU),Seat,TTM,M,200290,2025-06,1751241600000
2025-06-30,European Union (EU),Seat,UNITS,M,17926,2025-06,1751241600000
2025-06-30,European Union (EU),Seat,YTD,M,104616,2025-06,1751241600000
2025-06-30,European Union (EU),Skoda,TTM,M,683264,2025-06,1751241600000
2025-06-30,European Union (EU),Skoda,UNITS,M,66592,2025-06,1751241600000
2025-06-30,European Union (EU),Skoda,YTD,M,354167,2025-06,1751241600000
2025-06-30,European Union (EU),Smart,TTM,M,4310,2025-06,1751241600000
2025-06-30,European Union (EU),Smart,UNITS,M,1038,2025-06,1751241600000
2025-06-30,European Union (EU),Smart,YTD,M,3699,2025-06,1751241600000
2025-06-30,European Union (EU),Stellantis,TTM,M,1650740,2025-06,1751241600000
2025-06-30,European Union (EU),Stellantis,UNITS,M,158871,2025-06,1751241600000
2025-06-30,European Union (EU),Stellantis,YTD,M,933052,2025-06,1751241600000
2025-06-30,European Union (EU),Suzuki,TTM,M,159500,2025-06,1751241600000
2025-06-30,European Union (EU),Suzuki,UNITS,M,13532,2025-06,1751241600000
2025-06-30,European Union (EU),Suzuki,YTD,M,83911,2025-06,1751241600000
2025-06-30,European Union (EU),Tesla,TTM,M,201616,2025-06,1751241600000
2025-06-30,European Union (EU),Tesla,UNITS,M,20349,2025-06,1751241600000
2025-06-30,European Union (EU),Tesla,YTD,M,84786,2025-06,1751241600000
2025-06-30,European Union (EU),Toyota,TTM,M,833772,2025-06,1751241600000
2025-06-30,European Union (EU),Toyota,UNITS,M,71900,2025-06,1751241600000
2025-06-30,European Union (EU),Toyota,YTD,M,444576,2025-06,1751241600000
2025-06-30,European Union (EU),Toyota Group,TTM,M,906396,2025-06,1751241600000
2025-06-30,European Union (EU),Toyota Group,UNITS,M,78673,2025-06,1751241600000
2025-06-30,European Union (EU),Toyota Group,YTD,M,484815,2025-06,1751241600000
2025-06-30,European Union (EU),Volkswagen,TTM,M,1184401,2025-06,1751241600000
2025-06-30,European Union (EU),Volkswagen,UNITS,M,110702,2025-06,1751241600000
2025-06-30,European Union (EU),Volkswagen,YTD,M,632469,2025-06,1751241600000
2025-06-30,European Union (EU),Volkswagen Group,TTM,M,2878635,2025-06,1751241600000
2025-06-30,European Union (EU),Volkswagen Group,UNITS,M,270767,2025-06,1751241600000
2025-06-30,European Union (EU),Volkswagen Group,YTD,M,1530748,2025-06,1751241600000
2025-06-30,European Union (EU),Volvo Cars,TTM,M,255414,2025-06,1751241600000
2025-06-30,European Union (EU),Volvo Cars,UNITS,M,22996,2025-06,1751241600000
2025-06-30,European Union (EU),Volvo Cars,YTD,M,127359,2025-06,1751241600000
2025-07-31,EU + EFTA + UK,Alfa Romeo,TTM,M,56525,2025-07,1753920000000
2025-07-31,EU + EFTA + UK,Alfa Romeo,UNITS,M,4317,2025-07,1753920000000
2025-07-31,EU + EFTA + UK,Alfa Romeo,YTD,M,38454,2025-07,1753920000000
2025-07-31,EU + EFTA + UK,Alpine,TTM,M,7388,2025-07,1753920000000
2025-07-31,EU + EFTA + UK,Alpine,UNITS,M,690,2025-07,1753920000000
2025-07-31,EU + EFTA + UK,Alpine,YTD,M,5820,2025-07,1753920000000
2025-07-31,EU + EFTA + UK,Audi,TTM,M,655351,2025-07,1753920000000
2025-07-31,EU + EFTA + UK,Audi,UNITS,M,52971,2025-07,1753920000000
2025-07-31,EU + EFTA + UK,Audi,YTD,M,379879,2025-07,1753920000000
2025-07-31,EU + EFTA + UK,BMW,TTM,M,801652,2025-07,1753920000000
2025-07-31,EU + EFTA + UK,BMW,UNITS,M,67875,2025-07,1753920000000
2025-07-31,EU + EFTA + UK,BMW,YTD,M,474444,2025-07,1753920000000
2025-07-31,EU + EFTA + UK,BMW Group,TTM,M,960566,2025-07,1753920000000
2025-07-31,EU + EFTA + UK,BMW Group,UNITS,M,83279,2025-07,1753920000000
2025-07-31,EU + EFTA + UK,BMW Group,YTD,M,570243,2025-07,1753920000000
2025-07-31,EU + EFTA + UK,BYD,TTM,M,92833,2025-07,1753920000000
2025-07-31,EU + EFTA + UK,BYD,UNITS,M,13503,2025-07,1753920000000
2025-07-31,EU + EFTA + UK,BYD,YTD,M,63873,2025-07,1753920000000
2025-07-31,EU + EFTA + UK,Citroen,TTM,M,339414,2025-07,1753920000000
2025-07-31,EU + EFTA + UK,Citroen,UNITS,M,26333,2025-07,1753920000000
2025-07-31,EU + EFTA + UK,Citroen,YTD,M,215337,2025-07,1753920000000
2025-07-31,EU + EFTA + UK,Cupra,TTM,M,269810,2025-07,1753920000000
2025-07-31,EU + EFTA + UK,Cupra,UNITS,M,24199,2025-07,1753920000000
2025-07-31,EU + EFTA + UK,Cupra,YTD,M,175913,2025-07,1753920000000
2025-07-31,EU + EFTA + UK,DS,TTM,M,33404,2025-07,1753920000000
2025-07-31,EU + EFTA + UK,DS,UNITS,M,2245,2025-07,1753920000000
2025-07-31,EU + EFTA + UK,DS,YTD,M,19322,2025-07,1753920000000
2025-07-31,EU + EFTA + UK,Dacia,TTM,M,607312,2025-07,1753920000000
2025-07-31,EU + EFTA + UK,Dacia,UNITS,M,53945,2025-07,1753920000000
2025-07-31,EU + EFTA + UK,Dacia,YTD,M,360458,2025-07,1753920000000
2025-07-31,EU + EFTA + UK,Fiat,TTM,M,269737,2025-07,1753920000000
2025-07-31,EU + EFTA + UK,Fiat,UNITS,M,22314,2025-07,1753920000000
2025-07-31,EU + EFTA + UK,Fiat,YTD,M,172458,2025-07,1753920000000
2025-07-31,EU + EFTA + UK,Ford,TTM,M,422603,2025-07,1753920000000
2025-07-31,EU + EFTA + UK,Ford,UNITS,M,35858,2025-07,1753920000000
2025-07-31,EU + EFTA + UK,Ford,YTD,M,259427,2025-07,1753920000000
2025-07-31,EU + EFTA + UK,Honda,TTM,M,69592,2025-07,1753920000000
2025-07-31,EU + EFTA + UK,Honda,UNITS,M,6024,2025-07,1753920000000
2025-07-31,EU + EFTA + UK,Honda,YTD,M,43263,2025-07,1753920000000
2025-07-31,EU + EFTA + UK,Hyundai,TTM,M,536228,2025-07,1753920000000
2025-07-31,EU + EFTA + UK,Hyundai,UNITS,M,49148,2025-07,1753920000000
2025-07-31,EU + EFTA + UK,Hyundai,YTD,M,316122,2025-07,1753920000000
2025-07-31,EU + EFTA + UK,Hyundai Group,TTM,M,1061571,2025-07,1753920000000
2025-07-31,EU + EFTA + UK,Hyundai Group,UNITS,M,91819,2025-07,1753920000000
2025-07-31,EU + EFTA + UK,Hyundai Group,YTD,M,632355,2025-07,1753920000000
2025-07-31,EU + EFTA + UK,Jaguar,TTM,M,9377,2025-07,1753920000000
2025-07-31,EU + EFTA + UK,Jaguar,UNITS,M,7,2025-07,1753920000000
2025-07-31,EU + EFTA + UK,Jaguar,YTD,M,2745,2025-07,1753920000000
2025-07-31,EU + EFTA + UK,Jaguar Land Rover Group,TTM,M,138281,2025-07,1753920000000
2025-07-31,EU + EFTA + UK,Jaguar Land Rover Group,UNITS,M,9828,2025-07,1753920000000
2025-07-31,EU + EFTA + UK,Jaguar Land Rover Group,YTD,M,81953,2025-07,1753920000000
2025-07-31,EU + EFTA + UK,Jeep,TTM,M,135130,2025-07,1753920000000
2025-07-31,EU + EFTA + UK,Jeep,UNITS,M,10422,2025-07,1753920000000
2025-07-31,EU + EFTA + UK,Jeep,YTD,M,83003,2025-07,1753920000000
2025-07-31,EU + EFTA + UK,Kia,TTM,M,525343,2025-07,1753920000000
2025-07-31,EU + EFTA + UK,Kia,UNITS,M,42671,2025-07,1753920000000
2025-07-31,EU + EFTA + UK,Kia,YTD,M,316233,2025-07,1753920000000
2025-07-31,EU + EFTA + UK,Lancia/Chrysler,TTM,M,16170,2025-07,1753920000000
2025-07-31,EU + EFTA + UK,Lancia/Chrysler,UNITS,M,905,2025-07,1753920000000
2025-07-31,EU + EFTA + UK,Lancia/Chrysler,YTD,M,7980,2025-07,1753920000000
2025-07-31,EU + EFTA + UK,Land Rover,TTM,M,128904,2025-07,1753920000000
2025-07-31,EU + EFTA + UK,Land Rover,UNITS,M,9821,2025-07,1753920000000
2025-07-31,EU + EFTA + UK,Land Rover,YTD,M,79208,2025-07,1753920000000
2025-07-31,EU + EFTA + UK,Lexus,TTM,M,80236,2025-07,1753920000000
2025-07-31,EU + EFTA + UK,Lexus,UNITS,M,6059,2025-07,1753920000000
2025-07-31,EU + EFTA + UK,Lexus,YTD,M,46504,2025-07,1753920000000
2025-07-31,EU + EFTA + UK,Mazda,TTM,M,154538,2025-07,1753920000000
2025-07-31,EU + EFTA + UK,Mazda,UNITS,M,10036,2025-07,1753920000000
2025-07-31,EU + EFTA + UK,Mazda,YTD,M,90531,2025-07,1753920000000
2025-07-31,EU + EFTA + UK,Mercedes-Benz,TTM,M,683550,2025-07,1753920000000
2025-07-31,EU + EFTA + UK,Mercedes-Benz,UNITS,M,53458,2025-07,1753920000000
2025-07-31,EU + EFTA + UK,Mercedes-Benz,YTD,M,390566,2025-07,1753920000000
2025-07-31,EU + EFTA + UK,Mini,TTM,M,158914,2025-07,1753920000000
2025-07-31,EU + EFTA + UK,Mini,UNITS,M,15404,2025-07,1753920000000
2025-07-31,EU + EFTA + UK,Mini,YTD,M,95799,2025-07,1753920000000
2025-07-31,EU + EFTA + UK,Mitsubishi,TTM,M,51645,2025-07,1753920000000
2025-07-31,EU + EFTA + UK,Mitsubishi,UNITS,M,3327,2025-07,1753920000000
2025-07-31,EU + EFTA + UK,Mitsubishi,YTD,M,31768,2025-07,1753920000000
2025-07-31,EU + EFTA + UK,Nissan,TTM,M,296519,2025-07,1753920000000
2025-07-31,EU + EFTA + UK,Nissan,UNITS,M,20882,2025-07,1753920000000
2025-07-31,EU + EFTA + UK,Nissan,YTD,M,185210,2025-07,1753920000000
2025-07-31,EU + EFTA + UK,Opel/Vauxhall,TTM,M,393427,2025-07,1753920000000
2025-07-31,EU + EFTA + UK,Opel/Vauxhall,UNITS,M,36279,2025-07,1753920000000
2025-07-31,EU + EFTA + UK,Opel/Vauxhall,YTD,M,239063,2025-07,1753920000000
2025-07-31,EU + EFTA + UK,Peugeot,TTM,M,665282,2025-07,1753920000000
2025-07-31,EU + EFTA + UK,Peugeot,UNITS,M,48027,2025-07,1753920000000
2025-07-31,EU + EFTA + UK,Peugeot,YTD,M,410387,2025-07,1753920000000
2025-07-31,EU + EFTA + UK,Porsche,TTM,M,100429,2025-07,1753920000000
2025-07-31,EU + EFTA + UK,Porsche,UNITS,M,7801,2025-07,1753920000000
2025-07-31,EU + EFTA + UK,Porsche,YTD,M,58134,2025-07,1753920000000
2025-07-31,EU + EFTA + UK,Renault,TTM,M,733159,2025-07,1753920000000
2025-07-31,EU + EFTA + UK,Renault,UNITS,M,49559,2025-07,1753920000000
2025-07-31,EU + EFTA + UK,Renault,YTD,M,445746,2025-07,1753920000000
2025-07-31,EU + EFTA + UK,Renault Group,TTM,M,1347859,2025-07,1753920000000
2025-07-31,EU + EFTA + UK,Renault Group,UNITS,M,104194,2025-07,1753920000000
2025-07-31,EU + EFTA + UK,Renault Group,YTD,M,812024,2025-07,1753920000000
2025-07-31,EU + EFTA + UK,SAIC Motor,TTM,M,280758,2025-07,1753920000000
2025-07-31,EU + EFTA + UK,SAIC Motor,UNITS,M,23316,2025-07,1753920000000
2025-07-31,EU + EFTA + UK,SAIC Motor,YTD,M,174880,2025-07,1753920000000
2025-07-31,EU + EFTA + UK,Seat,TTM,M,231400,2025-07,1753920000000
2025-07-31,EU + EFTA + UK,Seat,UNITS,M,18564,2025-07,1753920000000
2025-07-31,EU + EFTA + UK,Seat,YTD,M,131396,2025-07,1753920000000
2025-07-31,EU + EFTA + UK,Skoda,TTM,M,810104,2025-07,1753920000000
2025-07-31,EU + EFTA + UK,Skoda,UNITS,M,77591,2025-07,1753920000000
2025-07-31,EU + EFTA + UK,Skoda,YTD,M,485684,2025-07,1753920000000
2025-07-31,EU + EFTA + UK,Stellantis,TTM,M,1914614,2025-07,1753920000000
2025-07-31,EU + EFTA + UK,Stellantis,UNITS,M,151391,2025-07,1753920000000
2025-07-31,EU + EFTA + UK,Stellantis,YTD,M,1189189,2025-07,1753920000000
2025-07-31,EU + EFTA + UK,Suzuki,TTM,M,180529,2025-07,1753920000000
2025-07-31,EU + EFTA + UK,Suzuki,UNITS,M,13376,2025-07,1753920000000
2025-07-31,EU + EFTA + UK,Suzuki,YTD,M,107584,2025-07,1753920000000
2025-07-31,EU + EFTA + UK,Tesla,TTM,M,226562,2025-07,1753920000000
2025-07-31,EU + EFTA + UK,Tesla,UNITS,M,8837,2025-07,1753920000000
2025-07-31,EU + EFTA + UK,Tesla,YTD,M,113475,2025-07,1753920000000
2025-07-31,EU + EFTA + UK,Toyota,TTM,M,899535,2025-07,1753920000000
2025-07-31,EU + EFTA + UK,Toyota,UNITS,M,71376,2025-07,1753920000000
2025-07-31,EU + EFTA + UK,Toyota,YTD,M,516903,2025-07,1753920000000
2025-07-31,EU + EFTA + UK,Toyota Group,TTM,M,979771,2025-07,1753920000000
2025-07-31,EU + EFTA + UK,Toyota Group,UNITS,M,77435,2025-07,1753920000000
2025-07-31,EU + EFTA + UK,Toyota Group,YTD,M,563407,2025-07,1753920000000
2025-07-31,EU + EFTA + UK,Volkswagen,TTM,M,1430454,2025-07,1753920000000
2025-07-31,EU + EFTA + UK,Volkswagen,UNITS,M,124464,2025-07,1753920000000
2025-07-31,EU + EFTA + UK,Volkswagen,YTD,M,863947,2025-07,1753920000000
2025-07-31,EU + EFTA + UK,Volkswagen Group,TTM,M,3506383,2025-07,1753920000000
2025-07-31,EU + EFTA + UK,Volkswagen Group,UNITS,M,306543,2025-07,1753920000000
2025-07-31,EU + EFTA + UK,Volkswagen Group,YTD,M,2100652,2025-07,1753920000000
2025-07-31,EU + EFTA + UK,Volvo Cars,TTM,M,351921,2025-07,1753920000000
2025-07-31,EU + EFTA + UK,Volvo Cars,UNITS,M,25030,2025-07,1753920000000
2025-07-31,EU + EFTA + UK,Volvo Cars,YTD,M,197367,2025-07,1753920000000
2025-07-31,European Union (EU),Alfa Romeo,TTM,M,52222,2025-07,1753920000000
2025-07-31,European Union (EU),Alfa Romeo,UNITS,M,4068,2025-07,1753920000000
2025-07-31,European Union (EU),Alfa Romeo,YTD,M,36283,2025-07,1753920000000
2025-07-31,European Union (EU),Alpine,TTM,M,6137,2025-07,1753920000000
2025-07-31,European Union (EU),Alpine,UNITS,M,540,2025-07,1753920000000
2025-07-31,European Union (EU),Alpine,YTD,M,4773,2025-07,1753920000000
2025-07-31,European Union (EU),Audi,TTM,M,509314,2025-07,1753920000000
2025-07-31,European Union (EU),Audi,UNITS,M,42617,2025-07,1753920000000
2025-07-31,European Union (EU),Audi,YTD,M,309716,2025-07,1753920000000
2025-07-31,European Union (EU),BMW,TTM,M,635795,2025-07,1753920000000
2025-07-31,European Union (EU),BMW,UNITS,M,57498,2025-07,1753920000000
2025-07-31,European Union (EU),BMW,YTD,M,381192,2025-07,1753920000000
2025-07-31,European Union (EU),BMW Group,TTM,M,744917,2025-07,1753920000000
2025-07-31,European Union (EU),BMW Group,UNITS,M,67957,2025-07,1753920000000
2025-07-31,European Union (EU),BMW Group,YTD,M,446315,2025-07,1753920000000
2025-07-31,European Union (EU),BYD,TTM,M,72814,2025-07,1753920000000
2025-07-31,European Union (EU),BYD,UNITS,M,9698,2025-07,1753920000000
2025-07-31,European Union (EU),BYD,YTD,M,50144,2025-07,1753920000000
2025-07-31,European Union (EU),Citroen,TTM,M,301534,2025-07,1753920000000
2025-07-31,European Union (EU),Citroen,UNITS,M,24911,2025-07,1753920000000
2025-07-31,European Union (EU),Citroen,YTD,M,206273,2025-07,1753920000000
2025-07-31,European Union (EU),Cupra,TTM,M,224460,2025-07,1753920000000
2025-07-31,European Union (EU),Cupra,UNITS,M,20097,2025-07,1753920000000
2025-07-31,European Union (EU),Cupra,YTD,M,150882,2025-07,1753920000000
2025-07-31,European Union (EU),DS,TTM,M,31273,2025-07,1753920000000
2025-07-31,European Union (EU),DS,UNITS,M,2218,2025-07,1753920000000
2025-07-31,European Union (EU),DS,YTD,M,18620,2025-07,1753920000000
2025-07-31,European Union (EU),Dacia,TTM,M,554634,2025-07,1753920000000
2025-07-31,European Union (EU),Dacia,UNITS,M,51096,2025-07,1753920000000
2025-07-31,European Union (EU),Dacia,YTD,M,345354,2025-07,1753920000000
2025-07-31,European Union (EU),Fiat,TTM,M,246093,2025-07,1753920000000
2025-07-31,European Union (EU),Fiat,UNITS,M,21738,2025-07,1753920000000
2025-07-31,European Union (EU),Fiat,YTD,M,170035,2025-07,1753920000000
2025-07-31,European Union (EU),Ford,TTM,M,309499,2025-07,1753920000000
2025-07-31,European Union (EU),Ford,UNITS,M,26349,2025-07,1753920000000
2025-07-31,European Union (EU),Ford,YTD,M,190134,2025-07,1753920000000
2025-07-31,European Union (EU),Honda,TTM,M,44304,2025-07,1753920000000
2025-07-31,European Union (EU),Honda,UNITS,M,3922,2025-07,1753920000000
2025-07-31,European Union (EU),Honda,YTD,M,28856,2025-07,1753920000000
2025-07-31,European Union (EU),Hyundai,TTM,M,409066,2025-07,1753920000000
2025-07-31,European Union (EU),Hyundai,UNITS,M,40672,2025-07,1753920000000
2025-07-31,European Union (EU),Hyundai,YTD,M,248239,2025-07,1753920000000
2025-07-31,European Union (EU),Hyundai Group,TTM,M,803830,2025-07,1753920000000
2025-07-31,European Union (EU),Hyundai Group,UNITS,M,73486,2025-07,1753920000000
2025-07-31,European Union (EU),Hyundai Group,YTD,M,488775,2025-07,1753920000000
2025-07-31,European Union (EU),Jaguar,TTM,M,2941,2025-07,1753920000000
2025-07-31,European Union (EU),Jaguar,UNITS,M,1,2025-07,1753920000000
2025-07-31,European Union (EU),Jaguar,YTD,M,1230,2025-07,1753920000000
2025-07-31,European Union (EU),Jaguar Land Rover Group,TTM,M,59095,2025-07,1753920000000
2025-07-31,European Union (EU),Jaguar Land Rover Group,UNITS,M,4731,2025-07,1753920000000
2025-07-31,European Union (EU),Jaguar Land Rover Group,YTD,M,35278,2025-07,1753920000000
2025-07-31,European Union (EU),Jeep,TTM,M,119996,2025-07,1753920000000
2025-07-31,European Union (EU),Jeep,UNITS,M,9428,2025-07,1753920000000
2025-07-31,European Union (EU),Jeep,YTD,M,76182,2025-07,1753920000000
2025-07-31,European Union (EU),Kia,TTM,M,394764,2025-07,1753920000000
2025-07-31,European Union (EU),Kia,UNITS,M,32814,2025-07,1753920000000
2025-07-31,European Union (EU),Kia,YTD,M,240536,2025-07,1753920000000
2025-07-31,European Union (EU),Lancia/Chrysler,TTM,M,12333,2025-07,1753920000000
2025-07-31,European Union (EU),Lancia/Chrysler,UNITS,M,905,2025-07,1753920000000
2025-07-31,European Union (EU),Lancia/Chrysler,YTD,M,7374,2025-07,1753920000000
2025-07-31,European Union (EU),Land Rover,TTM,M,56154,2025-07,1753920000000
2025-07-31,European Union (EU),Land Rover,UNITS,M,4730,2025-07,1753920000000
2025-07-31,European Union (EU),Land Rover,YTD,M,34048,2025-07,1753920000000
2025-07-31,European Union (EU),Lexus,TTM,M,72388,2025-07,1753920000000
2025-07-31,European Union (EU),Lexus,UNITS,M,5804,2025-07,1753920000000
2025-07-31,European Union (EU),Lexus,YTD,M,46043,2025-07,1753920000000
2025-07-31,European Union (EU),Mazda,TTM,M,126379,2025-07,1753920000000
2025-07-31,European Union (EU),Mazda,UNITS,M,7952,2025-07,1753920000000
2025-07-31,European Union (EU),Mazda,YTD,M,73957,2025-07,1753920000000
2025-07-31,European Union (EU),Mercedes-Benz,TTM,M,577862,2025-07,1753920000000
2025-07-31,European Union (EU),Mercedes-Benz,UNITS,M,45581,2025-07,1753920000000
2025-07-31,European Union (EU),Mercedes-Benz,YTD,M,334781,2025-07,1753920000000
2025-07-31,European Union (EU),Mini,TTM,M,109123,2025-07,1753920000000
2025-07-31,European Union (EU),Mini,UNITS,M,10459,2025-07,1753920000000
2025-07-31,European Union (EU),Mini,YTD,M,65124,2025-07,1753920000000
2025-07-31,European Union (EU),Mitsubishi,TTM,M,49421,2025-07,1753920000000
2025-07-31,European Union (EU),Mitsubishi,UNITS,M,3211,2025-07,1753920000000
2025-07-31,European Union (EU),Mitsubishi,YTD,M,30439,2025-07,1753920000000
2025-07-31,European Union (EU),Nissan,TTM,M,211680,2025-07,1753920000000
2025-07-31,European Union (EU),Nissan,UNITS,M,14435,2025-07,1753920000000
2025-07-31,European Union (EU),Nissan,YTD,M,144422,2025-07,1753920000000
2025-07-31,European Union (EU),Opel/Vauxhall,TTM,M,304814,2025-07,1753920000000
2025-07-31,European Union (EU),Opel/Vauxhall,UNITS,M,30990,2025-07,1753920000000
2025-07-31,European Union (EU),Opel/Vauxhall,YTD,M,188045,2025-07,1753920000000
2025-07-31,European Union (EU),Peugeot,TTM,M,576922,2025-07,1753920000000
2025-07-31,European Union (EU),Peugeot,UNITS,M,41243,2025-07,1753920000000
2025-07-31,European Union (EU),Peugeot,YTD,M,363513,2025-07,1753920000000
2025-07-31,European Union (EU),Porsche,TTM,M,73349,2025-07,1753920000000
2025-07-31,European Union (EU),Porsche,UNITS,M,5964,2025-07,1753920000000
2025-07-31,European Union (EU),Porsche,YTD,M,43804,2025-07,1753920000000
2025-07-31,European Union (EU),Renault,TTM,M,671164,2025-07,1753920000000
2025-07-31,European Union (EU),Renault,UNITS,M,45307,2025-07,1753920000000
2025-07-31,European Union (EU),Renault,YTD,M,413824,2025-07,1753920000000
2025-07-31,European Union (EU),Renault Group,TTM,M,1231935,2025-07,1753920000000
2025-07-31,European Union (EU),Renault Group,UNITS,M,96943,2025-07,1753920000000
2025-07-31,European Union (EU),Renault Group,YTD,M,763951,2025-07,1753920000000
2025-07-31,European Union (EU),SAIC Motor,TTM,M,194516,2025-07,1753920000000
2025-07-31,European Union (EU),SAIC Motor,UNITS,M,16695,2025-07,1753920000000
2025-07-31,European Union (EU),SAIC Motor,YTD,M,131589,2025-07,1753920000000
2025-07-31,European Union (EU),Seat,TTM,M,197740,2025-07,1753920000000
2025-07-31,European Union (EU),Seat,UNITS,M,16833,2025-07,1753920000000
2025-07-31,European Union (EU),Seat,YTD,M,121449,2025-07,1753920000000
2025-07-31,European Union (EU),Skoda,TTM,M,699089,2025-07,1753920000000
2025-07-31,European Union (EU),Skoda,UNITS,M,68076,2025-07,1753920000000
2025-07-31,European Union (EU),Skoda,YTD,M,422243,2025-07,1753920000000
2025-07-31,European Union (EU),Stellantis,TTM,M,1649497,2025-07,1753920000000
2025-07-31,European Union (EU),Stellantis,UNITS,M,135992,2025-07,1753920000000
2025-07-31,European Union (EU),Stellantis,YTD,M,1069044,2025-07,1753920000000
2025-07-31,European Union (EU),Suzuki,TTM,M,158602,2025-07,1753920000000
2025-07-31,European Union (EU),Suzuki,UNITS,M,12069,2025-07,1753920000000
2025-07-31,European Union (EU),Suzuki,YTD,M,95980,2025-07,1753920000000
2025-07-31,European Union (EU),Tesla,TTM,M,196751,2025-07,1753920000000
2025-07-31,European Union (EU),Tesla,UNITS,M,6600,2025-07,1753920000000
2025-07-31,European Union (EU),Tesla,YTD,M,91386,2025-07,1753920000000
2025-07-31,European Union (EU),Toyota,TTM,M,831020,2025-07,1753920000000
2025-07-31,European Union (EU),Toyota,UNITS,M,69798,2025-07,1753920000000
2025-07-31,European Union (EU),Toyota,YTD,M,514374,2025-07,1753920000000
2025-07-31,European Union (EU),Toyota Group,TTM,M,903408,2025-07,1753920000000
2025-07-31,European Union (EU),Toyota Group,UNITS,M,75602,2025-07,1753920000000
2025-07-31,European Union (EU),Toyota Group,YTD,M,560417,2025-07,1753920000000
2025-07-31,European Union (EU),Volkswagen,TTM,M,1199908,2025-07,1753920000000
2025-07-31,European Union (EU),Volkswagen,UNITS,M,107723,2025-07,1753920000000
2025-07-31,European Union (EU),Volkswagen,YTD,M,740192,2025-07,1753920000000
2025-07-31,European Union (EU),Volkswagen Group,TTM,M,2910146,2025-07,1753920000000
2025-07-31,European Union (EU),Volkswagen Group,UNITS,M,262069,2025-07,1753920000000
2025-07-31,European Union (EU),Volkswagen Group,YTD,M,1792817,2025-07,1753920000000
2025-07-31,European Union (EU),Volvo Cars,TTM,M,252268,2025-07,1753920000000
2025-07-31,European Union (EU),Volvo Cars,UNITS,M,18887,2025-07,1753920000000
2025-07-31,European Union (EU),Volvo Cars,YTD,M,146246,2025-07,1753920000000
2025-08-31,EU + EFTA + UK,Alfa Romeo,TTM,M,57738,2025-08,1756598400000
2025-08-31,EU + EFTA + UK,Alfa Romeo,UNITS,M,4317,2025-08,1756598400000
2025-08-31,EU + EFTA + UK,Alfa Romeo,YTD,M,42771,2025-08,1756598400000
2025-08-31,EU + EFTA + UK,Alpine,TTM,M,7887,2025-08,1756598400000
2025-08-31,EU + EFTA + UK,Alpine,UNITS,M,690,2025-08,1756598400000
2025-08-31,EU + EFTA + UK,Alpine,YTD,M,6510,2025-08,1756598400000
2025-08-31,EU + EFTA + UK,Audi,TTM,M,649175,2025-08,1756598400000
2025-08-31,EU + EFTA + UK,Audi,UNITS,M,52971,2025-08,1756598400000
2025-08-31,EU + EFTA + UK,Audi,YTD,M,432850,2025-08,1756598400000
2025-08-31,EU + EFTA + UK,BMW,TTM,M,805822,2025-08,1756598400000
2025-08-31,EU + EFTA + UK,BMW,UNITS,M,67875,2025-08,1756598400000
2025-08-31,EU + EFTA + UK,BMW,YTD,M,542319,2025-08,1756598400000
2025-08-31,EU + EFTA + UK,BMW Group,TTM,M,969243,2025-08,1756598400000
2025-08-31,EU + EFTA + UK,BMW Group,UNITS,M,83279,2025-08,1756598400000
2025-08-31,EU + EFTA + UK,BMW Group,YTD,M,653522,2025-08,1756598400000
2025-08-31,EU + EFTA + UK,BYD,TTM,M,102185,2025-08,1756598400000
2025-08-31,EU + EFTA + UK,BYD,UNITS,M,13503,2025-08,1756598400000
2025-08-31,EU + EFTA + UK,BYD,YTD,M,77376,2025-08,1756598400000
2025-08-31,EU + EFTA + UK,Citroen,TTM,M,339449,2025-08,1756598400000
2025-08-31,EU + EFTA + UK,Citroen,UNITS,M,26333,2025-08,1756598400000
2025-08-31,EU + EFTA + UK,Citroen,YTD,M,241670,2025-08,1756598400000
2025-08-31,EU + EFTA + UK,Cupra,TTM,M,277347,2025-08,1756598400000
2025-08-31,EU + EFTA + UK,Cupra,UNITS,M,24199,2025-08,1756598400000
2025-08-31,EU + EFTA + UK,Cupra,YTD,M,200112,2025-08,1756598400000
2025-08-31,EU + EFTA + UK,DS,TTM,M,32815,2025-08,1756598400000
2025-08-31,EU + EFTA + UK,DS,UNITS,M,2245,2025-08,1756598400000
2025-08-31,EU + EFTA + UK,DS,YTD,M,21567,2025-08,1756598400000
2025-08-31,EU + EFTA + UK,Dacia,TTM,M,613789,2025-08,1756598400000
2025-08-31,EU + EFTA + UK,Dacia,UNITS,M,53945,2025-08,1756598400000
2025-08-31,EU + EFTA + UK,Dacia,YTD,M,414403,2025-08,1756598400000
2025-08-31,EU + EFTA + UK,Fiat,TTM,M,268189,2025-08,1756598400000
2025-08-31,EU + EFTA + UK,Fiat,UNITS,M,22314,2025-08,1756598400000
2025-08-31,EU + EFTA + UK,Fiat,YTD,M,194772,2025-08,1756598400000
2025-08-31,EU + EFTA + UK,Ford,TTM,M,426321,2025-08,1756598400000
2025-08-31,EU + EFTA + UK,Ford,UNITS,M,35858,2025-08,1756598400000
2025-08-31,EU + EFTA + UK,Ford,YTD,M,295285,2025-08,1756598400000
2025-08-31,EU + EFTA + UK,Honda,TTM,M,69548,2025-08,1756598400000
2025-08-31,EU + EFTA + UK,Honda,UNITS,M,6024,2025-08,1756598400000
2025-08-31,EU + EFTA + UK,Honda,YTD,M,49287,2025-08,1756598400000
2025-08-31,EU + EFTA + UK,Hyundai,TTM,M,538082,2025-08,1756598400000
2025-08-31,EU + EFTA + UK,Hyundai,UNITS,M,49148,2025-08,1756598400000
2025-08-31,EU + EFTA + UK,Hyundai,YTD,M,365270,2025-08,1756598400000
2025-08-31,EU + EFTA + UK,Hyundai Group,TTM,M,1059456,2025-08,1756598400000
2025-08-31,EU + EFTA + UK,Hyundai Group,UNITS,M,91819,2025-08,1756598400000
2025-08-31,EU + EFTA + UK,Hyundai Group,YTD,M,724174,2025-08,1756598400000
2025-08-31,EU + EFTA + UK,Jaguar,TTM,M,7924,2025-08,1756598400000
2025-08-31,EU + EFTA + UK,Jaguar,UNITS,M,7,2025-08,1756598400000
2025-08-31,EU + EFTA + UK,Jaguar,YTD,M,2752,2025-08,1756598400000
2025-08-31,EU + EFTA + UK,Jaguar Land Rover Group,TTM,M,136009,2025-08,1756598400000
2025-08-31,EU + EFTA + UK,Jaguar Land Rover Group,UNITS,M,9828,2025-08,1756598400000
2025-08-31,EU + EFTA + UK,Jaguar Land Rover Group,YTD,M,91781,2025-08,1756598400000
2025-08-31,EU + EFTA + UK,Jeep,TTM,M,135073,2025-08,1756598400000
2025-08-31,EU + EFTA + UK,Jeep,UNITS,M,10422,2025-08,1756598400000
2025-08-31,EU + EFTA + UK,Jeep,YTD,M,93425,2025-08,1756598400000
2025-08-31,EU + EFTA + UK,Kia,TTM,M,521374,2025-08,1756598400000
2025-08-31,EU + EFTA + UK,Kia,UNITS,M,42671,2025-08,1756598400000
2025-08-31,EU + EFTA + UK,Kia,YTD,M,358904,2025-08,1756598400000
2025-08-31,EU + EFTA + UK,Lancia/Chrysler,TTM,M,14232,2025-08,1756598400000
2025-08-31,EU + EFTA + UK,Lancia/Chrysler,UNITS,M,905,2025-08,1756598400000
2025-08-31,EU + EFTA + UK,Lancia/Chrysler,YTD,M,8885,2025-08,1756598400000
2025-08-31,EU + EFTA + UK,Land Rover,TTM,M,128085,2025-08,1756598400000
2025-08-31,EU + EFTA + UK,Land Rover,UNITS,M,9821,2025-08,1756598400000
2025-08-31,EU + EFTA + UK,Land Rover,YTD,M,89029,2025-08,1756598400000
2025-08-31,EU + EFTA + UK,Lexus,TTM,M,80077,2025-08,1756598400000
2025-08-31,EU + EFTA + UK,Lexus,UNITS,M,6059,2025-08,1756598400000
2025-08-31,EU + EFTA + UK,Lexus,YTD,M,52563,2025-08,1756598400000
2025-08-31,EU + EFTA + UK,Mazda,TTM,M,152779,2025-08,1756598400000
2025-08-31,EU + EFTA + UK,Mazda,UNITS,M,10036,2025-08,1756598400000
2025-08-31,EU + EFTA + UK,Mazda,YTD,M,100567,2025-08,1756598400000
2025-08-31,EU + EFTA + UK,Mercedes-Benz,TTM,M,683561,2025-08,1756598400000
2025-08-31,EU + EFTA + UK,Mercedes-Benz,UNITS,M,53458,2025-08,1756598400000
2025-08-31,EU + EFTA + UK,Mercedes-Benz,YTD,M,444024,2025-08,1756598400000
2025-08-31,EU + EFTA + UK,Mini,TTM,M,163421,2025-08,1756598400000
2025-08-31,EU + EFTA + UK,Mini,UNITS,M,15404,2025-08,1756598400000
2025-08-31,EU + EFTA + UK,Mini,YTD,M,111203,2025-08,1756598400000
2025-08-31,EU + EFTA + UK,Mitsubishi,TTM,M,51748,2025-08,1756598400000
2025-08-31,EU + EFTA + UK,Mitsubishi,UNITS,M,3327,2025-08,1756598400000
2025-08-31,EU + EFTA + UK,Mitsubishi,YTD,M,35095,2025-08,1756598400000
2025-08-31,EU + EFTA + UK,Nissan,TTM,M,295343,2025-08,1756598400000
2025-08-31,EU + EFTA + UK,Nissan,UNITS,M,20882,2025-08,1756598400000
2025-08-31,EU + EFTA + UK,Nissan,YTD,M,206092,2025-08,1756598400000
2025-08-31,EU + EFTA + UK,Opel/Vauxhall,TTM,M,395847,2025-08,1756598400000
2025-08-31,EU + EFTA + UK,Opel/Vauxhall,UNITS,M,36279,2025-08,1756598400000
2025-08-31,EU + EFTA + UK,Opel/Vauxhall,YTD,M,275342,2025-08,1756598400000
2025-08-31,EU + EFTA + UK,Peugeot,TTM,M,664018,2025-08,1756598400000
2025-08-31,EU + EFTA + UK,Peugeot,UNITS,M,48027,2025-08,1756598400000
2025-08-31,EU + EFTA + UK,Peugeot,YTD,M,458414,2025-08,1756598400000
2025-08-31,EU + EFTA + UK,Porsche,TTM,M,101817,2025-08,1756598400000
2025-08-31,EU + EFTA + UK,Porsche,UNITS,M,7801,2025-08,1756598400000
2025-08-31,EU + EFTA + UK,Porsche,YTD,M,65935,2025-08,1756598400000
2025-08-31,EU + EFTA + UK,Renault,TTM,M,734593,2025-08,1756598400000
2025-08-31,EU + EFTA + UK,Renault,UNITS,M,49559,2025-08,1756598400000
2025-08-31,EU + EFTA + UK,Renault,YTD,M,495305,2025-08,1756598400000
2025-08-31,EU + EFTA + UK,Renault Group,TTM,M,1356269,2025-08,1756598400000
2025-08-31,EU + EFTA + UK,Renault Group,UNITS,M,104194,2025-08,1756598400000
2025-08-31,EU + EFTA + UK,Renault Group,YTD,M,916218,2025-08,1756598400000
2025-08-31,EU + EFTA + UK,SAIC Motor,TTM,M,283467,2025-08,1756598400000
2025-08-31,EU + EFTA + UK,SAIC Motor,UNITS,M,23316,2025-08,1756598400000
2025-08-31,EU + EFTA + UK,SAIC Motor,YTD,M,198196,2025-08,1756598400000
2025-08-31,EU + EFTA + UK,Seat,TTM,M,227062,2025-08,1756598400000
2025-08-31,EU + EFTA + UK,Seat,UNITS,M,18564,2025-08,1756598400000
2025-08-31,EU + EFTA + UK,Seat,YTD,M,149960,2025-08,1756598400000
2025-08-31,EU + EFTA + UK,Skoda,TTM,M,828253,2025-08,1756598400000
2025-08-31,EU + EFTA + UK,Skoda,UNITS,M,77591,2025-08,1756598400000
2025-08-31,EU + EFTA + UK,Skoda,YTD,M,563275,2025-08,1756598400000
2025-08-31,EU + EFTA + UK,Stellantis,TTM,M,1912934,2025-08,1756598400000
2025-08-31,EU + EFTA + UK,Stellantis,UNITS,M,151391,2025-08,1756598400000
2025-08-31,EU + EFTA + UK,Stellantis,YTD,M,1340580,2025-08,1756598400000
2025-08-31,EU + EFTA + UK,Suzuki,TTM,M,178727,2025-08,1756598400000
2025-08-31,EU + EFTA + UK,Suzuki,UNITS,M,13376,2025-08,1756598400000
2025-08-31,EU + EFTA + UK,Suzuki,YTD,M,120960,2025-08,1756598400000
2025-08-31,EU + EFTA + UK,Tesla,TTM,M,220630,2025-08,1756598400000
2025-08-31,EU + EFTA + UK,Tesla,UNITS,M,8837,2025-08,1756598400000
2025-08-31,EU + EFTA + UK,Tesla,YTD,M,122312,2025-08,1756598400000
2025-08-31,EU + EFTA + UK,Toyota,TTM,M,896739,2025-08,1756598400000
2025-08-31,EU + EFTA + UK,Toyota,UNITS,M,71376,2025-08,1756598400000
2025-08-31,EU + EFTA + UK,Toyota,YTD,M,588279,2025-08,1756598400000
2025-08-31,EU + EFTA + UK,Toyota Group,TTM,M,976816,2025-08,1756598400000
2025-08-31,EU + EFTA + UK,Toyota Group,UNITS,M,77435,2025-08,1756598400000
2025-08-31,EU + EFTA + UK,Toyota Group,YTD,M,640842,2025-08,1756598400000
2025-08-31,EU + EFTA + UK,Volkswagen,TTM,M,1445591,2025-08,1756598400000
2025-08-31,EU + EFTA + UK,Volkswagen,UNITS,M,124464,2025-08,1756598400000
2025-08-31,EU + EFTA + UK,Volkswagen,YTD,M,988411,2025-08,1756598400000
2025-08-31,EU + EFTA + UK,Volkswagen Group,TTM,M,3538267,2025-08,1756598400000
2025-08-31,EU + EFTA + UK,Volkswagen Group,UNITS,M,306543,2025-08,1756598400000
2025-08-31,EU + EFTA + UK,Volkswagen Group,YTD,M,2407195,2025-08,1756598400000
2025-08-31,EU + EFTA + UK,Volvo Cars,TTM,M,346907,2025-08,1756598400000
2025-08-31,EU + EFTA + UK,Volvo Cars,UNITS,M,25030,2025-08,1756598400000
2025-08-31,EU + EFTA + UK,Volvo Cars,YTD,M,222397,2025-08,1756598400000
2025-08-31,European Union (EU),Alfa Romeo,TTM,M,53317,2025-08,1756598400000
2025-08-31,European Union (EU),Alfa Romeo,UNITS,M,2814,2025-08,1756598400000
2025-08-31,European Union (EU),Alfa Romeo,YTD,M,39097,2025-08,1756598400000
2025-08-31,European Union (EU),Alpine,TTM,M,6445,2025-08,1756598400000
2025-08-31,European Union (EU),Alpine,UNITS,M,432,2025-08,1756598400000
2025-08-31,European Union (EU),Alpine,YTD,M,5205,2025-08,1756598400000
2025-08-31,European Union (EU),Audi,TTM,M,509735,2025-08,1756598400000
2025-08-31,European Union (EU),Audi,UNITS,M,34724,2025-08,1756598400000
2025-08-31,European Union (EU),Audi,YTD,M,344440,2025-08,1756598400000
2025-08-31,European Union (EU),BMW,TTM,M,638006,2025-08,1756598400000
2025-08-31,European Union (EU),BMW,UNITS,M,42969,2025-08,1756598400000
2025-08-31,European Union (EU),BMW,YTD,M,424161,2025-08,1756598400000
2025-08-31,European Union (EU),BMW Group,TTM,M,748940,2025-08,1756598400000
2025-08-31,European Union (EU),BMW Group,UNITS,M,51080,2025-08,1756598400000
2025-08-31,European Union (EU),BMW Group,YTD,M,497395,2025-08,1756598400000
2025-08-31,European Union (EU),BYD,TTM,M,78914,2025-08,1756598400000
2025-08-31,European Union (EU),BYD,UNITS,M,9130,2025-08,1756598400000
2025-08-31,European Union (EU),BYD,YTD,M,59274,2025-08,1756598400000
2025-08-31,European Union (EU),Citroen,TTM,M,307232,2025-08,1756598400000
2025-08-31,European Union (EU),Citroen,UNITS,M,19507,2025-08,1756598400000
2025-08-31,European Union (EU),Citroen,YTD,M,225780,2025-08,1756598400000
2025-08-31,European Union (EU),Cupra,TTM,M,230884,2025-08,1756598400000
2025-08-31,European Union (EU),Cupra,UNITS,M,16963,2025-08,1756598400000
2025-08-31,European Union (EU),Cupra,YTD,M,167845,2025-08,1756598400000
2025-08-31,European Union (EU),DS,TTM,M,30820,2025-08,1756598400000
2025-08-31,European Union (EU),DS,UNITS,M,1401,2025-08,1756598400000
2025-08-31,European Union (EU),DS,YTD,M,20021,2025-08,1756598400000
2025-08-31,European Union (EU),Dacia,TTM,M,557396,2025-08,1756598400000
2025-08-31,European Union (EU),Dacia,UNITS,M,34803,2025-08,1756598400000
2025-08-31,European Union (EU),Dacia,YTD,M,380157,2025-08,1756598400000
2025-08-31,European Union (EU),Fiat,TTM,M,247769,2025-08,1756598400000
2025-08-31,European Union (EU),Fiat,UNITS,M,14351,2025-08,1756598400000
2025-08-31,European Union (EU),Fiat,YTD,M,184386,2025-08,1756598400000
2025-08-31,European Union (EU),Ford,TTM,M,308782,2025-08,1756598400000
2025-08-31,European Union (EU),Ford,UNITS,M,19813,2025-08,1756598400000
2025-08-31,European Union (EU),Ford,YTD,M,209947,2025-08,1756598400000
2025-08-31,European Union (EU),Honda,TTM,M,44448,2025-08,1756598400000
2025-08-31,European Union (EU),Honda,UNITS,M,2842,2025-08,1756598400000
2025-08-31,European Union (EU),Honda,YTD,M,31698,2025-08,1756598400000
2025-08-31,European Union (EU),Hyundai,TTM,M,413207,2025-08,1756598400000
2025-08-31,European Union (EU),Hyundai,UNITS,M,32077,2025-08,1756598400000
2025-08-31,European Union (EU),Hyundai,YTD,M,280316,2025-08,1756598400000
2025-08-31,European Union (EU),Hyundai Group,TTM,M,806128,2025-08,1756598400000
2025-08-31,European Union (EU),Hyundai Group,UNITS,M,58563,2025-08,1756598400000
2025-08-31,European Union (EU),Hyundai Group,YTD,M,547338,2025-08,1756598400000
2025-08-31,European Union (EU),Jaguar,TTM,M,2675,2025-08,1756598400000
2025-08-31,European Union (EU),Jaguar,UNITS,M,0,2025-08,1756598400000
2025-08-31,European Union (EU),Jaguar,YTD,M,1230,2025-08,1756598400000
2025-08-31,European Union (EU),Jaguar Land Rover Group,TTM,M,59096,2025-08,1756598400000
2025-08-31,European Union (EU),Jaguar Land Rover Group,UNITS,M,4136,2025-08,1756598400000
2025-08-31,European Union (EU),Jaguar Land Rover Group,YTD,M,39414,2025-08,1756598400000
2025-08-31,European Union (EU),Jeep,TTM,M,119890,2025-08,1756598400000
2025-08-31,European Union (EU),Jeep,UNITS,M,6558,2025-08,1756598400000
2025-08-31,European Union (EU),Jeep,YTD,M,82740,2025-08,1756598400000
2025-08-31,European Union (EU),Kia,TTM,M,392921,2025-08,1756598400000
2025-08-31,European Union (EU),Kia,UNITS,M,26486,2025-08,1756598400000
2025-08-31,European Union (EU),Kia,YTD,M,267022,2025-08,1756598400000
2025-08-31,European Union (EU),Lancia/Chrysler,TTM,M,11460,2025-08,1756598400000
2025-08-31,European Union (EU),Lancia/Chrysler,UNITS,M,507,2025-08,1756598400000
2025-08-31,European Union (EU),Lancia/Chrysler,YTD,M,7881,2025-08,1756598400000
2025-08-31,European Union (EU),Land Rover,TTM,M,56421,2025-08,1756598400000
2025-08-31,European Union (EU),Land Rover,UNITS,M,4136,2025-08,1756598400000
2025-08-31,European Union (EU),Land Rover,YTD,M,38184,2025-08,1756598400000
2025-08-31,European Union (EU),Lexus,TTM,M,71701,2025-08,1756598400000
2025-08-31,European Union (EU),Lexus,UNITS,M,3908,2025-08,1756598400000
2025-08-31,European Union (EU),Lexus,YTD,M,49951,2025-08,1756598400000
2025-08-31,European Union (EU),Mazda,TTM,M,124856,2025-08,1756598400000
2025-08-31,European Union (EU),Mazda,UNITS,M,6811,2025-08,1756598400000
2025-08-31,European Union (EU),Mazda,YTD,M,80768,2025-08,1756598400000
2025-08-31,European Union (EU),Mercedes-Benz,TTM,M,578334,2025-08,1756598400000
2025-08-31,European Union (EU),Mercedes-Benz,UNITS,M,37999,2025-08,1756598400000
2025-08-31,European Union (EU),Mercedes-Benz,YTD,M,372780,2025-08,1756598400000
2025-08-31,European Union (EU),Mini,TTM,M,110935,2025-08,1756598400000
2025-08-31,European Union (EU),Mini,UNITS,M,8111,2025-08,1756598400000
2025-08-31,European Union (EU),Mini,YTD,M,73235,2025-08,1756598400000
2025-08-31,European Union (EU),Mitsubishi,TTM,M,48468,2025-08,1756598400000
2025-08-31,European Union (EU),Mitsubishi,UNITS,M,2011,2025-08,1756598400000
2025-08-31,European Union (EU),Mitsubishi,YTD,M,32450,2025-08,1756598400000
2025-08-31,European Union (EU),Nissan,TTM,M,212053,2025-08,1756598400000
2025-08-31,European Union (EU),Nissan,UNITS,M,9043,2025-08,1756598400000
2025-08-31,European Union (EU),Nissan,YTD,M,153465,2025-08,1756598400000
2025-08-31,European Union (EU),Opel/Vauxhall,TTM,M,303943,2025-08,1756598400000
2025-08-31,European Union (EU),Opel/Vauxhall,UNITS,M,21515,2025-08,1756598400000
2025-08-31,European Union (EU),Opel/Vauxhall,YTD,M,209560,2025-08,1756598400000
2025-08-31,European Union (EU),Peugeot,TTM,M,573895,2025-08,1756598400000
2025-08-31,European Union (EU),Peugeot,UNITS,M,29055,2025-08,1756598400000
2025-08-31,European Union (EU),Peugeot,YTD,M,392568,2025-08,1756598400000
2025-08-31,European Union (EU),Porsche,TTM,M,73112,2025-08,1756598400000
2025-08-31,European Union (EU),Porsche,UNITS,M,3658,2025-08,1756598400000
2025-08-31,European Union (EU),Porsche,YTD,M,47462,2025-08,1756598400000
2025-08-31,European Union (EU),Renault,TTM,M,673286,2025-08,1756598400000
2025-08-31,European Union (EU),Renault,UNITS,M,34327,2025-08,1756598400000
2025-08-31,European Union (EU),Renault,YTD,M,448151,2025-08,1756598400000
2025-08-31,European Union (EU),Renault Group,TTM,M,1237127,2025-08,1756598400000
2025-08-31,European Union (EU),Renault Group,UNITS,M,69562,2025-08,1756598400000
2025-08-31,European Union (EU),Renault Group,YTD,M,833513,2025-08,1756598400000
2025-08-31,European Union (EU),SAIC Motor,TTM,M,199292,2025-08,1756598400000
2025-08-31,European Union (EU),SAIC Motor,UNITS,M,12822,2025-08,1756598400000
2025-08-31,European Union (EU),SAIC Motor,YTD,M,144411,2025-08,1756598400000
2025-08-31,European Union (EU),Seat,TTM,M,196449,2025-08,1756598400000
2025-08-31,European Union (EU),Seat,UNITS,M,12216,2025-08,1756598400000
2025-08-31,European Union (EU),Seat,YTD,M,133665,2025-08,1756598400000
2025-08-31,European Union (EU),Skoda,TTM,M,701518,2025-08,1756598400000
2025-08-31,European Union (EU),Skoda,UNITS,M,46333,2025-08,1756598400000
2025-08-31,European Union (EU),Skoda,YTD,M,468576,2025-08,1756598400000
2025-08-31,European Union (EU),Stellantis,TTM,M,1652652,2025-08,1756598400000
2025-08-31,European Union (EU),Stellantis,UNITS,M,95966,2025-08,1756598400000
2025-08-31,European Union (EU),Stellantis,YTD,M,1165010,2025-08,1756598400000
2025-08-31,European Union (EU),Suzuki,TTM,M,157702,2025-08,1756598400000
2025-08-31,European Union (EU),Suzuki,UNITS,M,9207,2025-08,1756598400000
2025-08-31,European Union (EU),Suzuki,YTD,M,105187,2025-08,1756598400000
2025-08-31,European Union (EU),Tesla,TTM,M,192005,2025-08,1756598400000
2025-08-31,European Union (EU),Tesla,UNITS,M,8220,2025-08,1756598400000
2025-08-31,European Union (EU),Tesla,YTD,M,99606,2025-08,1756598400000
2025-08-31,European Union (EU),Toyota,TTM,M,830845,2025-08,1756598400000
2025-08-31,European Union (EU),Toyota,UNITS,M,53929,2025-08,1756598400000
2025-08-31,European Union (EU),Toyota,YTD,M,568303,2025-08,1756598400000
2025-08-31,European Union (EU),Toyota Group,TTM,M,902546,2025-08,1756598400000
2025-08-31,European Union (EU),Toyota Group,UNITS,M,57837,2025-08,1756598400000
2025-08-31,European Union (EU),Toyota Group,YTD,M,618254,2025-08,1756598400000
2025-08-31,European Union (EU),Volkswagen,TTM,M,1203348,2025-08,1756598400000
2025-08-31,European Union (EU),Volkswagen,UNITS,M,75739,2025-08,1756598400000
2025-08-31,European Union (EU),Volkswagen,YTD,M,815931,2025-08,1756598400000
2025-08-31,European Union (EU),Volkswagen Group,TTM,M,2921498,2025-08,1756598400000
2025-08-31,European Union (EU),Volkswagen Group,UNITS,M,190142,2025-08,1756598400000
2025-08-31,European Union (EU),Volkswagen Group,YTD,M,1982959,2025-08,1756598400000
2025-08-31,European Union (EU),Volvo Cars,TTM,M,249240,2025-08,1756598400000
2025-08-31,European Union (EU),Volvo Cars,UNITS,M,12626,2025-08,1756598400000
2025-08-31,European Union (EU),Volvo Cars,YTD,M,158872,2025-08,1756598400000
2025-09-30,EU + EFTA + UK,Alfa Romeo,TTM,M,58951,2025-09,1759190400000
2025-09-30,EU + EFTA + UK,Alfa Romeo,UNITS,M,4317,2025-09,1759190400000
2025-09-30,EU + EFTA + UK,Alfa Romeo,YTD,M,47088,2025-09,1759190400000
2025-09-30,EU + EFTA + UK,Alpine,TTM,M,8386,2025-09,1759190400000
2025-09-30,EU + EFTA + UK,Alpine,UNITS,M,690,2025-09,1759190400000
2025-09-30,EU + EFTA + UK,Alpine,YTD,M,7200,2025-09,1759190400000
2025-09-30,EU + EFTA + UK,Audi,TTM,M,642999,2025-09,1759190400000
2025-09-30,EU + EFTA + UK,Audi,UNITS,M,52971,2025-09,1759190400000
2025-09-30,EU + EFTA + UK,Audi,YTD,M,485821,2025-09,1759190400000
2025-09-30,EU + EFTA + UK,BMW,TTM,M,809992,2025-09,1759190400000
2025-09-30,EU + EFTA + UK,BMW,UNITS,M,67875,2025-09,1759190400000
2025-09-30,EU + EFTA + UK,BMW,YTD,M,610194,2025-09,1759190400000
2025-09-30,EU + EFTA + UK,BMW Group,TTM,M,977920,2025-09,1759190400000
2025-09-30,EU + EFTA + UK,BMW Group,UNITS,M,83279,2025-09,1759190400000
2025-09-30,EU + EFTA + UK,BMW Group,YTD,M,736801,2025-09,1759190400000
2025-09-30,EU + EFTA + UK,BYD,TTM,M,111537,2025-09,1759190400000
2025-09-30,EU + EFTA + UK,BYD,UNITS,M,13503,2025-09,1759190400000
2025-09-30,EU + EFTA + UK,BYD,YTD,M,90879,2025-09,1759190400000
2025-09-30,EU + EFTA + UK,Citroen,TTM,M,339484,2025-09,1759190400000
2025-09-30,EU + EFTA + UK,Citroen,UNITS,M,26333,2025-09,1759190400000
2025-09-30,EU + EFTA + UK,Citroen,YTD,M,268003,2025-09,1759190400000
2025-09-30,EU + EFTA + UK,Cupra,TTM,M,284884,2025-09,1759190400000
2025-09-30,EU + EFTA + UK,Cupra,UNITS,M,24199,2025-09,1759190400000
2025-09-30,EU + EFTA + UK,Cupra,YTD,M,224311,2025-09,1759190400000
2025-09-30,EU + EFTA + UK,DS,TTM,M,32226,2025-09,1759190400000
2025-09-30,EU + EFTA + UK,DS,UNITS,M,2245,2025-09,1759190400000
2025-09-30,EU + EFTA + UK,DS,YTD,M,23812,2025-09,1759190400000
2025-09-30,EU + EFTA + UK,Dacia,TTM,M,620266,2025-09,1759190400000
2025-09-30,EU + EFTA + UK,Dacia,UNITS,M,53945,2025-09,1759190400000
2025-09-30,EU + EFTA + UK,Dacia,YTD,M,468348,2025-09,1759190400000
2025-09-30,EU + EFTA + UK,Fiat,TTM,M,266641,2025-09,1759190400000
2025-09-30,EU + EFTA + UK,Fiat,UNITS,M,22314,2025-09,1759190400000
2025-09-30,EU + EFTA + UK,Fiat,YTD,M,217086,2025-09,1759190400000
2025-09-30,EU + EFTA + UK,Ford,TTM,M,430039,2025-09,1759190400000
2025-09-30,EU + EFTA + UK,Ford,UNITS,M,35858,2025-09,1759190400000
2025-09-30,EU + EFTA + UK,Ford,YTD,M,331143,2025-09,1759190400000
2025-09-30,EU + EFTA + UK,Honda,TTM,M,69504,2025-09,1759190400000
2025-09-30,EU + EFTA + UK,Honda,UNITS,M,6024,2025-09,1759190400000
2025-09-30,EU + EFTA + UK,Honda,YTD,M,55311,2025-09,1759190400000
2025-09-30,EU + EFTA + UK,Hyundai,TTM,M,539936,2025-09,1759190400000
2025-09-30,EU + EFTA + UK,Hyundai,UNITS,M,49148,2025-09,1759190400000
2025-09-30,EU + EFTA + UK,Hyundai,YTD,M,414418,2025-09,1759190400000
2025-09-30,EU + EFTA + UK,Hyundai Group,TTM,M,1057341,2025-09,1759190400000
2025-09-30,EU + EFTA + UK,Hyundai Group,UNITS,M,91819,2025-09,1759190400000
2025-09-30,EU + EFTA + UK,Hyundai Group,YTD,M,815993,2025-09,1759190400000
2025-09-30,EU + EFTA + UK,Jaguar,TTM,M,6471,2025-09,1759190400000
2025-09-30,EU + EFTA + UK,Jaguar,UNITS,M,7,2025-09,1759190400000
2025-09-30,EU + EFTA + UK,Jaguar,YTD,M,2759,2025-09,1759190400000
2025-09-30,EU + EFTA + UK,Jaguar Land Rover Group,TTM,M,133737,2025-09,1759190400000
2025-09-30,EU + EFTA + UK,Jaguar Land Rover Group,UNITS,M,9828,2025-09,1759190400000
2025-09-30,EU + EFTA + UK,Jaguar Land Rover Group,YTD,M,101609,2025-09,1759190400000
2025-09-30,EU + EFTA + UK,Jeep,TTM,M,135016,2025-09,1759190400000
2025-09-30,EU + EFTA + UK,Jeep,UNITS,M,10422,2025-09,1759190400000
2025-09-30,EU + EFTA + UK,Jeep,YTD,M,103847,2025-09,1759190400000
2025-09-30,EU + EFTA + UK,Kia,TTM,M,517405,2025-09,1759190400000
2025-09-30,EU + EFTA + UK,Kia,UNITS,M,42671,2025-09,1759190400000
2025-09-30,EU + EFTA + UK,Kia,YTD,M,401575,2025-09,1759190400000
2025-09-30,EU + EFTA + UK,Lancia/Chrysler,TTM,M,12294,2025-09,1759190400000
2025-09-30,EU + EFTA + UK,Lancia/Chrysler,UNITS,M,905,2025-09,1759190400000
2025-09-30,EU + EFTA + UK,Lancia/Chrysler,YTD,M,9790,2025-09,1759190400000
2025-09-30,EU + EFTA + UK,Land Rover,TTM,M,127266,2025-09,1759190400000
2025-09-30,EU + EFTA + UK,Land Rover,UNITS,M,9821,2025-09,1759190400000
2025-09-30,EU + EFTA + UK,Land Rover,YTD,M,98850,2025-09,1759190400000
2025-09-30,EU + EFTA + UK,Lexus,TTM,M,79918,2025-09,1759190400000
2025-09-30,EU + EFTA + UK,Lexus,UNITS,M,6059,2025-09,1759190400000
2025-09-30,EU + EFTA + UK,Lexus,YTD,M,58622,2025-09,1759190400000
2025-09-30,EU + EFTA + UK,Mazda,TTM,M,151020,2025-09,1759190400000
2025-09-30,EU + EFTA + UK,Mazda,UNITS,M,10036,2025-09,1759190400000
2025-09-30,EU + EFTA + UK,Mazda,YTD,M,110603,2025-09,1759190400000
2025-09-30,EU + EFTA + UK,Mercedes-Benz,TTM,M,683572,2025-09,1759190400000
2025-09-30,EU + EFTA + UK,Mercedes-Benz,UNITS,M,53458,2025-09,1759190400000
2025-09-30,EU + EFTA + UK,Mercedes-Benz,YTD,M,497482,2025-09,1759190400000
2025-09-30,EU + EFTA + UK,Mini,TTM,M,167928,2025-09,1759190400000
2025-09-30,EU + EFTA + UK,Mini,UNITS,M,15404,2025-09,1759190400000
2025-09-30,EU + EFTA + UK,Mini,YTD,M,126607,2025-09,1759190400000
2025-09-30,EU + EFTA + UK,Mitsubishi,TTM,M,51851,2025-09,1759190400000
2025-09-30,EU + EFTA + UK,Mitsubishi,UNITS,M,3327,2025-09,1759190400000
2025-09-30,EU + EFTA + UK,Mitsubishi,YTD,M,38422,2025-09,1759190400000
2025-09-30,EU + EFTA + UK,Nissan,TTM,M,294167,2025-09,1759190400000
2025-09-30,EU + EFTA + UK,Nissan,UNITS,M,20882,2025-09,1759190400000
2025-09-30,EU + EFTA + UK,Nissan,YTD,M,226974,2025-09,1759190400000
2025-09-30,EU + EFTA + UK,Opel/Vauxhall,TTM,M,398267,2025-09,1759190400000
2025-09-30,EU + EFTA + UK,Opel/Vauxhall,UNITS,M,36279,2025-09,1759190400000
2025-09-30,EU + EFTA + UK,Opel/Vauxhall,YTD,M,311621,2025-09,1759190400000
2025-09-30,EU + EFTA + UK,Peugeot,TTM,M,662754,2025-09,1759190400000
2025-09-30,EU + EFTA + UK,Peugeot,UNITS,M,48027,2025-09,1759190400000
2025-09-30,EU + EFTA + UK,Peugeot,YTD,M,506441,2025-09,1759190400000
2025-09-30,EU + EFTA + UK,Porsche,TTM,M,103205,2025-09,1759190400000
2025-09-30,EU + EFTA + UK,Porsche,UNITS,M,7801,2025-09,1759190400000
2025-09-30,EU + EFTA + UK,Porsche,YTD,M,73736,2025-09,1759190400000
2025-09-30,EU + EFTA + UK,Renault,TTM,M,736027,2025-09,1759190400000
2025-09-30,EU + EFTA + UK,Renault,UNITS,M,49559,2025-09,1759190400000
2025-09-30,EU + EFTA + UK,Renault,YTD,M,544864,2025-09,1759190400000
2025-09-30,EU + EFTA + UK,Renault Group,TTM,M,1364679,2025-09,1759190400000
2025-09-30,EU + EFTA + UK,Renault Group,UNITS,M,104194,2025-09,1759190400000
2025-09-30,EU + EFTA + UK,Renault Group,YTD,M,1020412,2025-09,1759190400000
2025-09-30,EU + EFTA + UK,SAIC Motor,TTM,M,286176,2025-09,1759190400000
2025-09-30,EU + EFTA + UK,SAIC Motor,UNITS,M,23316,2025-09,1759190400000
2025-09-30,EU + EFTA + UK,SAIC Motor,YTD,M,221512,2025-09,1759190400000
2025-09-30,EU + EFTA + UK,Seat,TTM,M,222724,2025-09,1759190400000
2025-09-30,EU + EFTA + UK,Seat,UNITS,M,18564,2025-09,1759190400000
2025-09-30,EU + EFTA + UK,Seat,YTD,M,168524,2025-09,1759190400000
2025-09-30,EU + EFTA + UK,Skoda,TTM,M,846402,2025-09,1759190400000
2025-09-30,EU + EFTA + UK,Skoda,UNITS,M,77591,2025-09,1759190400000
2025-09-30,EU + EFTA + UK,Skoda,YTD,M,640866,2025-09,1759190400000
2025-09-30,EU + EFTA + UK,Stellantis,TTM,M,1911254,2025-09,1759190400000
2025-09-30,EU + EFTA + UK,Stellantis,UNITS,M,151391,2025-09,1759190400000
2025-09-30,EU + EFTA + UK,Stellantis,YTD,M,1491971,2025-09,1759190400000
2025-09-30,EU + EFTA + UK,Suzuki,TTM,M,176925,2025-09,1759190400000
2025-09-30,EU + EFTA + UK,Suzuki,UNITS,M,13376,2025-09,1759190400000
2025-09-30,EU + EFTA + UK,Suzuki,YTD,M,134336,2025-09,1759190400000
2025-09-30,EU + EFTA + UK,Tesla,TTM,M,214698,2025-09,1759190400000
2025-09-30,EU + EFTA + UK,Tesla,UNITS,M,8837,2025-09,1759190400000
2025-09-30,EU + EFTA + UK,Tesla,YTD,M,131149,2025-09,1759190400000
2025-09-30,EU + EFTA + UK,Toyota,TTM,M,893943,2025-09,1759190400000
2025-09-30,EU + EFTA + UK,Toyota,UNITS,M,71376,2025-09,1759190400000
2025-09-30,EU + EFTA + UK,Toyota,YTD,M,659655,2025-09,1759190400000
2025-09-30,EU + EFTA + UK,Toyota Group,TTM,M,973861,2025-09,1759190400000
2025-09-30,EU + EFTA + UK,Toyota Group,UNITS,M,77435,2025-09,1759190400000
2025-09-30,EU + EFTA + UK,Toyota Group,YTD,M,718277,2025-09,1759190400000
2025-09-30,EU + EFTA + UK,Volkswagen,TTM,M,1460728,2025-09,1759190400000
2025-09-30,EU + EFTA + UK,Volkswagen,UNITS,M,124464,2025-09,1759190400000
2025-09-30,EU + EFTA + UK,Volkswagen,YTD,M,1112875,2025-09,1759190400000
2025-09-30,EU + EFTA + UK,Volkswagen Group,TTM,M,3570151,2025-09,1759190400000
2025-09-30,EU + EFTA + UK,Volkswagen Group,UNITS,M,306543,2025-09,1759190400000
2025-09-30,EU + EFTA + UK,Volkswagen Group,YTD,M,2713738,2025-09,1759190400000
2025-09-30,EU + EFTA + UK,Volvo Cars,TTM,M,341893,2025-09,1759190400000
2025-09-30,EU + EFTA + UK,Volvo Cars,UNITS,M,25030,2025-09,1759190400000
2025-09-30,EU + EFTA + UK,Volvo Cars,YTD,M,247427,2025-09,1759190400000
2025-09-30,European Union (EU),Alfa Romeo,TTM,M,55168,2025-09,1759190400000
2025-09-30,European Union (EU),Alfa Romeo,UNITS,M,4860,2025-09,1759190400000
2025-09-30,European Union (EU),Alfa Romeo,YTD,M,43957,2025-09,1759190400000
2025-09-30,European Union (EU),Alpine,TTM,M,6850,2025-09,1759190400000
2025-09-30,European Union (EU),Alpine,UNITS,M,572,2025-09,1759190400000
2025-09-30,European Union (EU),Alpine,YTD,M,5777,2025-09,1759190400000
2025-09-30,European Union (EU),Audi,TTM,M,511777,2025-09,1759190400000
2025-09-30,European Union (EU),Audi,UNITS,M,41525,2025-09,1759190400000
2025-09-30,European Union (EU),Audi,YTD,M,385965,2025-09,1759190400000
2025-09-30,European Union (EU),BMW,TTM,M,636685,2025-09,1759190400000
2025-09-30,European Union (EU),BMW,UNITS,M,48740,2025-09,1759190400000
2025-09-30,European Union (EU),BMW,YTD,M,472901,2025-09,1759190400000
2025-09-30,European Union (EU),BMW Group,TTM,M,747211,2025-09,1759190400000
2025-09-30,European Union (EU),BMW Group,UNITS,M,59871,2025-09,1759190400000
2025-09-30,European Union (EU),BMW Group,YTD,M,557266,2025-09,1759190400000
2025-09-30,European Union (EU),BYD,TTM,M,88582,2025-09,1759190400000
2025-09-30,European Union (EU),BYD,UNITS,M,13221,2025-09,1759190400000
2025-09-30,European Union (EU),BYD,YTD,M,72495,2025-09,1759190400000
2025-09-30,European Union (EU),Citroen,TTM,M,315069,2025-09,1759190400000
2025-09-30,European Union (EU),Citroen,UNITS,M,25685,2025-09,1759190400000
2025-09-30,European Union (EU),Citroen,YTD,M,251465,2025-09,1759190400000
2025-09-30,European Union (EU),Cupra,TTM,M,237626,2025-09,1759190400000
2025-09-30,European Union (EU),Cupra,UNITS,M,18796,2025-09,1759190400000
2025-09-30,European Union (EU),Cupra,YTD,M,186641,2025-09,1759190400000
2025-09-30,European Union (EU),DS,TTM,M,30447,2025-09,1759190400000
2025-09-30,European Union (EU),DS,UNITS,M,2230,2025-09,1759190400000
2025-09-30,European Union (EU),DS,YTD,M,22251,2025-09,1759190400000
2025-09-30,European Union (EU),Dacia,TTM,M,567283,2025-09,1759190400000
2025-09-30,European Union (EU),Dacia,UNITS,M,45762,2025-09,1759190400000
2025-09-30,European Union (EU),Dacia,YTD,M,425919,2025-09,1759190400000
2025-09-30,European Union (EU),Fiat,TTM,M,251947,2025-09,1759190400000
2025-09-30,European Union (EU),Fiat,UNITS,M,21444,2025-09,1759190400000
2025-09-30,European Union (EU),Fiat,YTD,M,205830,2025-09,1759190400000
2025-09-30,European Union (EU),Ford,TTM,M,307051,2025-09,1759190400000
2025-09-30,European Union (EU),Ford,UNITS,M,24137,2025-09,1759190400000
2025-09-30,European Union (EU),Ford,YTD,M,234084,2025-09,1759190400000
2025-09-30,European Union (EU),Honda,TTM,M,45352,2025-09,1759190400000
2025-09-30,European Union (EU),Honda,UNITS,M,4092,2025-09,1759190400000
2025-09-30,European Union (EU),Honda,YTD,M,35790,2025-09,1759190400000
2025-09-30,European Union (EU),Hyundai,TTM,M,415010,2025-09,1759190400000
2025-09-30,European Union (EU),Hyundai,UNITS,M,32202,2025-09,1759190400000
2025-09-30,European Union (EU),Hyundai,YTD,M,312518,2025-09,1759190400000
2025-09-30,European Union (EU),Hyundai Group,TTM,M,806293,2025-09,1759190400000
2025-09-30,European Union (EU),Hyundai Group,UNITS,M,62749,2025-09,1759190400000
2025-09-30,European Union (EU),Hyundai Group,YTD,M,610087,2025-09,1759190400000
2025-09-30,European Union (EU),Jaguar,TTM,M,2349,2025-09,1759190400000
2025-09-30,European Union (EU),Jaguar,UNITS,M,0,2025-09,1759190400000
2025-09-30,European Union (EU),Jaguar,YTD,M,1230,2025-09,1759190400000
2025-09-30,European Union (EU),Jaguar Land Rover Group,TTM,M,58066,2025-09,1759190400000
2025-09-30,European Union (EU),Jaguar Land Rover Group,UNITS,M,3410,2025-09,1759190400000
2025-09-30,European Union (EU),Jaguar Land Rover Group,YTD,M,42824,2025-09,1759190400000
2025-09-30,European Union (EU),Jeep,TTM,M,119971,2025-09,1759190400000
2025-09-30,European Union (EU),Jeep,UNITS,M,9415,2025-09,1759190400000
2025-09-30,European Union (EU),Jeep,YTD,M,92155,2025-09,1759190400000
2025-09-30,European Union (EU),Kia,TTM,M,391283,2025-09,1759190400000
2025-09-30,European Union (EU),Kia,UNITS,M,30547,2025-09,1759190400000
2025-09-30,European Union (EU),Kia,YTD,M,297569,2025-09,1759190400000
2025-09-30,European Union (EU),Lancia/Chrysler,TTM,M,11212,2025-09,1759190400000
2025-09-30,European Union (EU),Lancia/Chrysler,UNITS,M,833,2025-09,1759190400000
2025-09-30,European Union (EU),Lancia/Chrysler,YTD,M,8714,2025-09,1759190400000
2025-09-30,European Union (EU),Land Rover,TTM,M,55717,2025-09,1759190400000
2025-09-30,European Union (EU),Land Rover,UNITS,M,3410,2025-09,1759190400000
2025-09-30,European Union (EU),Land Rover,YTD,M,41594,2025-09,1759190400000
2025-09-30,European Union (EU),Lexus,TTM,M,71524,2025-09,1759190400000
2025-09-30,European Union (EU),Lexus,UNITS,M,4947,2025-09,1759190400000
2025-09-30,European Union (EU),Lexus,YTD,M,54898,2025-09,1759190400000
2025-09-30,European Union (EU),Mazda,TTM,M,124539,2025-09,1759190400000
2025-09-30,European Union (EU),Mazda,UNITS,M,10250,2025-09,1759190400000
2025-09-30,European Union (EU),Mazda,YTD,M,91018,2025-09,1759190400000
2025-09-30,European Union (EU),Mercedes-Benz,TTM,M,580676,2025-09,1759190400000
2025-09-30,European Union (EU),Mercedes-Benz,UNITS,M,51323,2025-09,1759190400000
2025-09-30,European Union (EU),Mercedes-Benz,YTD,M,424103,2025-09,1759190400000
2025-09-30,European Union (EU),Mini,TTM,M,110527,2025-09,1759190400000
2025-09-30,European Union (EU),Mini,UNITS,M,11131,2025-09,1759190400000
2025-09-30,European Union (EU),Mini,YTD,M,84366,2025-09,1759190400000
2025-09-30,European Union (EU),Mitsubishi,TTM,M,47692,2025-09,1759190400000
2025-09-30,European Union (EU),Mitsubishi,UNITS,M,2402,2025-09,1759190400000
2025-09-30,European Union (EU),Mitsubishi,YTD,M,34852,2025-09,1759190400000
2025-09-30,European Union (EU),Nissan,TTM,M,214621,2025-09,1759190400000
2025-09-30,European Union (EU),Nissan,UNITS,M,15515,2025-09,1759190400000
2025-09-30,European Union (EU),Nissan,YTD,M,168980,2025-09,1759190400000
2025-09-30,European Union (EU),Opel/Vauxhall,TTM,M,306066,2025-09,1759190400000
2025-09-30,European Union (EU),Opel/Vauxhall,UNITS,M,26357,2025-09,1759190400000
2025-09-30,European Union (EU),Opel/Vauxhall,YTD,M,235917,2025-09,1759190400000
2025-09-30,European Union (EU),Peugeot,TTM,M,571227,2025-09,1759190400000
2025-09-30,European Union (EU),Peugeot,UNITS,M,42245,2025-09,1759190400000
2025-09-30,European Union (EU),Peugeot,YTD,M,434813,2025-09,1759190400000
2025-09-30,European Union (EU),Porsche,TTM,M,72762,2025-09,1759190400000
2025-09-30,European Union (EU),Porsche,UNITS,M,5051,2025-09,1759190400000
2025-09-30,European Union (EU),Porsche,YTD,M,52513,2025-09,1759190400000
2025-09-30,European Union (EU),Renault,TTM,M,675705,2025-09,1759190400000
2025-09-30,European Union (EU),Renault,UNITS,M,54483,2025-09,1759190400000
2025-09-30,European Union (EU),Renault,YTD,M,502634,2025-09,1759190400000
2025-09-30,European Union (EU),Renault Group,TTM,M,1249838,2025-09,1759190400000
2025-09-30,European Union (EU),Renault Group,UNITS,M,100817,2025-09,1759190400000
2025-09-30,European Union (EU),Renault Group,YTD,M,934330,2025-09,1759190400000
2025-09-30,European Union (EU),SAIC Motor,TTM,M,207427,2025-09,1759190400000
2025-09-30,European Union (EU),SAIC Motor,UNITS,M,18406,2025-09,1759190400000
2025-09-30,European Union (EU),SAIC Motor,YTD,M,162817,2025-09,1759190400000
2025-09-30,European Union (EU),Seat,TTM,M,196094,2025-09,1759190400000
2025-09-30,European Union (EU),Seat,UNITS,M,14548,2025-09,1759190400000
2025-09-30,European Union (EU),Seat,YTD,M,148213,2025-09,1759190400000
2025-09-30,European Union (EU),Skoda,TTM,M,708768,2025-09,1759190400000
2025-09-30,European Union (EU),Skoda,UNITS,M,63047,2025-09,1759190400000
2025-09-30,European Union (EU),Skoda,YTD,M,531623,2025-09,1759190400000
2025-09-30,European Union (EU),Stellantis,TTM,M,1665327,2025-09,1759190400000
2025-09-30,European Union (EU),Stellantis,UNITS,M,133305,2025-09,1759190400000
2025-09-30,European Union (EU),Stellantis,YTD,M,1298315,2025-09,1759190400000
2025-09-30,European Union (EU),Suzuki,TTM,M,157471,2025-09,1759190400000
2025-09-30,European Union (EU),Suzuki,UNITS,M,13295,2025-09,1759190400000
2025-09-30,European Union (EU),Suzuki,YTD,M,118482,2025-09,1759190400000
2025-09-30,European Union (EU),Tesla,TTM,M,186126,2025-09,1759190400000
2025-09-30,European Union (EU),Tesla,UNITS,M,25656,2025-09,1759190400000
2025-09-30,European Union (EU),Tesla,YTD,M,125262,2025-09,1759190400000
2025-09-30,European Union (EU),Toyota,TTM,M,834908,2025-09,1759190400000
2025-09-30,European Union (EU),Toyota,UNITS,M,61545,2025-09,1759190400000
2025-09-30,European Union (EU),Toyota,YTD,M,629848,2025-09,1759190400000
2025-09-30,European Union (EU),Toyota Group,TTM,M,906432,2025-09,1759190400000
2025-09-30,European Union (EU),Toyota Group,UNITS,M,66492,2025-09,1759190400000
2025-09-30,European Union (EU),Toyota Group,YTD,M,684746,2025-09,1759190400000
2025-09-30,European Union (EU),Volkswagen,TTM,M,1211891,2025-09,1759190400000
2025-09-30,European Union (EU),Volkswagen,UNITS,M,97882,2025-09,1759190400000
2025-09-30,European Union (EU),Volkswagen,YTD,M,913813,2025-09,1759190400000
2025-09-30,European Union (EU),Volkswagen Group,TTM,M,2945583,2025-09,1759190400000
2025-09-30,European Union (EU),Volkswagen Group,UNITS,M,241368,2025-09,1759190400000
2025-09-30,European Union (EU),Volkswagen Group,YTD,M,2224327,2025-09,1759190400000
2025-09-30,European Union (EU),Volvo Cars,TTM,M,248885,2025-09,1759190400000
2025-09-30,European Union (EU),Volvo Cars,UNITS,M,18488,2025-09,1759190400000
2025-09-30,European Union (EU),Volvo Cars,YTD,M,177360,2025-09,1759190400000
2025-10-31,EU + EFTA + UK,Alfa Romeo,TTM,M,60405,2025-10,1761868800000
2025-10-31,EU + EFTA + UK,Alfa Romeo,UNITS,M,4939,2025-10,1761868800000
2025-10-31,EU + EFTA + UK,Alfa Romeo,YTD,M,52027,2025-10,1761868800000
2025-10-31,EU + EFTA + UK,Alpine,TTM,M,9020,2025-10,1761868800000
2025-10-31,EU + EFTA + UK,Alpine,UNITS,M,923,2025-10,1761868800000
2025-10-31,EU + EFTA + UK,Alpine,YTD,M,8123,2025-10,1761868800000
2025-10-31,EU + EFTA + UK,Audi,TTM,M,646214,2025-10,1761868800000
2025-10-31,EU + EFTA + UK,Audi,UNITS,M,57767,2025-10,1761868800000
2025-10-31,EU + EFTA + UK,Audi,YTD,M,543588,2025-10,1761868800000
2025-10-31,EU + EFTA + UK,BMW,TTM,M,811789,2025-10,1761868800000
2025-10-31,EU + EFTA + UK,BMW,UNITS,M,66335,2025-10,1761868800000
2025-10-31,EU + EFTA + UK,BMW,YTD,M,676529,2025-10,1761868800000
2025-10-31,EU + EFTA + UK,BMW Group,TTM,M,982838,2025-10,1761868800000
2025-10-31,EU + EFTA + UK,BMW Group,UNITS,M,81984,2025-10,1761868800000
2025-10-31,EU + EFTA + UK,BMW Group,YTD,M,818785,2025-10,1761868800000
2025-10-31,EU + EFTA + UK,BYD,TTM,M,123312,2025-10,1761868800000
2025-10-31,EU + EFTA + UK,BYD,UNITS,M,17470,2025-10,1761868800000
2025-10-31,EU + EFTA + UK,BYD,YTD,M,108349,2025-10,1761868800000
2025-10-31,EU + EFTA + UK,Citroen,TTM,M,347127,2025-10,1761868800000
2025-10-31,EU + EFTA + UK,Citroen,UNITS,M,30569,2025-10,1761868800000
2025-10-31,EU + EFTA + UK,Citroen,YTD,M,298572,2025-10,1761868800000
2025-10-31,EU + EFTA + UK,Cupra,TTM,M,289995,2025-10,1761868800000
2025-10-31,EU + EFTA + UK,Cupra,UNITS,M,24576,2025-10,1761868800000
2025-10-31,EU + EFTA + UK,Cupra,YTD,M,248887,2025-10,1761868800000
2025-10-31,EU + EFTA + UK,DS,TTM,M,31486,2025-10,1761868800000
2025-10-31,EU + EFTA + UK,DS,UNITS,M,2150,2025-10,1761868800000
2025-10-31,EU + EFTA + UK,DS,YTD,M,25962,2025-10,1761868800000
2025-10-31,EU + EFTA + UK,Dacia,TTM,M,624380,2025-10,1761868800000
2025-10-31,EU + EFTA + UK,Dacia,UNITS,M,49747,2025-10,1761868800000
2025-10-31,EU + EFTA + UK,Dacia,YTD,M,518095,2025-10,1761868800000
2025-10-31,EU + EFTA + UK,Fiat,TTM,M,269677,2025-10,1761868800000
2025-10-31,EU + EFTA + UK,Fiat,UNITS,M,21771,2025-10,1761868800000
2025-10-31,EU + EFTA + UK,Fiat,YTD,M,238857,2025-10,1761868800000
2025-10-31,EU + EFTA + UK,Ford,TTM,M,427780,2025-10,1761868800000
2025-10-31,EU + EFTA + UK,Ford,UNITS,M,33411,2025-10,1761868800000
2025-10-31,EU + EFTA + UK,Ford,YTD,M,364554,2025-10,1761868800000
2025-10-31,EU + EFTA + UK,Honda,TTM,M,69382,2025-10,1761868800000
2025-10-31,EU + EFTA + UK,Honda,UNITS,M,5101,2025-10,1761868800000
2025-10-31,EU + EFTA + UK,Honda,YTD,M,60412,2025-10,1761868800000
2025-10-31,EU + EFTA + UK,Hyundai,TTM,M,539585,2025-10,1761868800000
2025-10-31,EU + EFTA + UK,Hyundai,UNITS,M,41137,2025-10,1761868800000
2025-10-31,EU + EFTA + UK,Hyundai,YTD,M,455555,2025-10,1761868800000
2025-10-31,EU + EFTA + UK,Hyundai Group,TTM,M,1056147,2025-10,1761868800000
2025-10-31,EU + EFTA + UK,Hyundai Group,UNITS,M,81540,2025-10,1761868800000
2025-10-31,EU + EFTA + UK,Hyundai Group,YTD,M,897533,2025-10,1761868800000
2025-10-31,EU + EFTA + UK,Jaguar,TTM,M,4778,2025-10,1761868800000
2025-10-31,EU + EFTA + UK,Jaguar,UNITS,M,0,2025-10,1761868800000
2025-10-31,EU + EFTA + UK,Jaguar,YTD,M,2759,2025-10,1761868800000
2025-10-31,EU + EFTA + UK,Jaguar Land Rover Group,TTM,M,132040,2025-10,1761868800000
2025-10-31,EU + EFTA + UK,Jaguar Land Rover Group,UNITS,M,7877,2025-10,1761868800000
2025-10-31,EU + EFTA + UK,Jaguar Land Rover Group,YTD,M,109486,2025-10,1761868800000
2025-10-31,EU + EFTA + UK,Jeep,TTM,M,132827,2025-10,1761868800000
2025-10-31,EU + EFTA + UK,Jeep,UNITS,M,9366,2025-10,1761868800000
2025-10-31,EU + EFTA + UK,Jeep,YTD,M,113213,2025-10,1761868800000
2025-10-31,EU + EFTA + UK,Kia,TTM,M,516562,2025-10,1761868800000
2025-10-31,EU + EFTA + UK,Kia,UNITS,M,40403,2025-10,1761868800000
2025-10-31,EU + EFTA + UK,Kia,YTD,M,441978,2025-10,1761868800000
2025-10-31,EU + EFTA + UK,Lancia/Chrysler,TTM,M,12520,2025-10,1761868800000
2025-10-31,EU + EFTA + UK,Lancia/Chrysler,UNITS,M,1106,2025-10,1761868800000
2025-10-31,EU + EFTA + UK,Lancia/Chrysler,YTD,M,10896,2025-10,1761868800000
2025-10-31,EU + EFTA + UK,Land Rover,TTM,M,127262,2025-10,1761868800000
2025-10-31,EU + EFTA + UK,Land Rover,UNITS,M,7877,2025-10,1761868800000
2025-10-31,EU + EFTA + UK,Land Rover,YTD,M,106727,2025-10,1761868800000
2025-10-31,EU + EFTA + UK,Lexus,TTM,M,78974,2025-10,1761868800000
2025-10-31,EU + EFTA + UK,Lexus,UNITS,M,6013,2025-10,1761868800000
2025-10-31,EU + EFTA + UK,Lexus,YTD,M,64635,2025-10,1761868800000
2025-10-31,EU + EFTA + UK,Mazda,TTM,M,150139,2025-10,1761868800000
2025-10-31,EU + EFTA + UK,Mazda,UNITS,M,11573,2025-10,1761868800000
2025-10-31,EU + EFTA + UK,Mazda,YTD,M,122176,2025-10,1761868800000
2025-10-31,EU + EFTA + UK,Mercedes-Benz,TTM,M,681872,2025-10,1761868800000
2025-10-31,EU + EFTA + UK,Mercedes-Benz,UNITS,M,56221,2025-10,1761868800000
2025-10-31,EU + EFTA + UK,Mercedes-Benz,YTD,M,553703,2025-10,1761868800000
2025-10-31,EU + EFTA + UK,Mini,TTM,M,171049,2025-10,1761868800000
2025-10-31,EU + EFTA + UK,Mini,UNITS,M,15649,2025-10,1761868800000
2025-10-31,EU + EFTA + UK,Mini,YTD,M,142256,2025-10,1761868800000
2025-10-31,EU + EFTA + UK,Mitsubishi,TTM,M,49977,2025-10,1761868800000
2025-10-31,EU + EFTA + UK,Mitsubishi,UNITS,M,2189,2025-10,1761868800000
2025-10-31,EU + EFTA + UK,Mitsubishi,YTD,M,40611,2025-10,1761868800000
2025-10-31,EU + EFTA + UK,Nissan,TTM,M,293666,2025-10,1761868800000
2025-10-31,EU + EFTA + UK,Nissan,UNITS,M,20316,2025-10,1761868800000
2025-10-31,EU + EFTA + UK,Nissan,YTD,M,247290,2025-10,1761868800000
2025-10-31,EU + EFTA + UK,Opel/Vauxhall,TTM,M,402177,2025-10,1761868800000
2025-10-31,EU + EFTA + UK,Opel/Vauxhall,UNITS,M,35400,2025-10,1761868800000
2025-10-31,EU + EFTA + UK,Opel/Vauxhall,YTD,M,347021,2025-10,1761868800000
2025-10-31,EU + EFTA + UK,Peugeot,TTM,M,656434,2025-10,1761868800000
2025-10-31,EU + EFTA + UK,Peugeot,UNITS,M,51712,2025-10,1761868800000
2025-10-31,EU + EFTA + UK,Peugeot,YTD,M,558153,2025-10,1761868800000
2025-10-31,EU + EFTA + UK,Porsche,TTM,M,100476,2025-10,1761868800000
2025-10-31,EU + EFTA + UK,Porsche,UNITS,M,7653,2025-10,1761868800000
2025-10-31,EU + EFTA + UK,Porsche,YTD,M,81389,2025-10,1761868800000
2025-10-31,EU + EFTA + UK,Renault,TTM,M,742118,2025-10,1761868800000
2025-10-31,EU + EFTA + UK,Renault,UNITS,M,62778,2025-10,1761868800000
2025-10-31,EU + EFTA + UK,Renault,YTD,M,607642,2025-10,1761868800000
2025-10-31,EU + EFTA + UK,Renault Group,TTM,M,1375518,2025-10,1761868800000
2025-10-31,EU + EFTA + UK,Renault Group,UNITS,M,113448,2025-10,1761868800000
2025-10-31,EU + EFTA + UK,Renault Group,YTD,M,1133860,2025-10,1761868800000
2025-10-31,EU + EFTA + UK,SAIC Motor,TTM,M,292484,2025-10,1761868800000
2025-10-31,EU + EFTA + UK,SAIC Motor,UNITS,M,23860,2025-10,1761868800000
2025-10-31,EU + EFTA + UK,SAIC Motor,YTD,M,245372,2025-10,1761868800000
2025-10-31,EU + EFTA + UK,Seat,TTM,M,222984,2025-10,1761868800000
2025-10-31,EU + EFTA + UK,Seat,UNITS,M,17207,2025-10,1761868800000
2025-10-31,EU + EFTA + UK,Seat,YTD,M,185731,2025-10,1761868800000
2025-10-31,EU + EFTA + UK,Skoda,TTM,M,853231,2025-10,1761868800000
2025-10-31,EU + EFTA + UK,Skoda,UNITS,M,78436,2025-10,1761868800000
2025-10-31,EU + EFTA + UK,Skoda,YTD,M,719302,2025-10,1761868800000
2025-10-31,EU + EFTA + UK,Stellantis,TTM,M,1918168,2025-10,1761868800000
2025-10-31,EU + EFTA + UK,Stellantis,UNITS,M,157350,2025-10,1761868800000
2025-10-31,EU + EFTA + UK,Stellantis,YTD,M,1649321,2025-10,1761868800000
2025-10-31,EU + EFTA + UK,Suzuki,TTM,M,176264,2025-10,1761868800000
2025-10-31,EU + EFTA + UK,Suzuki,UNITS,M,13812,2025-10,1761868800000
2025-10-31,EU + EFTA + UK,Suzuki,YTD,M,148148,2025-10,1761868800000
2025-10-31,EU + EFTA + UK,Tesla,TTM,M,208143,2025-10,1761868800000
2025-10-31,EU + EFTA + UK,Tesla,UNITS,M,6964,2025-10,1761868800000
2025-10-31,EU + EFTA + UK,Tesla,YTD,M,138113,2025-10,1761868800000
2025-10-31,EU + EFTA + UK,Toyota,TTM,M,884757,2025-10,1761868800000
2025-10-31,EU + EFTA + UK,Toyota,UNITS,M,68728,2025-10,1761868800000
2025-10-31,EU + EFTA + UK,Toyota,YTD,M,728383,2025-10,1761868800000
2025-10-31,EU + EFTA + UK,Toyota Group,TTM,M,963731,2025-10,1761868800000
2025-10-31,EU + EFTA + UK,Toyota Group,UNITS,M,74741,2025-10,1761868800000
2025-10-31,EU + EFTA + UK,Toyota Group,YTD,M,793018,2025-10,1761868800000
2025-10-31,EU + EFTA + UK,Volkswagen,TTM,M,1466646,2025-10,1761868800000
2025-10-31,EU + EFTA + UK,Volkswagen,UNITS,M,122239,2025-10,1761868800000
2025-10-31,EU + EFTA + UK,Volkswagen,YTD,M,1235114,2025-10,1761868800000
2025-10-31,EU + EFTA + UK,Volkswagen Group,TTM,M,3588872,2025-10,1761868800000
2025-10-31,EU + EFTA + UK,Volkswagen Group,UNITS,M,308508,2025-10,1761868800000
2025-10-31,EU + EFTA + UK,Volkswagen Group,YTD,M,3022246,2025-10,1761868800000
2025-10-31,EU + EFTA + UK,Volvo Cars,TTM,M,340274,2025-10,1761868800000
2025-10-31,EU + EFTA + UK,Volvo Cars,UNITS,M,28878,2025-10,1761868800000
2025-10-31,EU + EFTA + UK,Volvo Cars,YTD,M,276305,2025-10,1761868800000
2025-10-31,European Union (EU),Alfa Romeo,TTM,M,56516,2025-10,1761868800000
2025-10-31,European Union (EU),Alfa Romeo,UNITS,M,4597,2025-10,1761868800000
2025-10-31,European Union (EU),Alfa Romeo,YTD,M,48554,2025-10,1761868800000
2025-10-31,European Union (EU),Alpine,TTM,M,7258,2025-10,1761868800000
2025-10-31,European Union (EU),Alpine,UNITS,M,670,2025-10,1761868800000
2025-10-31,European Union (EU),Alpine,YTD,M,6447,2025-10,1761868800000
2025-10-31,European Union (EU),Audi,TTM,M,514950,2025-10,1761868800000
2025-10-31,European Union (EU),Audi,UNITS,M,46485,2025-10,1761868800000
2025-10-31,European Union (EU),Audi,YTD,M,432450,2025-10,1761868800000
2025-10-31,European Union (EU),BMW,TTM,M,639174,2025-10,1761868800000
2025-10-31,European Union (EU),BMW,UNITS,M,55273,2025-10,1761868800000
2025-10-31,European Union (EU),BMW,YTD,M,528174,2025-10,1761868800000
2025-10-31,European Union (EU),BMW Group,TTM,M,752543,2025-10,1761868800000
2025-10-31,European Union (EU),BMW Group,UNITS,M,66331,2025-10,1761868800000
2025-10-31,European Union (EU),BMW Group,YTD,M,623597,2025-10,1761868800000
2025-10-31,European Union (EU),BYD,TTM,M,97407,2025-10,1761868800000
2025-10-31,European Union (EU),BYD,UNITS,M,13350,2025-10,1761868800000
2025-10-31,European Union (EU),BYD,YTD,M,85845,2025-10,1761868800000
2025-10-31,European Union (EU),Citroen,TTM,M,322739,2025-10,1761868800000
2025-10-31,European Union (EU),Citroen,UNITS,M,27357,2025-10,1761868800000
2025-10-31,European Union (EU),Citroen,YTD,M,278822,2025-10,1761868800000
2025-10-31,European Union (EU),Cupra,TTM,M,241412,2025-10,1761868800000
2025-10-31,European Union (EU),Cupra,UNITS,M,20751,2025-10,1761868800000
2025-10-31,European Union (EU),Cupra,YTD,M,207392,2025-10,1761868800000
2025-10-31,European Union (EU),DS,TTM,M,29774,2025-10,1761868800000
2025-10-31,European Union (EU),DS,UNITS,M,2103,2025-10,1761868800000
2025-10-31,European Union (EU),DS,YTD,M,24354,2025-10,1761868800000
2025-10-31,European Union (EU),Dacia,TTM,M,571074,2025-10,1761868800000
2025-10-31,European Union (EU),Dacia,UNITS,M,46244,2025-10,1761868800000
2025-10-31,European Union (EU),Dacia,YTD,M,472163,2025-10,1761868800000
2025-10-31,European Union (EU),Fiat,TTM,M,255608,2025-10,1761868800000
2025-10-31,European Union (EU),Fiat,UNITS,M,21291,2025-10,1761868800000
2025-10-31,European Union (EU),Fiat,YTD,M,227121,2025-10,1761868800000
2025-10-31,European Union (EU),Ford,TTM,M,304738,2025-10,1761868800000
2025-10-31,European Union (EU),Ford,UNITS,M,23846,2025-10,1761868800000
2025-10-31,European Union (EU),Ford,YTD,M,257930,2025-10,1761868800000
2025-10-31,European Union (EU),Honda,TTM,M,45742,2025-10,1761868800000
2025-10-31,European Union (EU),Honda,UNITS,M,3978,2025-10,1761868800000
2025-10-31,European Union (EU),Honda,YTD,M,39768,2025-10,1761868800000
2025-10-31,European Union (EU),Hyundai,TTM,M,415407,2025-10,1761868800000
2025-10-31,European Union (EU),Hyundai,UNITS,M,33855,2025-10,1761868800000
2025-10-31,European Union (EU),Hyundai,YTD,M,346373,2025-10,1761868800000
2025-10-31,European Union (EU),Hyundai Group,TTM,M,806355,2025-10,1761868800000
2025-10-31,European Union (EU),Hyundai Group,UNITS,M,65589,2025-10,1761868800000
2025-10-31,European Union (EU),Hyundai Group,YTD,M,675676,2025-10,1761868800000
2025-10-31,European Union (EU),Jaguar,TTM,M,2083,2025-10,1761868800000
2025-10-31,European Union (EU),Jaguar,UNITS,M,0,2025-10,1761868800000
2025-10-31,European Union (EU),Jaguar,YTD,M,1230,2025-10,1761868800000
2025-10-31,European Union (EU),Jaguar Land Rover Group,TTM,M,57577,2025-10,1761868800000
2025-10-31,European Union (EU),Jaguar Land Rover Group,UNITS,M,3436,2025-10,1761868800000
2025-10-31,European Union (EU),Jaguar Land Rover Group,YTD,M,46260,2025-10,1761868800000
2025-10-31,European Union (EU),Jeep,TTM,M,118325,2025-10,1761868800000
2025-10-31,European Union (EU),Jeep,UNITS,M,8723,2025-10,1761868800000
2025-10-31,European Union (EU),Jeep,YTD,M,100878,2025-10,1761868800000
2025-10-31,European Union (EU),Kia,TTM,M,390948,2025-10,1761868800000
2025-10-31,European Union (EU),Kia,UNITS,M,31734,2025-10,1761868800000
2025-10-31,European Union (EU),Kia,YTD,M,329303,2025-10,1761868800000
2025-10-31,European Union (EU),Lancia/Chrysler,TTM,M,11439,2025-10,1761868800000
2025-10-31,European Union (EU),Lancia/Chrysler,UNITS,M,1106,2025-10,1761868800000
2025-10-31,European Union (EU),Lancia/Chrysler,YTD,M,9820,2025-10,1761868800000
2025-10-31,European Union (EU),Land Rover,TTM,M,55494,2025-10,1761868800000
2025-10-31,European Union (EU),Land Rover,UNITS,M,3436,2025-10,1761868800000
2025-10-31,European Union (EU),Land Rover,YTD,M,45030,2025-10,1761868800000
2025-10-31,European Union (EU),Lexus,TTM,M,70840,2025-10,1761868800000
2025-10-31,European Union (EU),Lexus,UNITS,M,4730,2025-10,1761868800000
2025-10-31,European Union (EU),Lexus,YTD,M,59628,2025-10,1761868800000
2025-10-31,European Union (EU),Mazda,TTM,M,123605,2025-10,1761868800000
2025-10-31,European Union (EU),Mazda,UNITS,M,9426,2025-10,1761868800000
2025-10-31,European Union (EU),Mazda,YTD,M,100444,2025-10,1761868800000
2025-10-31,European Union (EU),Mercedes-Benz,TTM,M,581628,2025-10,1761868800000
2025-10-31,European Union (EU),Mercedes-Benz,UNITS,M,48827,2025-10,1761868800000
2025-10-31,European Union (EU),Mercedes-Benz,YTD,M,472930,2025-10,1761868800000
2025-10-31,European Union (EU),Mini,TTM,M,113370,2025-10,1761868800000
2025-10-31,European Union (EU),Mini,UNITS,M,11058,2025-10,1761868800000
2025-10-31,European Union (EU),Mini,YTD,M,95424,2025-10,1761868800000
2025-10-31,European Union (EU),Mitsubishi,TTM,M,45810,2025-10,1761868800000
2025-10-31,European Union (EU),Mitsubishi,UNITS,M,2048,2025-10,1761868800000
2025-10-31,European Union (EU),Mitsubishi,YTD,M,36900,2025-10,1761868800000
2025-10-31,European Union (EU),Nissan,TTM,M,214157,2025-10,1761868800000
2025-10-31,European Union (EU),Nissan,UNITS,M,14034,2025-10,1761868800000
2025-10-31,European Union (EU),Nissan,YTD,M,183014,2025-10,1761868800000
2025-10-31,European Union (EU),Opel/Vauxhall,TTM,M,308574,2025-10,1761868800000
2025-10-31,European Union (EU),Opel/Vauxhall,UNITS,M,28702,2025-10,1761868800000
2025-10-31,European Union (EU),Opel/Vauxhall,YTD,M,264619,2025-10,1761868800000
2025-10-31,European Union (EU),Peugeot,TTM,M,566879,2025-10,1761868800000
2025-10-31,European Union (EU),Peugeot,UNITS,M,45543,2025-10,1761868800000
2025-10-31,European Union (EU),Peugeot,YTD,M,480356,2025-10,1761868800000
2025-10-31,European Union (EU),Porsche,TTM,M,70630,2025-10,1761868800000
2025-10-31,European Union (EU),Porsche,UNITS,M,5474,2025-10,1761868800000
2025-10-31,European Union (EU),Porsche,YTD,M,57987,2025-10,1761868800000
2025-10-31,European Union (EU),Renault,TTM,M,680893,2025-10,1761868800000
2025-10-31,European Union (EU),Renault,UNITS,M,56494,2025-10,1761868800000
2025-10-31,European Union (EU),Renault,YTD,M,559128,2025-10,1761868800000
2025-10-31,European Union (EU),Renault Group,TTM,M,1259225,2025-10,1761868800000
2025-10-31,European Union (EU),Renault Group,UNITS,M,103408,2025-10,1761868800000
2025-10-31,European Union (EU),Renault Group,YTD,M,1037738,2025-10,1761868800000
2025-10-31,European Union (EU),SAIC Motor,TTM,M,214195,2025-10,1761868800000
2025-10-31,European Union (EU),SAIC Motor,UNITS,M,18847,2025-10,1761868800000
2025-10-31,European Union (EU),SAIC Motor,YTD,M,181664,2025-10,1761868800000
2025-10-31,European Union (EU),Seat,TTM,M,196615,2025-10,1761868800000
2025-10-31,European Union (EU),Seat,UNITS,M,15698,2025-10,1761868800000
2025-10-31,European Union (EU),Seat,YTD,M,163911,2025-10,1761868800000
2025-10-31,European Union (EU),Skoda,TTM,M,716678,2025-10,1761868800000
2025-10-31,European Union (EU),Skoda,UNITS,M,69786,2025-10,1761868800000
2025-10-31,European Union (EU),Skoda,YTD,M,601409,2025-10,1761868800000
2025-10-31,European Union (EU),Stellantis,TTM,M,1673966,2025-10,1761868800000
2025-10-31,European Union (EU),Stellantis,UNITS,M,139709,2025-10,1761868800000
2025-10-31,European Union (EU),Stellantis,YTD,M,1438024,2025-10,1761868800000
2025-10-31,European Union (EU),Suzuki,TTM,M,156316,2025-10,1761868800000
2025-10-31,European Union (EU),Suzuki,UNITS,M,12034,2025-10,1761868800000
2025-10-31,European Union (EU),Suzuki,YTD,M,130516,2025-10,1761868800000
2025-10-31,European Union (EU),Tesla,TTM,M,180906,2025-10,1761868800000
2025-10-31,European Union (EU),Tesla,UNITS,M,5647,2025-10,1761868800000
2025-10-31,European Union (EU),Tesla,YTD,M,130909,2025-10,1761868800000
2025-10-31,European Union (EU),Toyota,TTM,M,827685,2025-10,1761868800000
2025-10-31,European Union (EU),Toyota,UNITS,M,60886,2025-10,1761868800000
2025-10-31,European Union (EU),Toyota,YTD,M,690734,2025-10,1761868800000
2025-10-31,European Union (EU),Toyota Group,TTM,M,898525,2025-10,1761868800000
2025-10-31,European Union (EU),Toyota Group,UNITS,M,65616,2025-10,1761868800000
2025-10-31,European Union (EU),Toyota Group,YTD,M,750362,2025-10,1761868800000
2025-10-31,European Union (EU),Volkswagen,TTM,M,1217719,2025-10,1761868800000
2025-10-31,European Union (EU),Volkswagen,UNITS,M,105408,2025-10,1761868800000
2025-10-31,European Union (EU),Volkswagen,YTD,M,1019221,2025-10,1761868800000
2025-10-31,European Union (EU),Volkswagen Group,TTM,M,2964825,2025-10,1761868800000
2025-10-31,European Union (EU),Volkswagen Group,UNITS,M,264069,2025-10,1761868800000
2025-10-31,European Union (EU),Volkswagen Group,YTD,M,2488396,2025-10,1761868800000
2025-10-31,European Union (EU),Volvo Cars,TTM,M,247109,2025-10,1761868800000
2025-10-31,European Union (EU),Volvo Cars,UNITS,M,21471,2025-10,1761868800000
2025-10-31,European Union (EU),Volvo Cars,YTD,M,198831,2025-10,1761868800000
2025-11-30,EU + EFTA + UK,Alfa Romeo,TTM,M,60178,2025-11,1764460800000
2025-11-30,EU + EFTA + UK,Alfa Romeo,UNITS,M,4062,2025-11,1764460800000
2025-11-30,EU + EFTA + UK,Alfa Romeo,YTD,M,56089,2025-11,1764460800000
2025-11-30,EU + EFTA + UK,Alpine,TTM,M,9661,2025-11,1764460800000
2025-11-30,EU + EFTA + UK,Alpine,UNITS,M,929,2025-11,1764460800000
2025-11-30,EU + EFTA + UK,Alpine,YTD,M,9052,2025-11,1764460800000
2025-11-30,EU + EFTA + UK,Audi,TTM,M,651463,2025-11,1764460800000
2025-11-30,EU + EFTA + UK,Audi,UNITS,M,58153,2025-11,1764460800000
2025-11-30,EU + EFTA + UK,Audi,YTD,M,601741,2025-11,1764460800000
2025-11-30,EU + EFTA + UK,BMW,TTM,M,811151,2025-11,1764460800000
2025-11-30,EU + EFTA + UK,BMW,UNITS,M,67043,2025-11,1764460800000
2025-11-30,EU + EFTA + UK,BMW,YTD,M,743572,2025-11,1764460800000
2025-11-30,EU + EFTA + UK,BMW Group,TTM,M,984215,2025-11,1764460800000
2025-11-30,EU + EFTA + UK,BMW Group,UNITS,M,81901,2025-11,1764460800000
2025-11-30,EU + EFTA + UK,BMW Group,YTD,M,900686,2025-11,1764460800000
2025-11-30,EU + EFTA + UK,BYD,TTM,M,137877,2025-11,1764460800000
2025-11-30,EU + EFTA + UK,BYD,UNITS,M,21133,2025-11,1764460800000
2025-11-30,EU + EFTA + UK,BYD,YTD,M,129482,2025-11,1764460800000
2025-11-30,EU + EFTA + UK,Citroen,TTM,M,350581,2025-11,1764460800000
2025-11-30,EU + EFTA + UK,Citroen,UNITS,M,28580,2025-11,1764460800000
2025-11-30,EU + EFTA + UK,Citroen,YTD,M,327152,2025-11,1764460800000
2025-11-30,EU + EFTA + UK,Cupra,TTM,M,295693,2025-11,1764460800000
2025-11-30,EU + EFTA + UK,Cupra,UNITS,M,25500,2025-11,1764460800000
2025-11-30,EU + EFTA + UK,Cupra,YTD,M,274387,2025-11,1764460800000
2025-11-30,EU + EFTA + UK,DS,TTM,M,30484,2025-11,1764460800000
2025-11-30,EU + EFTA + UK,DS,UNITS,M,1785,2025-11,1764460800000
2025-11-30,EU + EFTA + UK,DS,YTD,M,27747,2025-11,1764460800000
2025-11-30,EU + EFTA + UK,Dacia,TTM,M,623543,2025-11,1764460800000
2025-11-30,EU + EFTA + UK,Dacia,UNITS,M,48517,2025-11,1764460800000
2025-11-30,EU + EFTA + UK,Dacia,YTD,M,566612,2025-11,1764460800000
2025-11-30,EU + EFTA + UK,Fiat,TTM,M,272436,2025-11,1764460800000
2025-11-30,EU + EFTA + UK,Fiat,UNITS,M,19948,2025-11,1764460800000
2025-11-30,EU + EFTA + UK,Fiat,YTD,M,258805,2025-11,1764460800000
2025-11-30,EU + EFTA + UK,Ford,TTM,M,428043,2025-11,1764460800000
2025-11-30,EU + EFTA + UK,Ford,UNITS,M,33045,2025-11,1764460800000
2025-11-30,EU + EFTA + UK,Ford,YTD,M,397599,2025-11,1764460800000
2025-11-30,EU + EFTA + UK,Honda,TTM,M,70195,2025-11,1764460800000
2025-11-30,EU + EFTA + UK,Honda,UNITS,M,5216,2025-11,1764460800000
2025-11-30,EU + EFTA + UK,Honda,YTD,M,65628,2025-11,1764460800000
2025-11-30,EU + EFTA + UK,Hyundai,TTM,M,541034,2025-11,1764460800000
2025-11-30,EU + EFTA + UK,Hyundai,UNITS,M,41026,2025-11,1764460800000
2025-11-30,EU + EFTA + UK,Hyundai,YTD,M,496581,2025-11,1764460800000
2025-11-30,EU + EFTA + UK,Hyundai Group,TTM,M,1056319,2025-11,1764460800000
2025-11-30,EU + EFTA + UK,Hyundai Group,UNITS,M,79901,2025-11,1764460800000
2025-11-30,EU + EFTA + UK,Hyundai Group,YTD,M,977434,2025-11,1764460800000
2025-11-30,EU + EFTA + UK,Jaguar,TTM,M,3550,2025-11,1764460800000
2025-11-30,EU + EFTA + UK,Jaguar,UNITS,M,0,2025-11,1764460800000
2025-11-30,EU + EFTA + UK,Jaguar,YTD,M,2759,2025-11,1764460800000
2025-11-30,EU + EFTA + UK,Jaguar Land Rover Group,TTM,M,128708,2025-11,1764460800000
2025-11-30,EU + EFTA + UK,Jaguar Land Rover Group,UNITS,M,8723,2025-11,1764460800000
2025-11-30,EU + EFTA + UK,Jaguar Land Rover Group,YTD,M,118209,2025-11,1764460800000
2025-11-30,EU + EFTA + UK,Jeep,TTM,M,130511,2025-11,1764460800000
2025-11-30,EU + EFTA + UK,Jeep,UNITS,M,8318,2025-11,1764460800000
2025-11-30,EU + EFTA + UK,Jeep,YTD,M,121531,2025-11,1764460800000
2025-11-30,EU + EFTA + UK,Kia,TTM,M,515285,2025-11,1764460800000
2025-11-30,EU + EFTA + UK,Kia,UNITS,M,38875,2025-11,1764460800000
2025-11-30,EU + EFTA + UK,Kia,YTD,M,480853,2025-11,1764460800000
2025-11-30,EU + EFTA + UK,Lancia/Chrysler,TTM,M,12706,2025-11,1764460800000
2025-11-30,EU + EFTA + UK,Lancia/Chrysler,UNITS,M,1085,2025-11,1764460800000
2025-11-30,EU + EFTA + UK,Lancia/Chrysler,YTD,M,11981,2025-11,1764460800000
2025-11-30,EU + EFTA + UK,Land Rover,TTM,M,125158,2025-11,1764460800000
2025-11-30,EU + EFTA + UK,Land Rover,UNITS,M,8723,2025-11,1764460800000
2025-11-30,EU + EFTA + UK,Land Rover,YTD,M,115450,2025-11,1764460800000
2025-11-30,EU + EFTA + UK,Lexus,TTM,M,78141,2025-11,1764460800000
2025-11-30,EU + EFTA + UK,Lexus,UNITS,M,5607,2025-11,1764460800000
2025-11-30,EU + EFTA + UK,Lexus,YTD,M,70242,2025-11,1764460800000
2025-11-30,EU + EFTA + UK,Mazda,TTM,M,151186,2025-11,1764460800000
2025-11-30,EU + EFTA + UK,Mazda,UNITS,M,13457,2025-11,1764460800000
2025-11-30,EU + EFTA + UK,Mazda,YTD,M,135633,2025-11,1764460800000
2025-11-30,EU + EFTA + UK,Mercedes-Benz,TTM,M,677023,2025-11,1764460800000
2025-11-30,EU + EFTA + UK,Mercedes-Benz,UNITS,M,57480,2025-11,1764460800000
2025-11-30,EU + EFTA + UK,Mercedes-Benz,YTD,M,611183,2025-11,1764460800000
2025-11-30,EU + EFTA + UK,Mini,TTM,M,173064,2025-11,1764460800000
2025-11-30,EU + EFTA + UK,Mini,UNITS,M,14858,2025-11,1764460800000
2025-11-30,EU + EFTA + UK,Mini,YTD,M,157114,2025-11,1764460800000
2025-11-30,EU + EFTA + UK,Mitsubishi,TTM,M,49062,2025-11,1764460800000
2025-11-30,EU + EFTA + UK,Mitsubishi,UNITS,M,2676,2025-11,1764460800000
2025-11-30,EU + EFTA + UK,Mitsubishi,YTD,M,43287,2025-11,1764460800000
2025-11-30,EU + EFTA + UK,Nissan,TTM,M,291439,2025-11,1764460800000
2025-11-30,EU + EFTA + UK,Nissan,UNITS,M,20100,2025-11,1764460800000
2025-11-30,EU + EFTA + UK,Nissan,YTD,M,267390,2025-11,1764460800000
2025-11-30,EU + EFTA + UK,Opel/Vauxhall,TTM,M,403737,2025-11,1764460800000
2025-11-30,EU + EFTA + UK,Opel/Vauxhall,UNITS,M,30056,2025-11,1764460800000
2025-11-30,EU + EFTA + UK,Opel/Vauxhall,YTD,M,377077,2025-11,1764460800000
2025-11-30,EU + EFTA + UK,Peugeot,TTM,M,648224,2025-11,1764460800000
2025-11-30,EU + EFTA + UK,Peugeot,UNITS,M,44636,2025-11,1764460800000
2025-11-30,EU + EFTA + UK,Peugeot,YTD,M,602789,2025-11,1764460800000
2025-11-30,EU + EFTA + UK,Porsche,TTM,M,97737,2025-11,1764460800000
2025-11-30,EU + EFTA + UK,Porsche,UNITS,M,6723,2025-11,1764460800000
2025-11-30,EU + EFTA + UK,Porsche,YTD,M,88112,2025-11,1764460800000
2025-11-30,EU + EFTA + UK,Renault,TTM,M,745663,2025-11,1764460800000
2025-11-30,EU + EFTA + UK,Renault,UNITS,M,65595,2025-11,1764460800000
2025-11-30,EU + EFTA + UK,Renault,YTD,M,673237,2025-11,1764460800000
2025-11-30,EU + EFTA + UK,Renault Group,TTM,M,1378867,2025-11,1764460800000
2025-11-30,EU + EFTA + UK,Renault Group,UNITS,M,115041,2025-11,1764460800000
2025-11-30,EU + EFTA + UK,Renault Group,YTD,M,1248901,2025-11,1764460800000
2025-11-30,EU + EFTA + UK,SAIC Motor,TTM,M,296575,2025-11,1764460800000
2025-11-30,EU + EFTA + UK,SAIC Motor,UNITS,M,23666,2025-11,1764460800000
2025-11-30,EU + EFTA + UK,SAIC Motor,YTD,M,269038,2025-11,1764460800000
2025-11-30,EU + EFTA + UK,Seat,TTM,M,222702,2025-11,1764460800000
2025-11-30,EU + EFTA + UK,Seat,UNITS,M,17212,2025-11,1764460800000
2025-11-30,EU + EFTA + UK,Seat,YTD,M,202943,2025-11,1764460800000
2025-11-30,EU + EFTA + UK,Skoda,TTM,M,856166,2025-11,1764460800000
2025-11-30,EU + EFTA + UK,Skoda,UNITS,M,71623,2025-11,1764460800000
2025-11-30,EU + EFTA + UK,Skoda,YTD,M,790925,2025-11,1764460800000
2025-11-30,EU + EFTA + UK,Stellantis,TTM,M,1914293,2025-11,1764460800000
2025-11-30,EU + EFTA + UK,Stellantis,UNITS,M,138747,2025-11,1764460800000
2025-11-30,EU + EFTA + UK,Stellantis,YTD,M,1788068,2025-11,1764460800000
2025-11-30,EU + EFTA + UK,Suzuki,TTM,M,174346,2025-11,1764460800000
2025-11-30,EU + EFTA + UK,Suzuki,UNITS,M,12274,2025-11,1764460800000
2025-11-30,EU + EFTA + UK,Suzuki,YTD,M,160422,2025-11,1764460800000
2025-11-30,EU + EFTA + UK,Tesla,TTM,M,205104,2025-11,1764460800000
2025-11-30,EU + EFTA + UK,Tesla,UNITS,M,22801,2025-11,1764460800000
2025-11-30,EU + EFTA + UK,Tesla,YTD,M,160914,2025-11,1764460800000
2025-11-30,EU + EFTA + UK,Toyota,TTM,M,877469,2025-11,1764460800000
2025-11-30,EU + EFTA + UK,Toyota,UNITS,M,68483,2025-11,1764460800000
2025-11-30,EU + EFTA + UK,Toyota,YTD,M,796866,2025-11,1764460800000
2025-11-30,EU + EFTA + UK,Toyota Group,TTM,M,955610,2025-11,1764460800000
2025-11-30,EU + EFTA + UK,Toyota Group,UNITS,M,74090,2025-11,1764460800000
2025-11-30,EU + EFTA + UK,Toyota Group,YTD,M,867108,2025-11,1764460800000
2025-11-30,EU + EFTA + UK,Volkswagen,TTM,M,1467544,2025-11,1764460800000
2025-11-30,EU + EFTA + UK,Volkswagen,UNITS,M,119626,2025-11,1764460800000
2025-11-30,EU + EFTA + UK,Volkswagen,YTD,M,1354740,2025-11,1764460800000
2025-11-30,EU + EFTA + UK,Volkswagen Group,TTM,M,3600577,2025-11,1764460800000
2025-11-30,EU + EFTA + UK,Volkswagen Group,UNITS,M,299402,2025-11,1764460800000
2025-11-30,EU + EFTA + UK,Volkswagen Group,YTD,M,3321648,2025-11,1764460800000
2025-11-30,EU + EFTA + UK,Volvo Cars,TTM,M,335669,2025-11,1764460800000
2025-11-30,EU + EFTA + UK,Volvo Cars,UNITS,M,26469,2025-11,1764460800000
2025-11-30,EU + EFTA + UK,Volvo Cars,YTD,M,302774,2025-11,1764460800000
2025-11-30,European Union (EU),Alfa Romeo,TTM,M,56144,2025-11,1764460800000
2025-11-30,European Union (EU),Alfa Romeo,UNITS,M,3720,2025-11,1764460800000
2025-11-30,European Union (EU),Alfa Romeo,YTD,M,52274,2025-11,1764460800000
2025-11-30,European Union (EU),Alpine,TTM,M,7687,2025-11,1764460800000
2025-11-30,European Union (EU),Alpine,UNITS,M,681,2025-11,1764460800000
2025-11-30,European Union (EU),Alpine,YTD,M,7128,2025-11,1764460800000
2025-11-30,European Union (EU),Audi,TTM,M,519562,2025-11,1764460800000
2025-11-30,European Union (EU),Audi,UNITS,M,47276,2025-11,1764460800000
2025-11-30,European Union (EU),Audi,YTD,M,479726,2025-11,1764460800000
2025-11-30,European Union (EU),BMW,TTM,M,639977,2025-11,1764460800000
2025-11-30,European Union (EU),BMW,UNITS,M,55667,2025-11,1764460800000
2025-11-30,European Union (EU),BMW,YTD,M,583841,2025-11,1764460800000
2025-11-30,European Union (EU),BMW Group,TTM,M,755090,2025-11,1764460800000
2025-11-30,European Union (EU),BMW Group,UNITS,M,65744,2025-11,1764460800000
2025-11-30,European Union (EU),BMW Group,YTD,M,689341,2025-11,1764460800000
2025-11-30,European Union (EU),BYD,TTM,M,108744,2025-11,1764460800000
2025-11-30,European Union (EU),BYD,UNITS,M,16158,2025-11,1764460800000
2025-11-30,European Union (EU),BYD,YTD,M,102003,2025-11,1764460800000
2025-11-30,European Union (EU),Citroen,TTM,M,326082,2025-11,1764460800000
2025-11-30,European Union (EU),Citroen,UNITS,M,25915,2025-11,1764460800000
2025-11-30,European Union (EU),Citroen,YTD,M,304737,2025-11,1764460800000
2025-11-30,European Union (EU),Cupra,TTM,M,245366,2025-11,1764460800000
2025-11-30,European Union (EU),Cupra,UNITS,M,20740,2025-11,1764460800000
2025-11-30,European Union (EU),Cupra,YTD,M,228132,2025-11,1764460800000
2025-11-30,European Union (EU),DS,TTM,M,28801,2025-11,1764460800000
2025-11-30,European Union (EU),DS,UNITS,M,1750,2025-11,1764460800000
2025-11-30,European Union (EU),DS,YTD,M,26104,2025-11,1764460800000
2025-11-30,European Union (EU),Dacia,TTM,M,570354,2025-11,1764460800000
2025-11-30,European Union (EU),Dacia,UNITS,M,44644,2025-11,1764460800000
2025-11-30,European Union (EU),Dacia,YTD,M,516807,2025-11,1764460800000
2025-11-30,European Union (EU),Fiat,TTM,M,259164,2025-11,1764460800000
2025-11-30,European Union (EU),Fiat,UNITS,M,19496,2025-11,1764460800000
2025-11-30,European Union (EU),Fiat,YTD,M,246617,2025-11,1764460800000
2025-11-30,European Union (EU),Ford,TTM,M,303594,2025-11,1764460800000
2025-11-30,European Union (EU),Ford,UNITS,M,23405,2025-11,1764460800000
2025-11-30,European Union (EU),Ford,YTD,M,281335,2025-11,1764460800000
2025-11-30,European Union (EU),Honda,TTM,M,46817,2025-11,1764460800000
2025-11-30,European Union (EU),Honda,UNITS,M,3913,2025-11,1764460800000
2025-11-30,European Union (EU),Honda,YTD,M,43681,2025-11,1764460800000
2025-11-30,European Union (EU),Hyundai,TTM,M,417075,2025-11,1764460800000
2025-11-30,European Union (EU),Hyundai,UNITS,M,32855,2025-11,1764460800000
2025-11-30,European Union (EU),Hyundai,YTD,M,379228,2025-11,1764460800000
2025-11-30,European Union (EU),Hyundai Group,TTM,M,805896,2025-11,1764460800000
2025-11-30,European Union (EU),Hyundai Group,UNITS,M,62766,2025-11,1764460800000
2025-11-30,European Union (EU),Hyundai Group,YTD,M,738442,2025-11,1764460800000
2025-11-30,European Union (EU),Jaguar,TTM,M,1602,2025-11,1764460800000
2025-11-30,European Union (EU),Jaguar,UNITS,M,0,2025-11,1764460800000
2025-11-30,European Union (EU),Jaguar,YTD,M,1230,2025-11,1764460800000
2025-11-30,European Union (EU),Jaguar Land Rover Group,TTM,M,55486,2025-11,1764460800000
2025-11-30,European Union (EU),Jaguar Land Rover Group,UNITS,M,3427,2025-11,1764460800000
2025-11-30,European Union (EU),Jaguar Land Rover Group,YTD,M,49687,2025-11,1764460800000
2025-11-30,European Union (EU),Jeep,TTM,M,116957,2025-11,1764460800000
2025-11-30,European Union (EU),Jeep,UNITS,M,7948,2025-11,1764460800000
2025-11-30,European Union (EU),Jeep,YTD,M,108826,2025-11,1764460800000
2025-11-30,European Union (EU),Kia,TTM,M,388821,2025-11,1764460800000
2025-11-30,European Union (EU),Kia,UNITS,M,29911,2025-11,1764460800000
2025-11-30,European Union (EU),Kia,YTD,M,359214,2025-11,1764460800000
2025-11-30,European Union (EU),Lancia/Chrysler,TTM,M,11625,2025-11,1764460800000
2025-11-30,European Union (EU),Lancia/Chrysler,UNITS,M,1085,2025-11,1764460800000
2025-11-30,European Union (EU),Lancia/Chrysler,YTD,M,10905,2025-11,1764460800000
2025-11-30,European Union (EU),Land Rover,TTM,M,53884,2025-11,1764460800000
2025-11-30,European Union (EU),Land Rover,UNITS,M,3427,2025-11,1764460800000
2025-11-30,European Union (EU),Land Rover,YTD,M,48457,2025-11,1764460800000
2025-11-30,European Union (EU),Lexus,TTM,M,70318,2025-11,1764460800000
2025-11-30,European Union (EU),Lexus,UNITS,M,4315,2025-11,1764460800000
2025-11-30,European Union (EU),Lexus,YTD,M,63943,2025-11,1764460800000
2025-11-30,European Union (EU),Mazda,TTM,M,124359,2025-11,1764460800000
2025-11-30,European Union (EU),Mazda,UNITS,M,11165,2025-11,1764460800000
2025-11-30,European Union (EU),Mazda,YTD,M,111609,2025-11,1764460800000
2025-11-30,European Union (EU),Mercedes-Benz,TTM,M,579652,2025-11,1764460800000
2025-11-30,European Union (EU),Mercedes-Benz,UNITS,M,50144,2025-11,1764460800000
2025-11-30,European Union (EU),Mercedes-Benz,YTD,M,523074,2025-11,1764460800000
2025-11-30,European Union (EU),Mini,TTM,M,115114,2025-11,1764460800000
2025-11-30,European Union (EU),Mini,UNITS,M,10077,2025-11,1764460800000
2025-11-30,European Union (EU),Mini,YTD,M,105501,2025-11,1764460800000
2025-11-30,European Union (EU),Mitsubishi,TTM,M,44895,2025-11,1764460800000
2025-11-30,European Union (EU),Mitsubishi,UNITS,M,2547,2025-11,1764460800000
2025-11-30,European Union (EU),Mitsubishi,YTD,M,39447,2025-11,1764460800000
2025-11-30,European Union (EU),Nissan,TTM,M,212899,2025-11,1764460800000
2025-11-30,European Union (EU),Nissan,UNITS,M,13008,2025-11,1764460800000
2025-11-30,European Union (EU),Nissan,YTD,M,196022,2025-11,1764460800000
2025-11-30,European Union (EU),Opel/Vauxhall,TTM,M,309732,2025-11,1764460800000
2025-11-30,European Union (EU),Opel/Vauxhall,UNITS,M,24491,2025-11,1764460800000
2025-11-30,European Union (EU),Opel/Vauxhall,YTD,M,289110,2025-11,1764460800000
2025-11-30,European Union (EU),Peugeot,TTM,M,561764,2025-11,1764460800000
2025-11-30,European Union (EU),Peugeot,UNITS,M,40081,2025-11,1764460800000
2025-11-30,European Union (EU),Peugeot,YTD,M,520437,2025-11,1764460800000
2025-11-30,European Union (EU),Porsche,TTM,M,68798,2025-11,1764460800000
2025-11-30,European Union (EU),Porsche,UNITS,M,4674,2025-11,1764460800000
2025-11-30,European Union (EU),Porsche,YTD,M,62661,2025-11,1764460800000
2025-11-30,European Union (EU),Renault,TTM,M,683549,2025-11,1764460800000
2025-11-30,European Union (EU),Renault,UNITS,M,58382,2025-11,1764460800000
2025-11-30,European Union (EU),Renault,YTD,M,617510,2025-11,1764460800000
2025-11-30,European Union (EU),Renault Group,TTM,M,1261590,2025-11,1764460800000
2025-11-30,European Union (EU),Renault Group,UNITS,M,103707,2025-11,1764460800000
2025-11-30,European Union (EU),Renault Group,YTD,M,1141445,2025-11,1764460800000
2025-11-30,European Union (EU),SAIC Motor,TTM,M,219211,2025-11,1764460800000
2025-11-30,European Union (EU),SAIC Motor,UNITS,M,17067,2025-11,1764460800000
2025-11-30,European Union (EU),SAIC Motor,YTD,M,198731,2025-11,1764460800000
2025-11-30,European Union (EU),Seat,TTM,M,196586,2025-11,1764460800000
2025-11-30,European Union (EU),Seat,UNITS,M,15379,2025-11,1764460800000
2025-11-30,European Union (EU),Seat,YTD,M,179290,2025-11,1764460800000
2025-11-30,European Union (EU),Skoda,TTM,M,719055,2025-11,1764460800000
2025-11-30,European Union (EU),Skoda,UNITS,M,61909,2025-11,1764460800000
2025-11-30,European Union (EU),Skoda,YTD,M,663318,2025-11,1764460800000
2025-11-30,European Union (EU),Stellantis,TTM,M,1674312,2025-11,1764460800000
2025-11-30,European Union (EU),Stellantis,UNITS,M,124716,2025-11,1764460800000
2025-11-30,European Union (EU),Stellantis,YTD,M,1562740,2025-11,1764460800000
2025-11-30,European Union (EU),Suzuki,TTM,M,153720,2025-11,1764460800000
2025-11-30,European Union (EU),Suzuki,UNITS,M,10361,2025-11,1764460800000
2025-11-30,European Union (EU),Suzuki,YTD,M,140877,2025-11,1764460800000
2025-11-30,European Union (EU),Tesla,TTM,M,174606,2025-11,1764460800000
2025-11-30,European Union (EU),Tesla,UNITS,M,12130,2025-11,1764460800000
2025-11-30,European Union (EU),Tesla,YTD,M,143039,2025-11,1764460800000
2025-11-30,European Union (EU),Toyota,TTM,M,821607,2025-11,1764460800000
2025-11-30,European Union (EU),Toyota,UNITS,M,60473,2025-11,1764460800000
2025-11-30,European Union (EU),Toyota,YTD,M,751207,2025-11,1764460800000
2025-11-30,European Union (EU),Toyota Group,TTM,M,891925,2025-11,1764460800000
2025-11-30,European Union (EU),Toyota Group,UNITS,M,64788,2025-11,1764460800000
2025-11-30,European Union (EU),Toyota Group,YTD,M,815150,2025-11,1764460800000
2025-11-30,European Union (EU),Volkswagen,TTM,M,1217164,2025-11,1764460800000
2025-11-30,European Union (EU),Volkswagen,UNITS,M,101815,2025-11,1764460800000
2025-11-30,European Union (EU),Volkswagen,YTD,M,1121036,2025-11,1764460800000
2025-11-30,European Union (EU),Volkswagen Group,TTM,M,2973357,2025-11,1764460800000
2025-11-30,European Union (EU),Volkswagen Group,UNITS,M,252239,2025-11,1764460800000
2025-11-30,European Union (EU),Volkswagen Group,YTD,M,2740635,2025-11,1764460800000
2025-11-30,European Union (EU),Volvo Cars,TTM,M,242142,2025-11,1764460800000
2025-11-30,European Union (EU),Volvo Cars,UNITS,M,18756,2025-11,1764460800000
2025-11-30,European Union (EU),Volvo Cars,YTD,M,217587,2025-11,1764460800000
2025-12-31,EU + EFTA + UK,Alfa Romeo,TTM,M,60530,2025-12,1767139200000
2025-12-31,EU + EFTA + UK,Alfa Romeo,UNITS,M,4441,2025-12,1767139200000
2025-12-31,EU + EFTA + UK,Alfa Romeo,YTD,M,60530,2025-12,1767139200000
2025-12-31,EU + EFTA + UK,Alpine,TTM,M,10580,2025-12,1767139200000
2025-12-31,EU + EFTA + UK,Alpine,UNITS,M,1528,2025-12,1767139200000
2025-12-31,EU + EFTA + UK,Alpine,YTD,M,10580,2025-12,1767139200000
2025-12-31,EU + EFTA + UK,Audi,TTM,M,666232,2025-12,1767139200000
2025-12-31,EU + EFTA + UK,Audi,UNITS,M,64491,2025-12,1767139200000
2025-12-31,EU + EFTA + UK,Audi,YTD,M,666232,2025-12,1767139200000
2025-12-31,EU + EFTA + UK,BMW,TTM,M,813586,2025-12,1767139200000
2025-12-31,EU + EFTA + UK,BMW,UNITS,M,70014,2025-12,1767139200000
2025-12-31,EU + EFTA + UK,BMW,YTD,M,813586,2025-12,1767139200000
2025-12-31,EU + EFTA + UK,BMW Group,TTM,M,986723,2025-12,1767139200000
2025-12-31,EU + EFTA + UK,BMW Group,UNITS,M,86037,2025-12,1767139200000
2025-12-31,EU + EFTA + UK,BMW Group,YTD,M,986723,2025-12,1767139200000
2025-12-31,EU + EFTA + UK,BYD,TTM,M,157160,2025-12,1767139200000
2025-12-31,EU + EFTA + UK,BYD,UNITS,M,27678,2025-12,1767139200000
2025-12-31,EU + EFTA + UK,BYD,YTD,M,157160,2025-12,1767139200000
2025-12-31,EU + EFTA + UK,Citroen,TTM,M,354411,2025-12,1767139200000
2025-12-31,EU + EFTA + UK,Citroen,UNITS,M,27259,2025-12,1767139200000
2025-12-31,EU + EFTA + UK,Citroen,YTD,M,354411,2025-12,1767139200000
2025-12-31,EU + EFTA + UK,Cupra,TTM,M,299309,2025-12,1767139200000
2025-12-31,EU + EFTA + UK,Cupra,UNITS,M,24922,2025-12,1767139200000
2025-12-31,EU + EFTA + UK,Cupra,YTD,M,299309,2025-12,1767139200000
2025-12-31,EU + EFTA + UK,DS,TTM,M,29804,2025-12,1767139200000
2025-12-31,EU + EFTA + UK,DS,UNITS,M,2057,2025-12,1767139200000
2025-12-31,EU + EFTA + UK,DS,YTD,M,29804,2025-12,1767139200000
2025-12-31,EU + EFTA + UK,Dacia,TTM,M,615992,2025-12,1767139200000
2025-12-31,EU + EFTA + UK,Dacia,UNITS,M,49380,2025-12,1767139200000
2025-12-31,EU + EFTA + UK,Dacia,YTD,M,615992,2025-12,1767139200000
2025-12-31,EU + EFTA + UK,Fiat,TTM,M,277528,2025-12,1767139200000
2025-12-31,EU + EFTA + UK,Fiat,UNITS,M,18723,2025-12,1767139200000
2025-12-31,EU + EFTA + UK,Fiat,YTD,M,277528,2025-12,1767139200000
2025-12-31,EU + EFTA + UK,Ford,TTM,M,430617,2025-12,1767139200000
2025-12-31,EU + EFTA + UK,Ford,UNITS,M,33018,2025-12,1767139200000
2025-12-31,EU + EFTA + UK,Ford,YTD,M,430617,2025-12,1767139200000
2025-12-31,EU + EFTA + UK,Honda,TTM,M,70293,2025-12,1767139200000
2025-12-31,EU + EFTA + UK,Honda,UNITS,M,4665,2025-12,1767139200000
2025-12-31,EU + EFTA + UK,Honda,YTD,M,70293,2025-12,1767139200000
2025-12-31,EU + EFTA + UK,Hyundai,TTM,M,547520,2025-12,1767139200000
2025-12-31,EU + EFTA + UK,Hyundai,UNITS,M,50939,2025-12,1767139200000
2025-12-31,EU + EFTA + UK,Hyundai,YTD,M,547520,2025-12,1767139200000
2025-12-31,EU + EFTA + UK,Hyundai Group,TTM,M,1060687,2025-12,1767139200000
2025-12-31,EU + EFTA + UK,Hyundai Group,UNITS,M,83253,2025-12,1767139200000
2025-12-31,EU + EFTA + UK,Hyundai Group,YTD,M,1060687,2025-12,1767139200000
2025-12-31,EU + EFTA + UK,Jaguar,TTM,M,2760,2025-12,1767139200000
2025-12-31,EU + EFTA + UK,Jaguar,UNITS,M,1,2025-12,1767139200000
2025-12-31,EU + EFTA + UK,Jaguar,YTD,M,2760,2025-12,1767139200000
2025-12-31,EU + EFTA + UK,Jaguar Land Rover Group,TTM,M,127454,2025-12,1767139200000
2025-12-31,EU + EFTA + UK,Jaguar Land Rover Group,UNITS,M,9245,2025-12,1767139200000
2025-12-31,EU + EFTA + UK,Jaguar Land Rover Group,YTD,M,127454,2025-12,1767139200000
2025-12-31,EU + EFTA + UK,Jeep,TTM,M,129253,2025-12,1767139200000
2025-12-31,EU + EFTA + UK,Jeep,UNITS,M,7722,2025-12,1767139200000
2025-12-31,EU + EFTA + UK,Jeep,YTD,M,129253,2025-12,1767139200000
2025-12-31,EU + EFTA + UK,Kia,TTM,M,513167,2025-12,1767139200000
2025-12-31,EU + EFTA + UK,Kia,UNITS,M,32314,2025-12,1767139200000
2025-12-31,EU + EFTA + UK,Kia,YTD,M,513167,2025-12,1767139200000
2025-12-31,EU + EFTA + UK,Lancia/Chrysler,TTM,M,12801,2025-12,1767139200000
2025-12-31,EU + EFTA + UK,Lancia/Chrysler,UNITS,M,820,2025-12,1767139200000
2025-12-31,EU + EFTA + UK,Lancia/Chrysler,YTD,M,12801,2025-12,1767139200000
2025-12-31,EU + EFTA + UK,Land Rover,TTM,M,124694,2025-12,1767139200000
2025-12-31,EU + EFTA + UK,Land Rover,UNITS,M,9244,2025-12,1767139200000
2025-12-31,EU + EFTA + UK,Land Rover,YTD,M,124694,2025-12,1767139200000
2025-12-31,EU + EFTA + UK,Lexus,TTM,M,76294,2025-12,1767139200000
2025-12-31,EU + EFTA + UK,Lexus,UNITS,M,6052,2025-12,1767139200000
2025-12-31,EU + EFTA + UK,Lexus,YTD,M,76294,2025-12,1767139200000
2025-12-31,EU + EFTA + UK,Mazda,TTM,M,150268,2025-12,1767139200000
2025-12-31,EU + EFTA + UK,Mazda,UNITS,M,14635,2025-12,1767139200000
2025-12-31,EU + EFTA + UK,Mazda,YTD,M,150268,2025-12,1767139200000
2025-12-31,EU + EFTA + UK,Mercedes-Benz,TTM,M,677269,2025-12,1767139200000
2025-12-31,EU + EFTA + UK,Mercedes-Benz,UNITS,M,66086,2025-12,1767139200000
2025-12-31,EU + EFTA + UK,Mercedes-Benz,YTD,M,677269,2025-12,1767139200000
2025-12-31,EU + EFTA + UK,Mini,TTM,M,173137,2025-12,1767139200000
2025-12-31,EU + EFTA + UK,Mini,UNITS,M,16023,2025-12,1767139200000
2025-12-31,EU + EFTA + UK,Mini,YTD,M,173137,2025-12,1767139200000
2025-12-31,EU + EFTA + UK,Mitsubishi,TTM,M,49108,2025-12,1767139200000
2025-12-31,EU + EFTA + UK,Mitsubishi,UNITS,M,5821,2025-12,1767139200000
2025-12-31,EU + EFTA + UK,Mitsubishi,YTD,M,49108,2025-12,1767139200000
2025-12-31,EU + EFTA + UK,Nissan,TTM,M,290021,2025-12,1767139200000
2025-12-31,EU + EFTA + UK,Nissan,UNITS,M,22631,2025-12,1767139200000
2025-12-31,EU + EFTA + UK,Nissan,YTD,M,290021,2025-12,1767139200000
2025-12-31,EU + EFTA + UK,Opel/Vauxhall,TTM,M,406448,2025-12,1767139200000
2025-12-31,EU + EFTA + UK,Opel/Vauxhall,UNITS,M,29371,2025-12,1767139200000
2025-12-31,EU + EFTA + UK,Opel/Vauxhall,YTD,M,406448,2025-12,1767139200000
2025-12-31,EU + EFTA + UK,Peugeot,TTM,M,643897,2025-12,1767139200000
2025-12-31,EU + EFTA + UK,Peugeot,UNITS,M,41108,2025-12,1767139200000
2025-12-31,EU + EFTA + UK,Peugeot,YTD,M,643897,2025-12,1767139200000
2025-12-31,EU + EFTA + UK,Porsche,TTM,M,94785,2025-12,1767139200000
2025-12-31,EU + EFTA + UK,Porsche,UNITS,M,6673,2025-12,1767139200000
2025-12-31,EU + EFTA + UK,Porsche,YTD,M,94785,2025-12,1767139200000
2025-12-31,EU + EFTA + UK,Renault,TTM,M,749485,2025-12,1767139200000
2025-12-31,EU + EFTA + UK,Renault,UNITS,M,76248,2025-12,1767139200000
2025-12-31,EU + EFTA + UK,Renault,YTD,M,749485,2025-12,1767139200000
2025-12-31,EU + EFTA + UK,Renault Group,TTM,M,1376057,2025-12,1767139200000
2025-12-31,EU + EFTA + UK,Renault Group,UNITS,M,127156,2025-12,1767139200000
2025-12-31,EU + EFTA + UK,Renault Group,YTD,M,1376057,2025-12,1767139200000
2025-12-31,EU + EFTA + UK,SAIC Motor,TTM,M,300844,2025-12,1767139200000
2025-12-31,EU + EFTA + UK,SAIC Motor,UNITS,M,31806,2025-12,1767139200000
2025-12-31,EU + EFTA + UK,SAIC Motor,YTD,M,300844,2025-12,1767139200000
2025-12-31,EU + EFTA + UK,Seat,TTM,M,220497,2025-12,1767139200000
2025-12-31,EU + EFTA + UK,Seat,UNITS,M,17554,2025-12,1767139200000
2025-12-31,EU + EFTA + UK,Seat,YTD,M,220497,2025-12,1767139200000
2025-12-31,EU + EFTA + UK,Skoda,TTM,M,860312,2025-12,1767139200000
2025-12-31,EU + EFTA + UK,Skoda,UNITS,M,69387,2025-12,1767139200000
2025-12-31,EU + EFTA + UK,Skoda,YTD,M,860312,2025-12,1767139200000
2025-12-31,EU + EFTA + UK,Stellantis,TTM,M,1919942,2025-12,1767139200000
2025-12-31,EU + EFTA + UK,Stellantis,UNITS,M,131874,2025-12,1767139200000
2025-12-31,EU + EFTA + UK,Stellantis,YTD,M,1919942,2025-12,1767139200000
2025-12-31,EU + EFTA + UK,Suzuki,TTM,M,174414,2025-12,1767139200000
2025-12-31,EU + EFTA + UK,Suzuki,UNITS,M,13992,2025-12,1767139200000
2025-12-31,EU + EFTA + UK,Suzuki,YTD,M,174414,2025-12,1767139200000
2025-12-31,EU + EFTA + UK,Tesla,TTM,M,196194,2025-12,1767139200000
2025-12-31,EU + EFTA + UK,Tesla,UNITS,M,35280,2025-12,1767139200000
2025-12-31,EU + EFTA + UK,Tesla,YTD,M,196194,2025-12,1767139200000
2025-12-31,EU + EFTA + UK,Toyota,TTM,M,871556,2025-12,1767139200000
2025-12-31,EU + EFTA + UK,Toyota,UNITS,M,74690,2025-12,1767139200000
2025-12-31,EU + EFTA + UK,Toyota,YTD,M,871556,2025-12,1767139200000
2025-12-31,EU + EFTA + UK,Toyota Group,TTM,M,947850,2025-12,1767139200000
2025-12-31,EU + EFTA + UK,Toyota Group,UNITS,M,80742,2025-12,1767139200000
2025-12-31,EU + EFTA + UK,Toyota Group,YTD,M,947850,2025-12,1767139200000
2025-12-31,EU + EFTA + UK,Volkswagen,TTM,M,1478381,2025-12,1767139200000
2025-12-31,EU + EFTA + UK,Volkswagen,UNITS,M,123641,2025-12,1767139200000
2025-12-31,EU + EFTA + UK,Volkswagen,YTD,M,1478381,2025-12,1767139200000
2025-12-31,EU + EFTA + UK,Volkswagen Group,TTM,M,3628945,2025-12,1767139200000
2025-12-31,EU + EFTA + UK,Volkswagen Group,UNITS,M,307297,2025-12,1767139200000
2025-12-31,EU + EFTA + UK,Volkswagen Group,YTD,M,3628945,2025-12,1767139200000
2025-12-31,EU + EFTA + UK,Volvo Cars,TTM,M,336866,2025-12,1767139200000
2025-12-31,EU + EFTA + UK,Volvo Cars,UNITS,M,34092,2025-12,1767139200000
2025-12-31,EU + EFTA + UK,Volvo Cars,YTD,M,336866,2025-12,1767139200000
2025-12-31,European Union (EU),Alfa Romeo,TTM,M,56174,2025-12,1767139200000
2025-12-31,European Union (EU),Alfa Romeo,UNITS,M,3900,2025-12,1767139200000
2025-12-31,European Union (EU),Alfa Romeo,YTD,M,56174,2025-12,1767139200000
2025-12-31,European Union (EU),Alpine,TTM,M,8237,2025-12,1767139200000
2025-12-31,European Union (EU),Alpine,UNITS,M,1109,2025-12,1767139200000
2025-12-31,European Union (EU),Alpine,YTD,M,8237,2025-12,1767139200000
2025-12-31,European Union (EU),Audi,TTM,M,532031,2025-12,1767139200000
2025-12-31,European Union (EU),Audi,UNITS,M,52305,2025-12,1767139200000
2025-12-31,European Union (EU),Audi,YTD,M,532031,2025-12,1767139200000
2025-12-31,European Union (EU),BMW,TTM,M,641927,2025-12,1767139200000
2025-12-31,European Union (EU),BMW,UNITS,M,58086,2025-12,1767139200000
2025-12-31,European Union (EU),BMW,YTD,M,641927,2025-12,1767139200000
2025-12-31,European Union (EU),BMW Group,TTM,M,758694,2025-12,1767139200000
2025-12-31,European Union (EU),BMW Group,UNITS,M,69353,2025-12,1767139200000
2025-12-31,European Union (EU),BMW Group,YTD,M,758694,2025-12,1767139200000
2025-12-31,European Union (EU),BYD,TTM,M,120011,2025-12,1767139200000
2025-12-31,European Union (EU),BYD,UNITS,M,18008,2025-12,1767139200000
2025-12-31,European Union (EU),BYD,YTD,M,120011,2025-12,1767139200000
2025-12-31,European Union (EU),Citroen,TTM,M,329988,2025-12,1767139200000
2025-12-31,European Union (EU),Citroen,UNITS,M,25251,2025-12,1767139200000
2025-12-31,European Union (EU),Citroen,YTD,M,329988,2025-12,1767139200000
2025-12-31,European Union (EU),Cupra,TTM,M,248856,2025-12,1767139200000
2025-12-31,European Union (EU),Cupra,UNITS,M,20724,2025-12,1767139200000
2025-12-31,European Union (EU),Cupra,YTD,M,248856,2025-12,1767139200000
2025-12-31,European Union (EU),DS,TTM,M,28124,2025-12,1767139200000
2025-12-31,European Union (EU),DS,UNITS,M,2020,2025-12,1767139200000
2025-12-31,European Union (EU),DS,YTD,M,28124,2025-12,1767139200000
2025-12-31,European Union (EU),Dacia,TTM,M,563669,2025-12,1767139200000
2025-12-31,European Union (EU),Dacia,UNITS,M,46862,2025-12,1767139200000
2025-12-31,European Union (EU),Dacia,YTD,M,563669,2025-12,1767139200000
2025-12-31,European Union (EU),Fiat,TTM,M,264910,2025-12,1767139200000
2025-12-31,European Union (EU),Fiat,UNITS,M,18293,2025-12,1767139200000
2025-12-31,European Union (EU),Fiat,YTD,M,264910,2025-12,1767139200000
2025-12-31,European Union (EU),Ford,TTM,M,303256,2025-12,1767139200000
2025-12-31,European Union (EU),Ford,UNITS,M,21921,2025-12,1767139200000
2025-12-31,European Union (EU),Ford,YTD,M,303256,2025-12,1767139200000
2025-12-31,European Union (EU),Honda,TTM,M,47461,2025-12,1767139200000
2025-12-31,European Union (EU),Honda,UNITS,M,3780,2025-12,1767139200000
2025-12-31,European Union (EU),Honda,YTD,M,47461,2025-12,1767139200000
2025-12-31,European Union (EU),Hyundai,TTM,M,422606,2025-12,1767139200000
2025-12-31,European Union (EU),Hyundai,UNITS,M,43378,2025-12,1767139200000
2025-12-31,European Union (EU),Hyundai,YTD,M,422606,2025-12,1767139200000
2025-12-31,European Union (EU),Hyundai Group,TTM,M,809048,2025-12,1767139200000
2025-12-31,European Union (EU),Hyundai Group,UNITS,M,70606,2025-12,1767139200000
2025-12-31,European Union (EU),Hyundai Group,YTD,M,809048,2025-12,1767139200000
2025-12-31,European Union (EU),Jaguar,TTM,M,1231,2025-12,1767139200000
2025-12-31,European Union (EU),Jaguar,UNITS,M,1,2025-12,1767139200000
2025-12-31,European Union (EU),Jaguar,YTD,M,1231,2025-12,1767139200000
2025-12-31,European Union (EU),Jaguar Land Rover Group,TTM,M,54019,2025-12,1767139200000
2025-12-31,European Union (EU),Jaguar Land Rover Group,UNITS,M,4332,2025-12,1767139200000
2025-12-31,European Union (EU),Jaguar Land Rover Group,YTD,M,54019,2025-12,1767139200000
2025-12-31,European Union (EU),Jeep,TTM,M,115852,2025-12,1767139200000
2025-12-31,European Union (EU),Jeep,UNITS,M,7026,2025-12,1767139200000
2025-12-31,European Union (EU),Jeep,YTD,M,115852,2025-12,1767139200000
2025-12-31,European Union (EU),Kia,TTM,M,386442,2025-12,1767139200000
2025-12-31,European Union (EU),Kia,UNITS,M,27228,2025-12,1767139200000
2025-12-31,European Union (EU),Kia,YTD,M,386442,2025-12,1767139200000
2025-12-31,European Union (EU),Lancia/Chrysler,TTM,M,11725,2025-12,1767139200000
2025-12-31,European Union (EU),Lancia/Chrysler,UNITS,M,820,2025-12,1767139200000
2025-12-31,European Union (EU),Lancia/Chrysler,YTD,M,11725,2025-12,1767139200000
2025-12-31,European Union (EU),Land Rover,TTM,M,52788,2025-12,1767139200000
2025-12-31,European Union (EU),Land Rover,UNITS,M,4331,2025-12,1767139200000
2025-12-31,European Union (EU),Land Rover,YTD,M,52788,2025-12,1767139200000
2025-12-31,European Union (EU),Lexus,TTM,M,68663,2025-12,1767139200000
2025-12-31,European Union (EU),Lexus,UNITS,M,4720,2025-12,1767139200000
2025-12-31,European Union (EU),Lexus,YTD,M,68663,2025-12,1767139200000
2025-12-31,European Union (EU),Mazda,TTM,M,124453,2025-12,1767139200000
2025-12-31,European Union (EU),Mazda,UNITS,M,12844,2025-12,1767139200000
2025-12-31,European Union (EU),Mazda,YTD,M,124453,2025-12,1767139200000
2025-12-31,European Union (EU),Mercedes-Benz,TTM,M,581028,2025-12,1767139200000
2025-12-31,European Union (EU),Mercedes-Benz,UNITS,M,57954,2025-12,1767139200000
2025-12-31,European Union (EU),Mercedes-Benz,YTD,M,581028,2025-12,1767139200000
2025-12-31,European Union (EU),Mini,TTM,M,116768,2025-12,1767139200000
2025-12-31,European Union (EU),Mini,UNITS,M,11267,2025-12,1767139200000
2025-12-31,European Union (EU),Mini,YTD,M,116768,2025-12,1767139200000
2025-12-31,European Union (EU),Mitsubishi,TTM,M,45022,2025-12,1767139200000
2025-12-31,European Union (EU),Mitsubishi,UNITS,M,5575,2025-12,1767139200000
2025-12-31,European Union (EU),Mitsubishi,YTD,M,45022,2025-12,1767139200000
2025-12-31,European Union (EU),Nissan,TTM,M,211926,2025-12,1767139200000
2025-12-31,European Union (EU),Nissan,UNITS,M,15904,2025-12,1767139200000
2025-12-31,European Union (EU),Nissan,YTD,M,211926,2025-12,1767139200000
2025-12-31,European Union (EU),Opel/Vauxhall,TTM,M,313838,2025-12,1767139200000
2025-12-31,European Union (EU),Opel/Vauxhall,UNITS,M,24728,2025-12,1767139200000
2025-12-31,European Union (EU),Opel/Vauxhall,YTD,M,313838,2025-12,1767139200000
2025-12-31,European Union (EU),Peugeot,TTM,M,557326,2025-12,1767139200000
2025-12-31,European Union (EU),Peugeot,UNITS,M,36889,2025-12,1767139200000
2025-12-31,European Union (EU),Peugeot,YTD,M,557326,2025-12,1767139200000
2025-12-31,European Union (EU),Porsche,TTM,M,67163,2025-12,1767139200000
2025-12-31,European Union (EU),Porsche,UNITS,M,4502,2025-12,1767139200000
2025-12-31,European Union (EU),Porsche,YTD,M,67163,2025-12,1767139200000
2025-12-31,European Union (EU),Renault,TTM,M,687550,2025-12,1767139200000
2025-12-31,European Union (EU),Renault,UNITS,M,70040,2025-12,1767139200000
2025-12-31,European Union (EU),Renault,YTD,M,687550,2025-12,1767139200000
2025-12-31,European Union (EU),Renault Group,TTM,M,1259456,2025-12,1767139200000
2025-12-31,European Union (EU),Renault Group,UNITS,M,118011,2025-12,1767139200000
2025-12-31,European Union (EU),Renault Group,YTD,M,1259456,2025-12,1767139200000
2025-12-31,European Union (EU),SAIC Motor,TTM,M,218784,2025-12,1767139200000
2025-12-31,European Union (EU),SAIC Motor,UNITS,M,20053,2025-12,1767139200000
2025-12-31,European Union (EU),SAIC Motor,YTD,M,218784,2025-12,1767139200000
2025-12-31,European Union (EU),Seat,TTM,M,195229,2025-12,1767139200000
2025-12-31,European Union (EU),Seat,UNITS,M,15939,2025-12,1767139200000
2025-12-31,European Union (EU),Seat,YTD,M,195229,2025-12,1767139200000
2025-12-31,European Union (EU),Skoda,TTM,M,723339,2025-12,1767139200000
2025-12-31,European Union (EU),Skoda,UNITS,M,60021,2025-12,1767139200000
2025-12-31,European Union (EU),Skoda,YTD,M,723339,2025-12,1767139200000
2025-12-31,European Union (EU),Stellantis,TTM,M,1681888,2025-12,1767139200000
2025-12-31,European Union (EU),Stellantis,UNITS,M,119148,2025-12,1767139200000
2025-12-31,European Union (EU),Stellantis,YTD,M,1681888,2025-12,1767139200000
2025-12-31,European Union (EU),Suzuki,TTM,M,153023,2025-12,1767139200000
2025-12-31,European Union (EU),Suzuki,UNITS,M,12146,2025-12,1767139200000
2025-12-31,European Union (EU),Suzuki,YTD,M,153023,2025-12,1767139200000
2025-12-31,European Union (EU),Tesla,TTM,M,164524,2025-12,1767139200000
2025-12-31,European Union (EU),Tesla,UNITS,M,21485,2025-12,1767139200000
2025-12-31,European Union (EU),Tesla,YTD,M,164524,2025-12,1767139200000
2025-12-31,European Union (EU),Toyota,TTM,M,816377,2025-12,1767139200000
2025-12-31,European Union (EU),Toyota,UNITS,M,65170,2025-12,1767139200000
2025-12-31,European Union (EU),Toyota,YTD,M,816377,2025-12,1767139200000
2025-12-31,European Union (EU),Toyota Group,TTM,M,885040,2025-12,1767139200000
2025-12-31,European Union (EU),Toyota Group,UNITS,M,69890,2025-12,1767139200000
2025-12-31,European Union (EU),Toyota Group,YTD,M,885040,2025-12,1767139200000
2025-12-31,European Union (EU),Volkswagen,TTM,M,1224346,2025-12,1767139200000
2025-12-31,European Union (EU),Volkswagen,UNITS,M,103310,2025-12,1767139200000
2025-12-31,European Union (EU),Volkswagen,YTD,M,1224346,2025-12,1767139200000
2025-12-31,European Union (EU),Volkswagen Group,TTM,M,2997967,2025-12,1767139200000
2025-12-31,European Union (EU),Volkswagen Group,UNITS,M,257332,2025-12,1767139200000
2025-12-31,European Union (EU),Volkswagen Group,YTD,M,2997967,2025-12,1767139200000
2025-12-31,European Union (EU),Volvo Cars,TTM,M,241597,2025-12,1767139200000
2025-12-31,European Union (EU),Volvo Cars,UNITS,M,24010,2025-12,1767139200000
2025-12-31,European Union (EU),Volvo Cars,YTD,M,241597,2025-12,1767139200000
2023-01-01,EU + EFTA + UK,Alfa Romeo,TTM,Q,12450,2023Q1,1672531200000
2023-01-01,EU + EFTA + UK,Alfa Romeo,UNITS,Q,9045,2023Q1,1672531200000
2023-01-01,EU + EFTA + UK,Alfa Romeo,YTD,Q,12450,2023Q1,1672531200000
2023-01-01,EU + EFTA + UK,Alpine,TTM,Q,416,2023Q1,1672531200000
2023-01-01,EU + EFTA + UK,Alpine,UNITS,Q,306,2023Q1,1672531200000
2023-01-01,EU + EFTA + UK,Alpine,YTD,Q,416,2023Q1,1672531200000
2023-01-01,EU + EFTA + UK,Audi,TTM,Q,180421,2023Q1,1672531200000
2023-01-01,EU + EFTA + UK,Audi,UNITS,Q,130965,2023Q1,1672531200000
2023-01-01,EU + EFTA + UK,Audi,YTD,Q,180421,2023Q1,1672531200000
2023-01-01,EU + EFTA + UK,BMW,TTM,Q,165495,2023Q1,1672531200000
2023-01-01,EU + EFTA + UK,BMW,UNITS,Q,120063,2023Q1,1672531200000
2023-01-01,EU + EFTA + UK,BMW,YTD,Q,165495,2023Q1,1672531200000
2023-01-01,EU + EFTA + UK,BMW Group,TTM,Q,212898,2023Q1,1672531200000
2023-01-01,EU + EFTA + UK,BMW Group,UNITS,Q,155372,2023Q1,1672531200000
2023-01-01,EU + EFTA + UK,BMW Group,YTD,Q,212898,2023Q1,1672531200000
2023-01-01,EU + EFTA + UK,Citroen,TTM,Q,104797,2023Q1,1672531200000
2023-01-01,EU + EFTA + UK,Citroen,UNITS,Q,75866,2023Q1,1672531200000
2023-01-01,EU + EFTA + UK,Citroen,YTD,Q,104797,2023Q1,1672531200000
2023-01-01,EU + EFTA + UK,Cupra,TTM,Q,41096,2023Q1,1672531200000
2023-01-01,EU + EFTA + UK,Cupra,UNITS,Q,30508,2023Q1,1672531200000
2023-01-01,EU + EFTA + UK,Cupra,YTD,Q,41096,2023Q1,1672531200000
2023-01-01,EU + EFTA + UK,DS,TTM,Q,13879,2023Q1,1672531200000
2023-01-01,EU + EFTA + UK,DS,UNITS,Q,9776,2023Q1,1672531200000
2023-01-01,EU + EFTA + UK,DS,YTD,Q,13879,2023Q1,1672531200000
2023-01-01,EU + EFTA + UK,Dacia,TTM,Q,143649,2023Q1,1672531200000
2023-01-01,EU + EFTA + UK,Dacia,UNITS,Q,98907,2023Q1,1672531200000
2023-01-01,EU + EFTA + UK,Dacia,YTD,Q,143649,2023Q1,1672531200000
2023-01-01,EU + EFTA + UK,Fiat,TTM,Q,102308,2023Q1,1672531200000
2023-01-01,EU + EFTA + UK,Fiat,UNITS,Q,71692,2023Q1,1672531200000
2023-01-01,EU + EFTA + UK,Fiat,YTD,Q,102308,2023Q1,1672531200000
2023-01-01,EU + EFTA + UK,Ford,TTM,Q,139892,2023Q1,1672531200000
2023-01-01,EU + EFTA + UK,Ford,UNITS,Q,100716,2023Q1,1672531200000
2023-01-01,EU + EFTA + UK,Ford,YTD,Q,139892,2023Q1,1672531200000
2023-01-01,EU + EFTA + UK,Honda,TTM,Q,15137,2023Q1,1672531200000
2023-01-01,EU + EFTA + UK,Honda,UNITS,Q,11456,2023Q1,1672531200000
2023-01-01,EU + EFTA + UK,Honda,YTD,Q,15137,2023Q1,1672531200000
2023-01-01,EU + EFTA + UK,Hyundai,TTM,Q,132146,2023Q1,1672531200000
2023-01-01,EU + EFTA + UK,Hyundai,UNITS,Q,94221,2023Q1,1672531200000
2023-01-01,EU + EFTA + UK,Hyundai,YTD,Q,132146,2023Q1,1672531200000
2023-01-01,EU + EFTA + UK,Hyundai Group,TTM,Q,274047,2023Q1,1672531200000
2023-01-01,EU + EFTA + UK,Hyundai Group,UNITS,Q,196698,2023Q1,1672531200000
2023-01-01,EU + EFTA + UK,Hyundai Group,YTD,Q,274047,2023Q1,1672531200000
2023-01-01,EU + EFTA + UK,Jaguar,TTM,Q,5506,2023Q1,1672531200000
2023-01-01,EU + EFTA + UK,Jaguar,UNITS,Q,4393,2023Q1,1672531200000
2023-01-01,EU + EFTA + UK,Jaguar,YTD,Q,5506,2023Q1,1672531200000
2023-01-01,EU + EFTA + UK,Jaguar Land Rover Group,TTM,Q,35703,2023Q1,1672531200000
2023-01-01,EU + EFTA + UK,Jaguar Land Rover Group,UNITS,Q,28697,2023Q1,1672531200000
2023-01-01,EU + EFTA + UK,Jaguar Land Rover Group,YTD,Q,35703,2023Q1,1672531200000
2023-01-01,EU + EFTA + UK,Jeep,TTM,Q,31954,2023Q1,1672531200000
2023-01-01,EU + EFTA + UK,Jeep,UNITS,Q,22242,2023Q1,1672531200000
2023-01-01,EU + EFTA + UK,Jeep,YTD,Q,31954,2023Q1,1672531200000
2023-01-01,EU + EFTA + UK,Kia,TTM,Q,141901,2023Q1,1672531200000
2023-01-01,EU + EFTA + UK,Kia,UNITS,Q,102477,2023Q1,1672531200000
2023-01-01,EU + EFTA + UK,Kia,YTD,Q,141901,2023Q1,1672531200000
2023-01-01,EU + EFTA + UK,Lancia/Chrysler,TTM,Q,10014,2023Q1,1672531200000
2023-01-01,EU + EFTA + UK,Lancia/Chrysler,UNITS,Q,7548,2023Q1,1672531200000
2023-01-01,EU + EFTA + UK,Lancia/Chrysler,YTD,Q,10014,2023Q1,1672531200000
2023-01-01,EU + EFTA + UK,Land Rover,TTM,Q,30197,2023Q1,1672531200000
2023-01-01,EU + EFTA + UK,Land Rover,UNITS,Q,24304,2023Q1,1672531200000
2023-01-01,EU + EFTA + UK,Land Rover,YTD,Q,30197,2023Q1,1672531200000
2023-01-01,EU + EFTA + UK,Lexus,TTM,Q,10633,2023Q1,1672531200000
2023-01-01,EU + EFTA + UK,Lexus,UNITS,Q,7578,2023Q1,1672531200000
2023-01-01,EU + EFTA + UK,Lexus,YTD,Q,10633,2023Q1,1672531200000
2023-01-01,EU + EFTA + UK,Mazda,TTM,Q,48639,2023Q1,1672531200000
2023-01-01,EU + EFTA + UK,Mazda,UNITS,Q,36150,2023Q1,1672531200000
2023-01-01,EU + EFTA + UK,Mazda,YTD,Q,48639,2023Q1,1672531200000
2023-01-01,EU + EFTA + UK,Mercedes,TTM,Q,174085,2023Q1,1672531200000
2023-01-01,EU + EFTA + UK,Mercedes,UNITS,Q,125520,2023Q1,1672531200000
2023-01-01,EU + EFTA + UK,Mercedes,YTD,Q,174085,2023Q1,1672531200000
2023-01-01,EU + EFTA + UK,Mercedes-Benz,TTM,Q,179554,2023Q1,1672531200000
2023-01-01,EU + EFTA + UK,Mercedes-Benz,UNITS,Q,129537,2023Q1,1672531200000
2023-01-01,EU + EFTA + UK,Mercedes-Benz,YTD,Q,179554,2023Q1,1672531200000
2023-01-01,EU + EFTA + UK,Mini,TTM,Q,47403,2023Q1,1672531200000
2023-01-01,EU + EFTA + UK,Mini,UNITS,Q,35309,2023Q1,1672531200000
2023-01-01,EU + EFTA + UK,Mini,YTD,Q,47403,2023Q1,1672531200000
2023-01-01,EU + EFTA + UK,Mitsubishi,TTM,Q,8573,2023Q1,1672531200000
2023-01-01,EU + EFTA + UK,Mitsubishi,UNITS,Q,6176,2023Q1,1672531200000
2023-01-01,EU + EFTA + UK,Mitsubishi,YTD,Q,8573,2023Q1,1672531200000
2023-01-01,EU + EFTA + UK,Nissan,TTM,Q,82436,2023Q1,1672531200000
2023-01-01,EU + EFTA + UK,Nissan,UNITS,Q,63015,2023Q1,1672531200000
2023-01-01,EU + EFTA + UK,Nissan,YTD,Q,82436,2023Q1,1672531200000
2023-01-01,EU + EFTA + UK,Opel/Vauxhall,TTM,Q,121372,2023Q1,1672531200000
2023-01-01,EU + EFTA + UK,Opel/Vauxhall,UNITS,Q,87596,2023Q1,1672531200000
2023-01-01,EU + EFTA + UK,Opel/Vauxhall,YTD,Q,121372,2023Q1,1672531200000
2023-01-01,EU + EFTA + UK,Peugeot,TTM,Q,185888,2023Q1,1672531200000
2023-01-01,EU + EFTA + UK,Peugeot,UNITS,Q,132346,2023Q1,1672531200000
2023-01-01,EU + EFTA + UK,Peugeot,YTD,Q,185888,2023Q1,1672531200000
2023-01-01,EU + EFTA + UK,Porsche,TTM,Q,24563,2023Q1,1672531200000
2023-01-01,EU + EFTA + UK,Porsche,UNITS,Q,18006,2023Q1,1672531200000
2023-01-01,EU + EFTA + UK,Porsche,YTD,Q,24563,2023Q1,1672531200000
2023-01-01,EU + EFTA + UK,Renault,TTM,Q,158883,2023Q1,1672531200000
2023-01-01,EU + EFTA + UK,Renault,UNITS,Q,112437,2023Q1,1672531200000
2023-01-01,EU + EFTA + UK,Renault,YTD,Q,158883,2023Q1,1672531200000
2023-01-01,EU + EFTA + UK,Renault Group,TTM,Q,302948,2023Q1,1672531200000
2023-01-01,EU + EFTA + UK,Renault Group,UNITS,Q,211650,2023Q1,1672531200000
2023-01-01,EU + EFTA + UK,Renault Group,YTD,Q,302948,2023Q1,1672531200000
2023-01-01,EU + EFTA + UK,SAIC Motor,TTM,Q,39424,2023Q1,1672531200000
2023-01-01,EU + EFTA + UK,SAIC Motor,UNITS,Q,31688,2023Q1,1672531200000
2023-01-01,EU + EFTA + UK,SAIC Motor,YTD,Q,39424,2023Q1,1672531200000
2023-01-01,EU + EFTA + UK,Seat,TTM,Q,69737,2023Q1,1672531200000
2023-01-01,EU + EFTA + UK,Seat,UNITS,Q,49066,2023Q1,1672531200000
2023-01-01,EU + EFTA + UK,Seat,YTD,Q,69737,2023Q1,1672531200000
2023-01-01,EU + EFTA + UK,Skoda,TTM,Q,167930,2023Q1,1672531200000
2023-01-01,EU + EFTA + UK,Skoda,UNITS,Q,117079,2023Q1,1672531200000
2023-01-01,EU + EFTA + UK,Skoda,YTD,Q,167930,2023Q1,1672531200000
2023-01-01,EU + EFTA + UK,Smart,TTM,Q,5469,2023Q1,1672531200000
2023-01-01,EU + EFTA + UK,Smart,UNITS,Q,4017,2023Q1,1672531200000
2023-01-01,EU + EFTA + UK,Smart,YTD,Q,5469,2023Q1,1672531200000
2023-01-01,EU + EFTA + UK,Stellantis,TTM,Q,585033,2023Q1,1672531200000
2023-01-01,EU + EFTA + UK,Stellantis,UNITS,Q,417853,2023Q1,1672531200000
2023-01-01,EU + EFTA + UK,Stellantis,YTD,Q,585033,2023Q1,1672531200000
2023-01-01,EU + EFTA + UK,Suzuki,TTM,Q,44174,2023Q1,1672531200000
2023-01-01,EU + EFTA + UK,Suzuki,UNITS,Q,32140,2023Q1,1672531200000
2023-01-01,EU + EFTA + UK,Suzuki,YTD,Q,44174,2023Q1,1672531200000
2023-01-01,EU + EFTA + UK,Tesla,TTM,Q,108583,2023Q1,1672531200000
2023-01-01,EU + EFTA + UK,Tesla,UNITS,Q,85098,2023Q1,1672531200000
2023-01-01,EU + EFTA + UK,Tesla,YTD,Q,108583,2023Q1,1672531200000
2023-01-01,EU + EFTA + UK,Toyota,TTM,Q,212640,2023Q1,1672531200000
2023-01-01,EU + EFTA + UK,Toyota,UNITS,Q,150209,2023Q1,1672531200000
2023-01-01,EU + EFTA + UK,Toyota,YTD,Q,212640,2023Q1,1672531200000
2023-01-01,EU + EFTA + UK,Toyota Group,TTM,Q,223273,2023Q1,1672531200000
2023-01-01,EU + EFTA + UK,Toyota Group,UNITS,Q,157787,2023Q1,1672531200000
2023-01-01,EU + EFTA + UK,Toyota Group,YTD,Q,223273,2023Q1,1672531200000
2023-01-01,EU + EFTA + UK,Volkswagen,TTM,Q,331814,2023Q1,1672531200000
2023-01-01,EU + EFTA + UK,Volkswagen,UNITS,Q,234950,2023Q1,1672531200000
2023-01-01,EU + EFTA + UK,Volkswagen,YTD,Q,331814,2023Q1,1672531200000
2023-01-01,EU + EFTA + UK,Volkswagen Group,TTM,Q,817614,2023Q1,1672531200000
2023-01-01,EU + EFTA + UK,Volkswagen Group,UNITS,Q,582210,2023Q1,1672531200000
2023-01-01,EU + EFTA + UK,Volkswagen Group,YTD,Q,817614,2023Q1,1672531200000
2023-01-01,EU + EFTA + UK,Volvo Cars,TTM,Q,69260,2023Q1,1672531200000
2023-01-01,EU + EFTA + UK,Volvo Cars,UNITS,Q,49186,2023Q1,1672531200000
2023-01-01,EU + EFTA + UK,Volvo Cars,YTD,Q,69260,2023Q1,1672531200000
2023-01-01,European Union (EU),Alfa Romeo,TTM,Q,11825,2023Q1,1672531200000
2023-01-01,European Union (EU),Alfa Romeo,UNITS,Q,8536,2023Q1,1672531200000
2023-01-01,European Union (EU),Alfa Romeo,YTD,Q,11825,2023Q1,1672531200000
2023-01-01,European Union (EU),Alpine,TTM,Q,333,2023Q1,1672531200000
2023-01-01,European Union (EU),Alpine,UNITS,Q,239,2023Q1,1672531200000
2023-01-01,European Union (EU),Alpine,YTD,Q,333,2023Q1,1672531200000
2023-01-01,European Union (EU),Audi,TTM,Q,146160,2023Q1,1672531200000
2023-01-01,European Union (EU),Audi,UNITS,Q,103156,2023Q1,1672531200000
2023-01-01,European Union (EU),Audi,YTD,Q,146160,2023Q1,1672531200000
2023-01-01,European Union (EU),BMW,TTM,Q,137044,2023Q1,1672531200000
2023-01-01,European Union (EU),BMW,UNITS,Q,97203,2023Q1,1672531200000
2023-01-01,European Union (EU),BMW,YTD,Q,137044,2023Q1,1672531200000
2023-01-01,European Union (EU),BMW Group,TTM,Q,172019,2023Q1,1672531200000
2023-01-01,European Union (EU),BMW Group,UNITS,Q,122310,2023Q1,1672531200000
2023-01-01,European Union (EU),BMW Group,YTD,Q,172019,2023Q1,1672531200000
2023-01-01,European Union (EU),Citroen,TTM,Q,94769,2023Q1,1672531200000
2023-01-01,European Union (EU),Citroen,UNITS,Q,67918,2023Q1,1672531200000
2023-01-01,European Union (EU),Citroen,YTD,Q,94769,2023Q1,1672531200000
2023-01-01,European Union (EU),Cupra,TTM,Q,34765,2023Q1,1672531200000
2023-01-01,European Union (EU),Cupra,UNITS,Q,25489,2023Q1,1672531200000
2023-01-01,European Union (EU),Cupra,YTD,Q,34765,2023Q1,1672531200000
2023-01-01,European Union (EU),DS,TTM,Q,12933,2023Q1,1672531200000
2023-01-01,European Union (EU),DS,UNITS,Q,9082,2023Q1,1672531200000
2023-01-01,European Union (EU),DS,YTD,Q,12933,2023Q1,1672531200000
2023-01-01,European Union (EU),Dacia,TTM,Q,133735,2023Q1,1672531200000
2023-01-01,European Union (EU),Dacia,UNITS,Q,91363,2023Q1,1672531200000
2023-01-01,European Union (EU),Dacia,YTD,Q,133735,2023Q1,1672531200000
2023-01-01,European Union (EU),Fiat,TTM,Q,96224,2023Q1,1672531200000
2023-01-01,European Union (EU),Fiat,UNITS,Q,66705,2023Q1,1672531200000
2023-01-01,European Union (EU),Fiat,YTD,Q,96224,2023Q1,1672531200000
2023-01-01,European Union (EU),Ford,TTM,Q,102738,2023Q1,1672531200000
2023-01-01,European Union (EU),Ford,UNITS,Q,71234,2023Q1,1672531200000
2023-01-01,European Union (EU),Ford,YTD,Q,102738,2023Q1,1672531200000
2023-01-01,European Union (EU),Honda,TTM,Q,6350,2023Q1,1672531200000
2023-01-01,European Union (EU),Honda,UNITS,Q,4578,2023Q1,1672531200000
2023-01-01,European Union (EU),Honda,YTD,Q,6350,2023Q1,1672531200000
2023-01-01,European Union (EU),Hyundai,TTM,Q,106841,2023Q1,1672531200000
2023-01-01,European Union (EU),Hyundai,UNITS,Q,74022,2023Q1,1672531200000
2023-01-01,European Union (EU),Hyundai,YTD,Q,106841,2023Q1,1672531200000
2023-01-01,European Union (EU),Hyundai Group,TTM,Q,218807,2023Q1,1672531200000
2023-01-01,European Union (EU),Hyundai Group,UNITS,Q,151069,2023Q1,1672531200000
2023-01-01,European Union (EU),Hyundai Group,YTD,Q,218807,2023Q1,1672531200000
2023-01-01,European Union (EU),Jaguar,TTM,Q,2778,2023Q1,1672531200000
2023-01-01,European Union (EU),Jaguar,UNITS,Q,2028,2023Q1,1672531200000
2023-01-01,European Union (EU),Jaguar,YTD,Q,2778,2023Q1,1672531200000
2023-01-01,European Union (EU),Jaguar Land Rover Group,TTM,Q,17032,2023Q1,1672531200000
2023-01-01,European Union (EU),Jaguar Land Rover Group,UNITS,Q,12084,2023Q1,1672531200000
2023-01-01,European Union (EU),Jaguar Land Rover Group,YTD,Q,17032,2023Q1,1672531200000
2023-01-01,European Union (EU),Jeep,TTM,Q,30201,2023Q1,1672531200000
2023-01-01,European Union (EU),Jeep,UNITS,Q,20984,2023Q1,1672531200000
2023-01-01,European Union (EU),Jeep,YTD,Q,30201,2023Q1,1672531200000
2023-01-01,European Union (EU),Kia,TTM,Q,111966,2023Q1,1672531200000
2023-01-01,European Union (EU),Kia,UNITS,Q,77047,2023Q1,1672531200000
2023-01-01,European Union (EU),Kia,YTD,Q,111966,2023Q1,1672531200000
2023-01-01,European Union (EU),Lancia/Chrysler,TTM,Q,10011,2023Q1,1672531200000
2023-01-01,European Union (EU),Lancia/Chrysler,UNITS,Q,7546,2023Q1,1672531200000
2023-01-01,European Union (EU),Lancia/Chrysler,YTD,Q,10011,2023Q1,1672531200000
2023-01-01,European Union (EU),Land Rover,TTM,Q,14254,2023Q1,1672531200000
2023-01-01,European Union (EU),Land Rover,UNITS,Q,10056,2023Q1,1672531200000
2023-01-01,European Union (EU),Land Rover,YTD,Q,14254,2023Q1,1672531200000
2023-01-01,European Union (EU),Lexus,TTM,Q,8009,2023Q1,1672531200000
2023-01-01,European Union (EU),Lexus,UNITS,Q,5470,2023Q1,1672531200000
2023-01-01,European Union (EU),Lexus,YTD,Q,8009,2023Q1,1672531200000
2023-01-01,European Union (EU),Mazda,TTM,Q,39860,2023Q1,1672531200000
2023-01-01,European Union (EU),Mazda,UNITS,Q,28884,2023Q1,1672531200000
2023-01-01,European Union (EU),Mazda,YTD,Q,39860,2023Q1,1672531200000
2023-01-01,European Union (EU),Mercedes,TTM,Q,147436,2023Q1,1672531200000
2023-01-01,European Union (EU),Mercedes,UNITS,Q,102746,2023Q1,1672531200000
2023-01-01,European Union (EU),Mercedes,YTD,Q,147436,2023Q1,1672531200000
2023-01-01,European Union (EU),Mercedes-Benz,TTM,Q,152814,2023Q1,1672531200000
2023-01-01,European Union (EU),Mercedes-Benz,UNITS,Q,106692,2023Q1,1672531200000
2023-01-01,European Union (EU),Mercedes-Benz,YTD,Q,152814,2023Q1,1672531200000
2023-01-01,European Union (EU),Mini,TTM,Q,34975,2023Q1,1672531200000
2023-01-01,European Union (EU),Mini,UNITS,Q,25107,2023Q1,1672531200000
2023-01-01,European Union (EU),Mini,YTD,Q,34975,2023Q1,1672531200000
2023-01-01,European Union (EU),Mitsubishi,TTM,Q,8156,2023Q1,1672531200000
2023-01-01,European Union (EU),Mitsubishi,UNITS,Q,5853,2023Q1,1672531200000
2023-01-01,European Union (EU),Mitsubishi,YTD,Q,8156,2023Q1,1672531200000
2023-01-01,European Union (EU),Nissan,TTM,Q,57159,2023Q1,1672531200000
2023-01-01,European Union (EU),Nissan,UNITS,Q,41318,2023Q1,1672531200000
2023-01-01,European Union (EU),Nissan,YTD,Q,57159,2023Q1,1672531200000
2023-01-01,European Union (EU),Opel/Vauxhall,TTM,Q,96927,2023Q1,1672531200000
2023-01-01,European Union (EU),Opel/Vauxhall,UNITS,Q,69016,2023Q1,1672531200000
2023-01-01,European Union (EU),Opel/Vauxhall,YTD,Q,96927,2023Q1,1672531200000
2023-01-01,European Union (EU),Peugeot,TTM,Q,169231,2023Q1,1672531200000
2023-01-01,European Union (EU),Peugeot,UNITS,Q,119035,2023Q1,1672531200000
2023-01-01,European Union (EU),Peugeot,YTD,Q,169231,2023Q1,1672531200000
2023-01-01,European Union (EU),Porsche,TTM,Q,18386,2023Q1,1672531200000
2023-01-01,European Union (EU),Porsche,UNITS,Q,12816,2023Q1,1672531200000
2023-01-01,European Union (EU),Porsche,YTD,Q,18386,2023Q1,1672531200000
2023-01-01,European Union (EU),Renault,TTM,Q,149909,2023Q1,1672531200000
2023-01-01,European Union (EU),Renault,UNITS,Q,105650,2023Q1,1672531200000
2023-01-01,European Union (EU),Renault,YTD,Q,149909,2023Q1,1672531200000
2023-01-01,European Union (EU),Renault Group,TTM,Q,283977,2023Q1,1672531200000
2023-01-01,European Union (EU),Renault Group,UNITS,Q,197252,2023Q1,1672531200000
2023-01-01,European Union (EU),Renault Group,YTD,Q,283977,2023Q1,1672531200000
2023-01-01,European Union (EU),SAIC Motor,TTM,Q,24512,2023Q1,1672531200000
2023-01-01,European Union (EU),SAIC Motor,UNITS,Q,17992,2023Q1,1672531200000
2023-01-01,European Union (EU),SAIC Motor,YTD,Q,24512,2023Q1,1672531200000
2023-01-01,European Union (EU),Seat,TTM,Q,60153,2023Q1,1672531200000
2023-01-01,European Union (EU),Seat,UNITS,Q,41616,2023Q1,1672531200000
2023-01-01,European Union (EU),Seat,YTD,Q,60153,2023Q1,1672531200000
2023-01-01,European Union (EU),Skoda,TTM,Q,146474,2023Q1,1672531200000
2023-01-01,European Union (EU),Skoda,UNITS,Q,101481,2023Q1,1672531200000
2023-01-01,European Union (EU),Skoda,YTD,Q,146474,2023Q1,1672531200000
2023-01-01,European Union (EU),Smart,TTM,Q,5378,2023Q1,1672531200000
2023-01-01,European Union (EU),Smart,UNITS,Q,3946,2023Q1,1672531200000
2023-01-01,European Union (EU),Smart,YTD,Q,5378,2023Q1,1672531200000
2023-01-01,European Union (EU),Stellantis,TTM,Q,524107,2023Q1,1672531200000
2023-01-01,European Union (EU),Stellantis,UNITS,Q,370245,2023Q1,1672531200000
2023-01-01,European Union (EU),Stellantis,YTD,Q,524107,2023Q1,1672531200000
2023-01-01,European Union (EU),Suzuki,TTM,Q,36659,2023Q1,1672531200000
2023-01-01,European Union (EU),Suzuki,UNITS,Q,25939,2023Q1,1672531200000
2023-01-01,European Union (EU),Suzuki,YTD,Q,36659,2023Q1,1672531200000
2023-01-01,European Union (EU),Tesla,TTM,Q,80080,2023Q1,1672531200000
2023-01-01,European Union (EU),Tesla,UNITS,Q,60796,2023Q1,1672531200000
2023-01-01,European Union (EU),Tesla,YTD,Q,80080,2023Q1,1672531200000
2023-01-01,European Union (EU),Toyota,TTM,Q,177269,2023Q1,1672531200000
2023-01-01,European Union (EU),Toyota,UNITS,Q,120861,2023Q1,1672531200000
2023-01-01,European Union (EU),Toyota,YTD,Q,177269,2023Q1,1672531200000
2023-01-01,European Union (EU),Toyota Group,TTM,Q,185278,2023Q1,1672531200000
2023-01-01,European Union (EU),Toyota Group,UNITS,Q,126331,2023Q1,1672531200000
2023-01-01,European Union (EU),Toyota Group,YTD,Q,185278,2023Q1,1672531200000
2023-01-01,European Union (EU),Volkswagen,TTM,Q,285411,2023Q1,1672531200000
2023-01-01,European Union (EU),Volkswagen,UNITS,Q,198591,2023Q1,1672531200000
2023-01-01,European Union (EU),Volkswagen,YTD,Q,285411,2023Q1,1672531200000
2023-01-01,European Union (EU),Volkswagen Group,TTM,Q,692755,2023Q1,1672531200000
2023-01-01,European Union (EU),Volkswagen Group,UNITS,Q,484252,2023Q1,1672531200000
2023-01-01,European Union (EU),Volkswagen Group,YTD,Q,692755,2023Q1,1672531200000
2023-01-01,European Union (EU),Volvo Cars,TTM,Q,54881,2023Q1,1672531200000
2023-01-01,European Union (EU),Volvo Cars,UNITS,Q,38132,2023Q1,1672531200000
2023-01-01,European Union (EU),Volvo Cars,YTD,Q,54881,2023Q1,1672531200000
2023-04-01,EU + EFTA + UK,Alfa Romeo,TTM,Q,59023,2023Q2,1680307200000
2023-04-01,EU + EFTA + UK,Alfa Romeo,UNITS,Q,15872,2023Q2,1680307200000
2023-04-01,EU + EFTA + UK,Alfa Romeo,YTD,Q,59023,2023Q2,1680307200000
2023-04-01,EU + EFTA + UK,Alpine,TTM,Q,2982,2023Q2,1680307200000
2023-04-01,EU + EFTA + UK,Alpine,UNITS,Q,1225,2023Q2,1680307200000
2023-04-01,EU + EFTA + UK,Alpine,YTD,Q,2982,2023Q2,1680307200000
2023-04-01,EU + EFTA + UK,Audi,TTM,Q,841327,2023Q2,1680307200000
2023-04-01,EU + EFTA + UK,Audi,UNITS,Q,219646,2023Q2,1680307200000
2023-04-01,EU + EFTA + UK,Audi,YTD,Q,841327,2023Q2,1680307200000
2023-04-01,EU + EFTA + UK,BMW,TTM,Q,790070,2023Q2,1680307200000
2023-04-01,EU + EFTA + UK,BMW,UNITS,Q,210823,2023Q2,1680307200000
2023-04-01,EU + EFTA + UK,BMW,YTD,Q,790070,2023Q2,1680307200000
2023-04-01,EU + EFTA + UK,BMW Group,TTM,Q,1013718,2023Q2,1680307200000
2023-04-01,EU + EFTA + UK,BMW Group,UNITS,Q,266816,2023Q2,1680307200000
2023-04-01,EU + EFTA + UK,BMW Group,YTD,Q,1013718,2023Q2,1680307200000
2023-04-01,EU + EFTA + UK,Citroen,TTM,Q,464034,2023Q2,1680307200000
2023-04-01,EU + EFTA + UK,Citroen,UNITS,Q,112335,2023Q2,1680307200000
2023-04-01,EU + EFTA + UK,Citroen,YTD,Q,464034,2023Q2,1680307200000
2023-04-01,EU + EFTA + UK,Cupra,TTM,Q,206358,2023Q2,1680307200000
2023-04-01,EU + EFTA + UK,Cupra,UNITS,Q,57261,2023Q2,1680307200000
2023-04-01,EU + EFTA + UK,Cupra,YTD,Q,206358,2023Q2,1680307200000
2023-04-01,EU + EFTA + UK,DS,TTM,Q,61645,2023Q2,1680307200000
2023-04-01,EU + EFTA + UK,DS,UNITS,Q,15968,2023Q2,1680307200000
2023-04-01,EU + EFTA + UK,DS,YTD,Q,61645,2023Q2,1680307200000
2023-04-01,EU + EFTA + UK,Dacia,TTM,Q,610702,2023Q2,1680307200000
2023-04-01,EU + EFTA + UK,Dacia,UNITS,Q,157705,2023Q2,1680307200000
2023-04-01,EU + EFTA + UK,Dacia,YTD,Q,610702,2023Q2,1680307200000
2023-04-01,EU + EFTA + UK,Fiat,TTM,Q,436974,2023Q2,1680307200000
2023-04-01,EU + EFTA + UK,Fiat,UNITS,Q,107980,2023Q2,1680307200000
2023-04-01,EU + EFTA + UK,Fiat,YTD,Q,436974,2023Q2,1680307200000
2023-04-01,EU + EFTA + UK,Ford,TTM,Q,627629,2023Q2,1680307200000
2023-04-01,EU + EFTA + UK,Ford,UNITS,Q,157404,2023Q2,1680307200000
2023-04-01,EU + EFTA + UK,Ford,YTD,Q,627629,2023Q2,1680307200000
2023-04-01,EU + EFTA + UK,Honda,TTM,Q,69976,2023Q2,1680307200000
2023-04-01,EU + EFTA + UK,Honda,UNITS,Q,16329,2023Q2,1680307200000
2023-04-01,EU + EFTA + UK,Honda,YTD,Q,69976,2023Q2,1680307200000
2023-04-01,EU + EFTA + UK,Hyundai,TTM,Q,594289,2023Q2,1680307200000
2023-04-01,EU + EFTA + UK,Hyundai,UNITS,Q,153630,2023Q2,1680307200000
2023-04-01,EU + EFTA + UK,Hyundai,YTD,Q,594289,2023Q2,1680307200000
2023-04-01,EU + EFTA + UK,Hyundai Group,TTM,Q,1248516,2023Q2,1680307200000
2023-04-01,EU + EFTA + UK,Hyundai Group,UNITS,Q,322807,2023Q2,1680307200000
2023-04-01,EU + EFTA + UK,Hyundai Group,YTD,Q,1248516,2023Q2,1680307200000
2023-04-01,EU + EFTA + UK,Jaguar,TTM,Q,30055,2023Q2,1680307200000
2023-04-01,EU + EFTA + UK,Jaguar,UNITS,Q,8107,2023Q2,1680307200000
2023-04-01,EU + EFTA + UK,Jaguar,YTD,Q,30055,2023Q2,1680307200000
2023-04-01,EU + EFTA + UK,Jaguar Land Rover Group,TTM,Q,186182,2023Q2,1680307200000
2023-04-01,EU + EFTA + UK,Jaguar Land Rover Group,UNITS,Q,46024,2023Q2,1680307200000
2023-04-01,EU + EFTA + UK,Jaguar Land Rover Group,YTD,Q,186182,2023Q2,1680307200000
2023-04-01,EU + EFTA + UK,Jeep,TTM,Q,138584,2023Q2,1680307200000
2023-04-01,EU + EFTA + UK,Jeep,UNITS,Q,35638,2023Q2,1680307200000
2023-04-01,EU + EFTA + UK,Jeep,YTD,Q,138584,2023Q2,1680307200000
2023-04-01,EU + EFTA + UK,Kia,TTM,Q,654227,2023Q2,1680307200000
2023-04-01,EU + EFTA + UK,Kia,UNITS,Q,169177,2023Q2,1680307200000
2023-04-01,EU + EFTA + UK,Kia,YTD,Q,654227,2023Q2,1680307200000
2023-04-01,EU + EFTA + UK,Lancia/Chrysler,TTM,Q,51833,2023Q2,1680307200000
2023-04-01,EU + EFTA + UK,Lancia/Chrysler,UNITS,Q,14313,2023Q2,1680307200000
2023-04-01,EU + EFTA + UK,Lancia/Chrysler,YTD,Q,51833,2023Q2,1680307200000
2023-04-01,EU + EFTA + UK,Land Rover,TTM,Q,156127,2023Q2,1680307200000
2023-04-01,EU + EFTA + UK,Land Rover,UNITS,Q,37917,2023Q2,1680307200000
2023-04-01,EU + EFTA + UK,Land Rover,YTD,Q,156127,2023Q2,1680307200000
2023-04-01,EU + EFTA + UK,Lexus,TTM,Q,54235,2023Q2,1680307200000
2023-04-01,EU + EFTA + UK,Lexus,UNITS,Q,16730,2023Q2,1680307200000
2023-04-01,EU + EFTA + UK,Lexus,YTD,Q,54235,2023Q2,1680307200000
2023-04-01,EU + EFTA + UK,Mazda,TTM,Q,223920,2023Q2,1680307200000
2023-04-01,EU + EFTA + UK,Mazda,UNITS,Q,54578,2023Q2,1680307200000
2023-04-01,EU + EFTA + UK,Mazda,YTD,Q,223920,2023Q2,1680307200000
2023-04-01,EU + EFTA + UK,Mercedes,TTM,Q,774481,2023Q2,1680307200000
2023-04-01,EU + EFTA + UK,Mercedes,UNITS,Q,190966,2023Q2,1680307200000
2023-04-01,EU + EFTA + UK,Mercedes,YTD,Q,774481,2023Q2,1680307200000
2023-04-01,EU + EFTA + UK,Mercedes-Benz,TTM,Q,801058,2023Q2,1680307200000
2023-04-01,EU + EFTA + UK,Mercedes-Benz,UNITS,Q,198083,2023Q2,1680307200000
2023-04-01,EU + EFTA + UK,Mercedes-Benz,YTD,Q,801058,2023Q2,1680307200000
2023-04-01,EU + EFTA + UK,Mini,TTM,Q,223648,2023Q2,1680307200000
2023-04-01,EU + EFTA + UK,Mini,UNITS,Q,55993,2023Q2,1680307200000
2023-04-01,EU + EFTA + UK,Mini,YTD,Q,223648,2023Q2,1680307200000
2023-04-01,EU + EFTA + UK,Mitsubishi,TTM,Q,41882,2023Q2,1680307200000
2023-04-01,EU + EFTA + UK,Mitsubishi,UNITS,Q,11982,2023Q2,1680307200000
2023-04-01,EU + EFTA + UK,Mitsubishi,YTD,Q,41882,2023Q2,1680307200000
2023-04-01,EU + EFTA + UK,Nissan,TTM,Q,388628,2023Q2,1680307200000
2023-04-01,EU + EFTA + UK,Nissan,UNITS,Q,91427,2023Q2,1680307200000
2023-04-01,EU + EFTA + UK,Nissan,YTD,Q,388628,2023Q2,1680307200000
2023-04-01,EU + EFTA + UK,Opel/Vauxhall,TTM,Q,552568,2023Q2,1680307200000
2023-04-01,EU + EFTA + UK,Opel/Vauxhall,UNITS,Q,141524,2023Q2,1680307200000
2023-04-01,EU + EFTA + UK,Opel/Vauxhall,YTD,Q,552568,2023Q2,1680307200000
2023-04-01,EU + EFTA + UK,Peugeot,TTM,Q,820703,2023Q2,1680307200000
2023-04-01,EU + EFTA + UK,Peugeot,UNITS,Q,204489,2023Q2,1680307200000
2023-04-01,EU + EFTA + UK,Peugeot,YTD,Q,820703,2023Q2,1680307200000
2023-04-01,EU + EFTA + UK,Porsche,TTM,Q,114855,2023Q2,1680307200000
2023-04-01,EU + EFTA + UK,Porsche,UNITS,Q,29385,2023Q2,1680307200000
2023-04-01,EU + EFTA + UK,Porsche,YTD,Q,114855,2023Q2,1680307200000
2023-04-01,EU + EFTA + UK,Renault,TTM,Q,735796,2023Q2,1680307200000
2023-04-01,EU + EFTA + UK,Renault,UNITS,Q,204664,2023Q2,1680307200000
2023-04-01,EU + EFTA + UK,Renault,YTD,Q,735796,2023Q2,1680307200000
2023-04-01,EU + EFTA + UK,Renault Group,TTM,Q,1349480,2023Q2,1680307200000
2023-04-01,EU + EFTA + UK,Renault Group,UNITS,Q,363594,2023Q2,1680307200000
2023-04-01,EU + EFTA + UK,Renault Group,YTD,Q,1349480,2023Q2,1680307200000
2023-04-01,EU + EFTA + UK,SAIC Motor,TTM,Q,232422,2023Q2,1680307200000
2023-04-01,EU + EFTA + UK,SAIC Motor,UNITS,Q,69495,2023Q2,1680307200000
2023-04-01,EU + EFTA + UK,SAIC Motor,YTD,Q,232422,2023Q2,1680307200000
2023-04-01,EU + EFTA + UK,Seat,TTM,Q,298101,2023Q2,1680307200000
2023-04-01,EU + EFTA + UK,Seat,UNITS,Q,73336,2023Q2,1680307200000
2023-04-01,EU + EFTA + UK,Seat,YTD,Q,298101,2023Q2,1680307200000
2023-04-01,EU + EFTA + UK,Skoda,TTM,Q,728688,2023Q2,1680307200000
2023-04-01,EU + EFTA + UK,Skoda,UNITS,Q,186741,2023Q2,1680307200000
2023-04-01,EU + EFTA + UK,Skoda,YTD,Q,728688,2023Q2,1680307200000
2023-04-01,EU + EFTA + UK,Smart,TTM,Q,26577,2023Q2,1680307200000
2023-04-01,EU + EFTA + UK,Smart,UNITS,Q,7117,2023Q2,1680307200000
2023-04-01,EU + EFTA + UK,Smart,YTD,Q,26577,2023Q2,1680307200000
2023-04-01,EU + EFTA + UK,Stellantis,TTM,Q,2596509,2023Q2,1680307200000
2023-04-01,EU + EFTA + UK,Stellantis,UNITS,Q,650998,2023Q2,1680307200000
2023-04-01,EU + EFTA + UK,Stellantis,YTD,Q,2596509,2023Q2,1680307200000
2023-04-01,EU + EFTA + UK,Suzuki,TTM,Q,205349,2023Q2,1680307200000
2023-04-01,EU + EFTA + UK,Suzuki,UNITS,Q,52753,2023Q2,1680307200000
2023-04-01,EU + EFTA + UK,Suzuki,YTD,Q,205349,2023Q2,1680307200000
2023-04-01,EU + EFTA + UK,Tesla,TTM,Q,548410,2023Q2,1680307200000
2023-04-01,EU + EFTA + UK,Tesla,UNITS,Q,140071,2023Q2,1680307200000
2023-04-01,EU + EFTA + UK,Tesla,YTD,Q,548410,2023Q2,1680307200000
2023-04-01,EU + EFTA + UK,Toyota,TTM,Q,927818,2023Q2,1680307200000
2023-04-01,EU + EFTA + UK,Toyota,UNITS,Q,232325,2023Q2,1680307200000
2023-04-01,EU + EFTA + UK,Toyota,YTD,Q,927818,2023Q2,1680307200000
2023-04-01,EU + EFTA + UK,Toyota Group,TTM,Q,982053,2023Q2,1680307200000
2023-04-01,EU + EFTA + UK,Toyota Group,UNITS,Q,249055,2023Q2,1680307200000
2023-04-01,EU + EFTA + UK,Toyota Group,YTD,Q,982053,2023Q2,1680307200000
2023-04-01,EU + EFTA + UK,Volkswagen,TTM,Q,1495938,2023Q2,1680307200000
2023-04-01,EU + EFTA + UK,Volkswagen,UNITS,Q,395788,2023Q2,1680307200000
2023-04-01,EU + EFTA + UK,Volkswagen,YTD,Q,1495938,2023Q2,1680307200000
2023-04-01,EU + EFTA + UK,Volkswagen Group,TTM,Q,3696565,2023Q2,1680307200000
2023-04-01,EU + EFTA + UK,Volkswagen Group,UNITS,Q,965210,2023Q2,1680307200000
2023-04-01,EU + EFTA + UK,Volkswagen Group,YTD,Q,3696565,2023Q2,1680307200000
2023-04-01,EU + EFTA + UK,Volvo Cars,TTM,Q,315113,2023Q2,1680307200000
2023-04-01,EU + EFTA + UK,Volvo Cars,UNITS,Q,82347,2023Q2,1680307200000
2023-04-01,EU + EFTA + UK,Volvo Cars,YTD,Q,315113,2023Q2,1680307200000
2023-04-01,European Union (EU),Alfa Romeo,TTM,Q,55406,2023Q2,1680307200000
2023-04-01,European Union (EU),Alfa Romeo,UNITS,Q,14860,2023Q2,1680307200000
2023-04-01,European Union (EU),Alfa Romeo,YTD,Q,55406,2023Q2,1680307200000
2023-04-01,European Union (EU),Alpine,TTM,Q,2464,2023Q2,1680307200000
2023-04-01,European Union (EU),Alpine,UNITS,Q,1064,2023Q2,1680307200000
2023-04-01,European Union (EU),Alpine,YTD,Q,2464,2023Q2,1680307200000
2023-04-01,European Union (EU),Audi,TTM,Q,650286,2023Q2,1680307200000
2023-04-01,European Union (EU),Audi,UNITS,Q,169062,2023Q2,1680307200000
2023-04-01,European Union (EU),Audi,YTD,Q,650286,2023Q2,1680307200000
2023-04-01,European Union (EU),BMW,TTM,Q,633746,2023Q2,1680307200000
2023-04-01,European Union (EU),BMW,UNITS,Q,168410,2023Q2,1680307200000
2023-04-01,European Union (EU),BMW,YTD,Q,633746,2023Q2,1680307200000
2023-04-01,European Union (EU),BMW Group,TTM,Q,791172,2023Q2,1680307200000
2023-04-01,European Union (EU),BMW Group,UNITS,Q,208286,2023Q2,1680307200000
2023-04-01,European Union (EU),BMW Group,YTD,Q,791172,2023Q2,1680307200000
2023-04-01,European Union (EU),Citroen,TTM,Q,415309,2023Q2,1680307200000
2023-04-01,European Union (EU),Citroen,UNITS,Q,101807,2023Q2,1680307200000
2023-04-01,European Union (EU),Citroen,YTD,Q,415309,2023Q2,1680307200000
2023-04-01,European Union (EU),Cupra,TTM,Q,172137,2023Q2,1680307200000
2023-04-01,European Union (EU),Cupra,UNITS,Q,48003,2023Q2,1680307200000
2023-04-01,European Union (EU),Cupra,YTD,Q,172137,2023Q2,1680307200000
2023-04-01,European Union (EU),DS,TTM,Q,57310,2023Q2,1680307200000
2023-04-01,European Union (EU),DS,UNITS,Q,14881,2023Q2,1680307200000
2023-04-01,European Union (EU),DS,YTD,Q,57310,2023Q2,1680307200000
2023-04-01,European Union (EU),Dacia,TTM,Q,562604,2023Q2,1680307200000
2023-04-01,European Union (EU),Dacia,UNITS,Q,145836,2023Q2,1680307200000
2023-04-01,European Union (EU),Dacia,YTD,Q,562604,2023Q2,1680307200000
2023-04-01,European Union (EU),Fiat,TTM,Q,405660,2023Q2,1680307200000
2023-04-01,European Union (EU),Fiat,UNITS,Q,100866,2023Q2,1680307200000
2023-04-01,European Union (EU),Fiat,YTD,Q,405660,2023Q2,1680307200000
2023-04-01,European Union (EU),Ford,TTM,Q,433531,2023Q2,1680307200000
2023-04-01,European Union (EU),Ford,UNITS,Q,107561,2023Q2,1680307200000
2023-04-01,European Union (EU),Ford,YTD,Q,433531,2023Q2,1680307200000
2023-04-01,European Union (EU),Honda,TTM,Q,28580,2023Q2,1680307200000
2023-04-01,European Union (EU),Honda,UNITS,Q,7191,2023Q2,1680307200000
2023-04-01,European Union (EU),Honda,YTD,Q,28580,2023Q2,1680307200000
2023-04-01,European Union (EU),Hyundai,TTM,Q,461205,2023Q2,1680307200000
2023-04-01,European Union (EU),Hyundai,UNITS,Q,119999,2023Q2,1680307200000
2023-04-01,European Union (EU),Hyundai,YTD,Q,461205,2023Q2,1680307200000
2023-04-01,European Union (EU),Hyundai Group,TTM,Q,945621,2023Q2,1680307200000
2023-04-01,European Union (EU),Hyundai Group,UNITS,Q,247443,2023Q2,1680307200000
2023-04-01,European Union (EU),Hyundai Group,YTD,Q,945621,2023Q2,1680307200000
2023-04-01,European Union (EU),Jaguar,TTM,Q,12775,2023Q2,1680307200000
2023-04-01,European Union (EU),Jaguar,UNITS,Q,3273,2023Q2,1680307200000
2023-04-01,European Union (EU),Jaguar,YTD,Q,12775,2023Q2,1680307200000
2023-04-01,European Union (EU),Jaguar Land Rover Group,TTM,Q,74933,2023Q2,1680307200000
2023-04-01,European Union (EU),Jaguar Land Rover Group,UNITS,Q,19117,2023Q2,1680307200000
2023-04-01,European Union (EU),Jaguar Land Rover Group,YTD,Q,74933,2023Q2,1680307200000
2023-04-01,European Union (EU),Jeep,TTM,Q,131317,2023Q2,1680307200000
2023-04-01,European Union (EU),Jeep,UNITS,Q,33969,2023Q2,1680307200000
2023-04-01,European Union (EU),Jeep,YTD,Q,131317,2023Q2,1680307200000
2023-04-01,European Union (EU),Kia,TTM,Q,484416,2023Q2,1680307200000
2023-04-01,European Union (EU),Kia,UNITS,Q,127444,2023Q2,1680307200000
2023-04-01,European Union (EU),Kia,YTD,Q,484416,2023Q2,1680307200000
2023-04-01,European Union (EU),Lancia/Chrysler,TTM,Q,51822,2023Q2,1680307200000
2023-04-01,European Union (EU),Lancia/Chrysler,UNITS,Q,14310,2023Q2,1680307200000
2023-04-01,European Union (EU),Lancia/Chrysler,YTD,Q,51822,2023Q2,1680307200000
2023-04-01,European Union (EU),Land Rover,TTM,Q,62158,2023Q2,1680307200000
2023-04-01,European Union (EU),Land Rover,UNITS,Q,15844,2023Q2,1680307200000
2023-04-01,European Union (EU),Land Rover,YTD,Q,62158,2023Q2,1680307200000
2023-04-01,European Union (EU),Lexus,TTM,Q,37726,2023Q2,1680307200000
2023-04-01,European Union (EU),Lexus,UNITS,Q,11413,2023Q2,1680307200000
2023-04-01,European Union (EU),Lexus,YTD,Q,37726,2023Q2,1680307200000
2023-04-01,European Union (EU),Mazda,TTM,Q,175582,2023Q2,1680307200000
2023-04-01,European Union (EU),Mazda,UNITS,Q,42445,2023Q2,1680307200000
2023-04-01,European Union (EU),Mazda,YTD,Q,175582,2023Q2,1680307200000
2023-04-01,European Union (EU),Mercedes,TTM,Q,623686,2023Q2,1680307200000
2023-04-01,European Union (EU),Mercedes,UNITS,Q,153963,2023Q2,1680307200000
2023-04-01,European Union (EU),Mercedes,YTD,Q,623686,2023Q2,1680307200000
2023-04-01,European Union (EU),Mercedes-Benz,TTM,Q,649747,2023Q2,1680307200000
2023-04-01,European Union (EU),Mercedes-Benz,UNITS,Q,160924,2023Q2,1680307200000
2023-04-01,European Union (EU),Mercedes-Benz,YTD,Q,649747,2023Q2,1680307200000
2023-04-01,European Union (EU),Mini,TTM,Q,157426,2023Q2,1680307200000
2023-04-01,European Union (EU),Mini,UNITS,Q,39876,2023Q2,1680307200000
2023-04-01,European Union (EU),Mini,YTD,Q,157426,2023Q2,1680307200000
2023-04-01,European Union (EU),Mitsubishi,TTM,Q,39642,2023Q2,1680307200000
2023-04-01,European Union (EU),Mitsubishi,UNITS,Q,11353,2023Q2,1680307200000
2023-04-01,European Union (EU),Mitsubishi,YTD,Q,39642,2023Q2,1680307200000
2023-04-01,European Union (EU),Nissan,TTM,Q,245719,2023Q2,1680307200000
2023-04-01,European Union (EU),Nissan,UNITS,Q,57189,2023Q2,1680307200000
2023-04-01,European Union (EU),Nissan,YTD,Q,245719,2023Q2,1680307200000
2023-04-01,European Union (EU),Opel/Vauxhall,TTM,Q,428924,2023Q2,1680307200000
2023-04-01,European Union (EU),Opel/Vauxhall,UNITS,Q,108539,2023Q2,1680307200000
2023-04-01,European Union (EU),Opel/Vauxhall,YTD,Q,428924,2023Q2,1680307200000
2023-04-01,European Union (EU),Peugeot,TTM,Q,733610,2023Q2,1680307200000
2023-04-01,European Union (EU),Peugeot,UNITS,Q,183121,2023Q2,1680307200000
2023-04-01,European Union (EU),Peugeot,YTD,Q,733610,2023Q2,1680307200000
2023-04-01,European Union (EU),Porsche,TTM,Q,79103,2023Q2,1680307200000
2023-04-01,European Union (EU),Porsche,UNITS,Q,19939,2023Q2,1680307200000
2023-04-01,European Union (EU),Porsche,YTD,Q,79103,2023Q2,1680307200000
2023-04-01,European Union (EU),Renault,TTM,Q,689951,2023Q2,1680307200000
2023-04-01,European Union (EU),Renault,UNITS,Q,191538,2023Q2,1680307200000
2023-04-01,European Union (EU),Renault,YTD,Q,689951,2023Q2,1680307200000
2023-04-01,European Union (EU),Renault Group,TTM,Q,1255019,2023Q2,1680307200000
2023-04-01,European Union (EU),Renault Group,UNITS,Q,338438,2023Q2,1680307200000
2023-04-01,European Union (EU),Renault Group,YTD,Q,1255019,2023Q2,1680307200000
2023-04-01,European Union (EU),SAIC Motor,TTM,Q,132452,2023Q2,1680307200000
2023-04-01,European Union (EU),SAIC Motor,UNITS,Q,42280,2023Q2,1680307200000
2023-04-01,European Union (EU),SAIC Motor,YTD,Q,132452,2023Q2,1680307200000
2023-04-01,European Union (EU),Seat,TTM,Q,251903,2023Q2,1680307200000
2023-04-01,European Union (EU),Seat,UNITS,Q,62615,2023Q2,1680307200000
2023-04-01,European Union (EU),Seat,YTD,Q,251903,2023Q2,1680307200000
2023-04-01,European Union (EU),Skoda,TTM,Q,626087,2023Q2,1680307200000
2023-04-01,European Union (EU),Skoda,UNITS,Q,158953,2023Q2,1680307200000
2023-04-01,European Union (EU),Skoda,YTD,Q,626087,2023Q2,1680307200000
2023-04-01,European Union (EU),Smart,TTM,Q,26061,2023Q2,1680307200000
2023-04-01,European Union (EU),Smart,UNITS,Q,6961,2023Q2,1680307200000
2023-04-01,European Union (EU),Smart,YTD,Q,26061,2023Q2,1680307200000
2023-04-01,European Union (EU),Stellantis,TTM,Q,2288371,2023Q2,1680307200000
2023-04-01,European Union (EU),Stellantis,UNITS,Q,574690,2023Q2,1680307200000
2023-04-01,European Union (EU),Stellantis,YTD,Q,2288371,2023Q2,1680307200000
2023-04-01,European Union (EU),Suzuki,TTM,Q,164160,2023Q2,1680307200000
2023-04-01,European Union (EU),Suzuki,UNITS,Q,42389,2023Q2,1680307200000
2023-04-01,European Union (EU),Suzuki,YTD,Q,164160,2023Q2,1680307200000
2023-04-01,European Union (EU),Tesla,TTM,Q,387063,2023Q2,1680307200000
2023-04-01,European Union (EU),Tesla,UNITS,Q,99513,2023Q2,1680307200000
2023-04-01,European Union (EU),Tesla,YTD,Q,387063,2023Q2,1680307200000
2023-04-01,European Union (EU),Toyota,TTM,Q,733854,2023Q2,1680307200000
2023-04-01,European Union (EU),Toyota,UNITS,Q,184664,2023Q2,1680307200000
2023-04-01,European Union (EU),Toyota,YTD,Q,733854,2023Q2,1680307200000
2023-04-01,European Union (EU),Toyota Group,TTM,Q,771580,2023Q2,1680307200000
2023-04-01,European Union (EU),Toyota Group,UNITS,Q,196077,2023Q2,1680307200000
2023-04-01,European Union (EU),Toyota Group,YTD,Q,771580,2023Q2,1680307200000
2023-04-01,European Union (EU),Volkswagen,TTM,Q,1255509,2023Q2,1680307200000
2023-04-01,European Union (EU),Volkswagen,UNITS,Q,333082,2023Q2,1680307200000
2023-04-01,European Union (EU),Volkswagen,YTD,Q,1255509,2023Q2,1680307200000
2023-04-01,European Union (EU),Volkswagen Group,TTM,Q,3042767,2023Q2,1680307200000
2023-04-01,European Union (EU),Volkswagen Group,UNITS,Q,793807,2023Q2,1680307200000
2023-04-01,European Union (EU),Volkswagen Group,YTD,Q,3042767,2023Q2,1680307200000
2023-04-01,European Union (EU),Volvo Cars,TTM,Q,239936,2023Q2,1680307200000
2023-04-01,European Union (EU),Volvo Cars,UNITS,Q,62184,2023Q2,1680307200000
2023-04-01,European Union (EU),Volvo Cars,YTD,Q,239936,2023Q2,1680307200000
2023-07-01,EU + EFTA + UK,Alfa Romeo,TTM,Q,107727,2023Q3,1688169600000
2023-07-01,EU + EFTA + UK,Alfa Romeo,UNITS,Q,16488,2023Q3,1688169600000
2023-07-01,EU + EFTA + UK,Alfa Romeo,YTD,Q,107727,2023Q3,1688169600000
2023-07-01,EU + EFTA + UK,Alpine,TTM,Q,8085,2023Q3,1688169600000
2023-07-01,EU + EFTA + UK,Alpine,UNITS,Q,1746,2023Q3,1688169600000
2023-07-01,EU + EFTA + UK,Alpine,YTD,Q,8085,2023Q3,1688169600000
2023-07-01,EU + EFTA + UK,Audi,TTM,Q,1486047,2023Q3,1688169600000
2023-07-01,EU + EFTA + UK,Audi,UNITS,Q,217107,2023Q3,1688169600000
2023-07-01,EU + EFTA + UK,Audi,YTD,Q,1486047,2023Q3,1688169600000
2023-07-01,EU + EFTA + UK,BMW,TTM,Q,1391034,2023Q3,1688169600000
2023-07-01,EU + EFTA + UK,BMW,UNITS,Q,199188,2023Q3,1688169600000
2023-07-01,EU + EFTA + UK,BMW,YTD,Q,1391034,2023Q3,1688169600000
2023-07-01,EU + EFTA + UK,BMW Group,TTM,Q,1769820,2023Q3,1688169600000
2023-07-01,EU + EFTA + UK,BMW Group,UNITS,Q,251628,2023Q3,1688169600000
2023-07-01,EU + EFTA + UK,BMW Group,YTD,Q,1769820,2023Q3,1688169600000
2023-07-01,EU + EFTA + UK,Citroen,TTM,Q,775617,2023Q3,1688169600000
2023-07-01,EU + EFTA + UK,Citroen,UNITS,Q,105507,2023Q3,1688169600000
2023-07-01,EU + EFTA + UK,Citroen,YTD,Q,775617,2023Q3,1688169600000
2023-07-01,EU + EFTA + UK,Cupra,TTM,Q,380955,2023Q3,1688169600000
2023-07-01,EU + EFTA + UK,Cupra,UNITS,Q,58824,2023Q3,1688169600000
2023-07-01,EU + EFTA + UK,Cupra,YTD,Q,380955,2023Q3,1688169600000
2023-07-01,EU + EFTA + UK,DS,TTM,Q,108984,2023Q3,1688169600000
2023-07-01,EU + EFTA + UK,DS,UNITS,Q,15876,2023Q3,1688169600000
2023-07-01,EU + EFTA + UK,DS,YTD,Q,108984,2023Q3,1688169600000
2023-07-01,EU + EFTA + UK,Dacia,TTM,Q,1103400,2023Q3,1688169600000
2023-07-01,EU + EFTA + UK,Dacia,UNITS,Q,166782,2023Q3,1688169600000
2023-07-01,EU + EFTA + UK,Dacia,YTD,Q,1103400,2023Q3,1688169600000
2023-07-01,EU + EFTA + UK,Fiat,TTM,Q,749844,2023Q3,1688169600000
2023-07-01,EU + EFTA + UK,Fiat,UNITS,Q,105414,2023Q3,1688169600000
2023-07-01,EU + EFTA + UK,Fiat,YTD,Q,749844,2023Q3,1688169600000
2023-07-01,EU + EFTA + UK,Ford,TTM,Q,1079562,2023Q3,1688169600000
2023-07-01,EU + EFTA + UK,Ford,UNITS,Q,152601,2023Q3,1688169600000
2023-07-01,EU + EFTA + UK,Ford,YTD,Q,1079562,2023Q3,1688169600000
2023-07-01,EU + EFTA + UK,Honda,TTM,Q,112305,2023Q3,1688169600000
2023-07-01,EU + EFTA + UK,Honda,UNITS,Q,14475,2023Q3,1688169600000
2023-07-01,EU + EFTA + UK,Honda,YTD,Q,112305,2023Q3,1688169600000
2023-07-01,EU + EFTA + UK,Hyundai,TTM,Q,1055133,2023Q3,1688169600000
2023-07-01,EU + EFTA + UK,Hyundai,UNITS,Q,155790,2023Q3,1688169600000
2023-07-01,EU + EFTA + UK,Hyundai,YTD,Q,1055133,2023Q3,1688169600000
2023-07-01,EU + EFTA + UK,Hyundai Group,TTM,Q,2197761,2023Q3,1688169600000
2023-07-01,EU + EFTA + UK,Hyundai Group,UNITS,Q,319623,2023Q3,1688169600000
2023-07-01,EU + EFTA + UK,Hyundai Group,YTD,Q,2197761,2023Q3,1688169600000
2023-07-01,EU + EFTA + UK,Jaguar,TTM,Q,53208,2023Q3,1688169600000
2023-07-01,EU + EFTA + UK,Jaguar,UNITS,Q,7854,2023Q3,1688169600000
2023-07-01,EU + EFTA + UK,Jaguar,YTD,Q,53208,2023Q3,1688169600000
2023-07-01,EU + EFTA + UK,Jaguar Land Rover Group,TTM,Q,306051,2023Q3,1688169600000
2023-07-01,EU + EFTA + UK,Jaguar Land Rover Group,UNITS,Q,40944,2023Q3,1688169600000
2023-07-01,EU + EFTA + UK,Jaguar Land Rover Group,YTD,Q,306051,2023Q3,1688169600000
2023-07-01,EU + EFTA + UK,Jeep,TTM,Q,245328,2023Q3,1688169600000
2023-07-01,EU + EFTA + UK,Jeep,UNITS,Q,35844,2023Q3,1688169600000
2023-07-01,EU + EFTA + UK,Jeep,YTD,Q,245328,2023Q3,1688169600000
2023-07-01,EU + EFTA + UK,Kia,TTM,Q,1142628,2023Q3,1688169600000
2023-07-01,EU + EFTA + UK,Kia,UNITS,Q,163833,2023Q3,1688169600000
2023-07-01,EU + EFTA + UK,Kia,YTD,Q,1142628,2023Q3,1688169600000
2023-07-01,EU + EFTA + UK,Lancia/Chrysler,TTM,Q,92697,2023Q3,1688169600000
2023-07-01,EU + EFTA + UK,Lancia/Chrysler,UNITS,Q,13557,2023Q3,1688169600000
2023-07-01,EU + EFTA + UK,Lancia/Chrysler,YTD,Q,92697,2023Q3,1688169600000
2023-07-01,EU + EFTA + UK,Land Rover,TTM,Q,252843,2023Q3,1688169600000
2023-07-01,EU + EFTA + UK,Land Rover,UNITS,Q,33090,2023Q3,1688169600000
2023-07-01,EU + EFTA + UK,Land Rover,YTD,Q,252843,2023Q3,1688169600000
2023-07-01,EU + EFTA + UK,Lexus,TTM,Q,111816,2023Q3,1688169600000
2023-07-01,EU + EFTA + UK,Lexus,UNITS,Q,19446,2023Q3,1688169600000
2023-07-01,EU + EFTA + UK,Lexus,YTD,Q,111816,2023Q3,1688169600000
2023-07-01,EU + EFTA + UK,Mazda,TTM,Q,376266,2023Q3,1688169600000
2023-07-01,EU + EFTA + UK,Mazda,UNITS,Q,52041,2023Q3,1688169600000
2023-07-01,EU + EFTA + UK,Mazda,YTD,Q,376266,2023Q3,1688169600000
2023-07-01,EU + EFTA + UK,Mercedes,TTM,Q,1315254,2023Q3,1688169600000
2023-07-01,EU + EFTA + UK,Mercedes,UNITS,Q,182898,2023Q3,1688169600000
2023-07-01,EU + EFTA + UK,Mercedes,YTD,Q,1315254,2023Q3,1688169600000
2023-07-01,EU + EFTA + UK,Mercedes-Benz,TTM,Q,1362294,2023Q3,1688169600000
2023-07-01,EU + EFTA + UK,Mercedes-Benz,UNITS,Q,189717,2023Q3,1688169600000
2023-07-01,EU + EFTA + UK,Mercedes-Benz,YTD,Q,1362294,2023Q3,1688169600000
2023-07-01,EU + EFTA + UK,Mini,TTM,Q,378786,2023Q3,1688169600000
2023-07-01,EU + EFTA + UK,Mini,UNITS,Q,52440,2023Q3,1688169600000
2023-07-01,EU + EFTA + UK,Mini,YTD,Q,378786,2023Q3,1688169600000
2023-07-01,EU + EFTA + UK,Mitsubishi,TTM,Q,80808,2023Q3,1688169600000
2023-07-01,EU + EFTA + UK,Mitsubishi,UNITS,Q,13167,2023Q3,1688169600000
2023-07-01,EU + EFTA + UK,Mitsubishi,YTD,Q,80808,2023Q3,1688169600000
2023-07-01,EU + EFTA + UK,Nissan,TTM,Q,624516,2023Q3,1688169600000
2023-07-01,EU + EFTA + UK,Nissan,UNITS,Q,80595,2023Q3,1688169600000
2023-07-01,EU + EFTA + UK,Nissan,YTD,Q,624516,2023Q3,1688169600000
2023-07-01,EU + EFTA + UK,Opel/Vauxhall,TTM,Q,969888,2023Q3,1688169600000
2023-07-01,EU + EFTA + UK,Opel/Vauxhall,UNITS,Q,141264,2023Q3,1688169600000
2023-07-01,EU + EFTA + UK,Opel/Vauxhall,YTD,Q,969888,2023Q3,1688169600000
2023-07-01,EU + EFTA + UK,Peugeot,TTM,Q,1395207,2023Q3,1688169600000
2023-07-01,EU + EFTA + UK,Peugeot,UNITS,Q,192351,2023Q3,1688169600000
2023-07-01,EU + EFTA + UK,Peugeot,YTD,Q,1395207,2023Q3,1688169600000
2023-07-01,EU + EFTA + UK,Porsche,TTM,Q,198465,2023Q3,1688169600000
2023-07-01,EU + EFTA + UK,Porsche,UNITS,Q,28146,2023Q3,1688169600000
2023-07-01,EU + EFTA + UK,Porsche,YTD,Q,198465,2023Q3,1688169600000
2023-07-01,EU + EFTA + UK,Renault,TTM,Q,1412307,2023Q3,1688169600000
2023-07-01,EU + EFTA + UK,Renault,UNITS,Q,230502,2023Q3,1688169600000
2023-07-01,EU + EFTA + UK,Renault,YTD,Q,1412307,2023Q3,1688169600000
2023-07-01,EU + EFTA + UK,Renault Group,TTM,Q,2523792,2023Q3,1688169600000
2023-07-01,EU + EFTA + UK,Renault Group,UNITS,Q,399030,2023Q3,1688169600000
2023-07-01,EU + EFTA + UK,Renault Group,YTD,Q,2523792,2023Q3,1688169600000
2023-07-01,EU + EFTA + UK,SAIC Motor,TTM,Q,457053,2023Q3,1688169600000
2023-07-01,EU + EFTA + UK,SAIC Motor,UNITS,Q,76752,2023Q3,1688169600000
2023-07-01,EU + EFTA + UK,SAIC Motor,YTD,Q,457053,2023Q3,1688169600000
2023-07-01,EU + EFTA + UK,Seat,TTM,Q,512190,2023Q3,1688169600000
2023-07-01,EU + EFTA + UK,Seat,UNITS,Q,72492,2023Q3,1688169600000
2023-07-01,EU + EFTA + UK,Seat,YTD,Q,512190,2023Q3,1688169600000
2023-07-01,EU + EFTA + UK,Skoda,TTM,Q,1285014,2023Q3,1688169600000
2023-07-01,EU + EFTA + UK,Skoda,UNITS,Q,186777,2023Q3,1688169600000
2023-07-01,EU + EFTA + UK,Skoda,YTD,Q,1285014,2023Q3,1688169600000
2023-07-01,EU + EFTA + UK,Smart,TTM,Q,47040,2023Q3,1688169600000
2023-07-01,EU + EFTA + UK,Smart,UNITS,Q,6819,2023Q3,1688169600000
2023-07-01,EU + EFTA + UK,Smart,YTD,Q,47040,2023Q3,1688169600000
2023-07-01,EU + EFTA + UK,Stellantis,TTM,Q,4464867,2023Q3,1688169600000
2023-07-01,EU + EFTA + UK,Stellantis,UNITS,Q,629157,2023Q3,1688169600000
2023-07-01,EU + EFTA + UK,Stellantis,YTD,Q,4464867,2023Q3,1688169600000
2023-07-01,EU + EFTA + UK,Suzuki,TTM,Q,354777,2023Q3,1688169600000
2023-07-01,EU + EFTA + UK,Suzuki,UNITS,Q,50049,2023Q3,1688169600000
2023-07-01,EU + EFTA + UK,Suzuki,YTD,Q,354777,2023Q3,1688169600000
2023-07-01,EU + EFTA + UK,Tesla,TTM,Q,967341,2023Q3,1688169600000
2023-07-01,EU + EFTA + UK,Tesla,UNITS,Q,145917,2023Q3,1688169600000
2023-07-01,EU + EFTA + UK,Tesla,YTD,Q,967341,2023Q3,1688169600000
2023-07-01,EU + EFTA + UK,Toyota,TTM,Q,1599024,2023Q3,1688169600000
2023-07-01,EU + EFTA + UK,Toyota,UNITS,Q,225711,2023Q3,1688169600000
2023-07-01,EU + EFTA + UK,Toyota,YTD,Q,1599024,2023Q3,1688169600000
2023-07-01,EU + EFTA + UK,Toyota Group,TTM,Q,1710840,2023Q3,1688169600000
2023-07-01,EU + EFTA + UK,Toyota Group,UNITS,Q,245157,2023Q3,1688169600000
2023-07-01,EU + EFTA + UK,Toyota Group,YTD,Q,1710840,2023Q3,1688169600000
2023-07-01,EU + EFTA + UK,Volkswagen,TTM,Q,2723658,2023Q3,1688169600000
2023-07-01,EU + EFTA + UK,Volkswagen,UNITS,Q,415722,2023Q3,1688169600000
2023-07-01,EU + EFTA + UK,Volkswagen,YTD,Q,2723658,2023Q3,1688169600000
2023-07-01,EU + EFTA + UK,Volkswagen Group,TTM,Q,6606006,2023Q3,1688169600000
2023-07-01,EU + EFTA + UK,Volkswagen Group,UNITS,Q,981873,2023Q3,1688169600000
2023-07-01,EU + EFTA + UK,Volkswagen Group,YTD,Q,6606006,2023Q3,1688169600000
2023-07-01,EU + EFTA + UK,Volvo Cars,TTM,Q,552105,2023Q3,1688169600000
2023-07-01,EU + EFTA + UK,Volvo Cars,UNITS,Q,78753,2023Q3,1688169600000
2023-07-01,EU + EFTA + UK,Volvo Cars,YTD,Q,552105,2023Q3,1688169600000
2023-07-01,European Union (EU),Alfa Romeo,TTM,Q,92702,2023Q3,1688169600000
2023-07-01,European Union (EU),Alfa Romeo,UNITS,Q,11210,2023Q3,1688169600000
2023-07-01,European Union (EU),Alfa Romeo,YTD,Q,92702,2023Q3,1688169600000
2023-07-01,European Union (EU),Alpine,TTM,Q,6181,2023Q3,1688169600000
2023-07-01,European Union (EU),Alpine,UNITS,Q,1033,2023Q3,1688169600000
2023-07-01,European Union (EU),Alpine,YTD,Q,6181,2023Q3,1688169600000
2023-07-01,European Union (EU),Audi,TTM,Q,1097990,2023Q3,1688169600000
2023-07-01,European Union (EU),Audi,UNITS,Q,138755,2023Q3,1688169600000
2023-07-01,European Union (EU),Audi,YTD,Q,1097990,2023Q3,1688169600000
2023-07-01,European Union (EU),BMW,TTM,Q,1075145,2023Q3,1688169600000
2023-07-01,European Union (EU),BMW,UNITS,Q,139601,2023Q3,1688169600000
2023-07-01,European Union (EU),BMW,YTD,Q,1075145,2023Q3,1688169600000
2023-07-01,European Union (EU),BMW Group,TTM,Q,1338145,2023Q3,1688169600000
2023-07-01,European Union (EU),BMW Group,UNITS,Q,172804,2023Q3,1688169600000
2023-07-01,European Union (EU),BMW Group,YTD,Q,1338145,2023Q3,1688169600000
2023-07-01,European Union (EU),Citroen,TTM,Q,661651,2023Q3,1688169600000
2023-07-01,European Union (EU),Citroen,UNITS,Q,80662,2023Q3,1688169600000
2023-07-01,European Union (EU),Citroen,YTD,Q,661651,2023Q3,1688169600000
2023-07-01,European Union (EU),Cupra,TTM,Q,314340,2023Q3,1688169600000
2023-07-01,European Union (EU),Cupra,UNITS,Q,46209,2023Q3,1688169600000
2023-07-01,European Union (EU),Cupra,YTD,Q,314340,2023Q3,1688169600000
2023-07-01,European Union (EU),DS,TTM,Q,93611,2023Q3,1688169600000
2023-07-01,European Union (EU),DS,UNITS,Q,10943,2023Q3,1688169600000
2023-07-01,European Union (EU),DS,YTD,Q,93611,2023Q3,1688169600000
2023-07-01,European Union (EU),Dacia,TTM,Q,953811,2023Q3,1688169600000
2023-07-01,European Union (EU),Dacia,UNITS,Q,120120,2023Q3,1688169600000
2023-07-01,European Union (EU),Dacia,YTD,Q,953811,2023Q3,1688169600000
2023-07-01,European Union (EU),Fiat,TTM,Q,685985,2023Q3,1688169600000
2023-07-01,European Union (EU),Fiat,UNITS,Q,92165,2023Q3,1688169600000
2023-07-01,European Union (EU),Fiat,YTD,Q,685985,2023Q3,1688169600000
2023-07-01,European Union (EU),Ford,TTM,Q,711711,2023Q3,1688169600000
2023-07-01,European Union (EU),Ford,UNITS,Q,87414,2023Q3,1688169600000
2023-07-01,European Union (EU),Ford,YTD,Q,711711,2023Q3,1688169600000
2023-07-01,European Union (EU),Honda,TTM,Q,53024,2023Q3,1688169600000
2023-07-01,European Union (EU),Honda,UNITS,Q,9449,2023Q3,1688169600000
2023-07-01,European Union (EU),Honda,YTD,Q,53024,2023Q3,1688169600000
2023-07-01,European Union (EU),Hyundai,TTM,Q,812904,2023Q3,1688169600000
2023-07-01,European Union (EU),Hyundai,UNITS,Q,111372,2023Q3,1688169600000
2023-07-01,European Union (EU),Hyundai,YTD,Q,812904,2023Q3,1688169600000
2023-07-01,European Union (EU),Hyundai Group,TTM,Q,1659124,2023Q3,1688169600000
2023-07-01,European Union (EU),Hyundai Group,UNITS,Q,227950,2023Q3,1688169600000
2023-07-01,European Union (EU),Hyundai Group,YTD,Q,1659124,2023Q3,1688169600000
2023-07-01,European Union (EU),Jaguar,TTM,Q,21240,2023Q3,1688169600000
2023-07-01,European Union (EU),Jaguar,UNITS,Q,2760,2023Q3,1688169600000
2023-07-01,European Union (EU),Jaguar,YTD,Q,21240,2023Q3,1688169600000
2023-07-01,European Union (EU),Jaguar Land Rover Group,TTM,Q,130770,2023Q3,1688169600000
2023-07-01,European Union (EU),Jaguar Land Rover Group,UNITS,Q,18693,2023Q3,1688169600000
2023-07-01,European Union (EU),Jaguar Land Rover Group,YTD,Q,130770,2023Q3,1688169600000
2023-07-01,European Union (EU),Jeep,TTM,Q,226597,2023Q3,1688169600000
2023-07-01,European Union (EU),Jeep,UNITS,Q,31354,2023Q3,1688169600000
2023-07-01,European Union (EU),Jeep,YTD,Q,226597,2023Q3,1688169600000
2023-07-01,European Union (EU),Kia,TTM,Q,846220,2023Q3,1688169600000
2023-07-01,European Union (EU),Kia,UNITS,Q,116578,2023Q3,1688169600000
2023-07-01,European Union (EU),Kia,YTD,Q,846220,2023Q3,1688169600000
2023-07-01,European Union (EU),Lancia/Chrysler,TTM,Q,86189,2023Q3,1688169600000
2023-07-01,European Union (EU),Lancia/Chrysler,UNITS,Q,10529,2023Q3,1688169600000
2023-07-01,European Union (EU),Lancia/Chrysler,YTD,Q,86189,2023Q3,1688169600000
2023-07-01,European Union (EU),Land Rover,TTM,Q,109530,2023Q3,1688169600000
2023-07-01,European Union (EU),Land Rover,UNITS,Q,15933,2023Q3,1688169600000
2023-07-01,European Union (EU),Land Rover,YTD,Q,109530,2023Q3,1688169600000
2023-07-01,European Union (EU),Lexus,TTM,Q,71124,2023Q3,1688169600000
2023-07-01,European Union (EU),Lexus,UNITS,Q,10416,2023Q3,1688169600000
2023-07-01,European Union (EU),Lexus,YTD,Q,71124,2023Q3,1688169600000
2023-07-01,European Union (EU),Mazda,TTM,Q,281026,2023Q3,1688169600000
2023-07-01,European Union (EU),Mazda,UNITS,Q,35131,2023Q3,1688169600000
2023-07-01,European Union (EU),Mazda,YTD,Q,281026,2023Q3,1688169600000
2023-07-01,European Union (EU),Mercedes,TTM,Q,1028419,2023Q3,1688169600000
2023-07-01,European Union (EU),Mercedes,UNITS,Q,134029,2023Q3,1688169600000
2023-07-01,European Union (EU),Mercedes,YTD,Q,1028419,2023Q3,1688169600000
2023-07-01,European Union (EU),Mercedes-Benz,TTM,Q,1073632,2023Q3,1688169600000
2023-07-01,European Union (EU),Mercedes-Benz,UNITS,Q,140014,2023Q3,1688169600000
2023-07-01,European Union (EU),Mercedes-Benz,YTD,Q,1073632,2023Q3,1688169600000
2023-07-01,European Union (EU),Mini,TTM,Q,263000,2023Q3,1688169600000
2023-07-01,European Union (EU),Mini,UNITS,Q,33203,2023Q3,1688169600000
2023-07-01,European Union (EU),Mini,YTD,Q,263000,2023Q3,1688169600000
2023-07-01,European Union (EU),Mitsubishi,TTM,Q,69216,2023Q3,1688169600000
2023-07-01,European Union (EU),Mitsubishi,UNITS,Q,9252,2023Q3,1688169600000
2023-07-01,European Union (EU),Mitsubishi,YTD,Q,69216,2023Q3,1688169600000
2023-07-01,European Union (EU),Nissan,TTM,Q,390126,2023Q3,1688169600000
2023-07-01,European Union (EU),Nissan,UNITS,Q,47499,2023Q3,1688169600000
2023-07-01,European Union (EU),Nissan,YTD,Q,390126,2023Q3,1688169600000
2023-07-01,European Union (EU),Opel/Vauxhall,TTM,Q,696643,2023Q3,1688169600000
2023-07-01,European Union (EU),Opel/Vauxhall,UNITS,Q,84241,2023Q3,1688169600000
2023-07-01,European Union (EU),Opel/Vauxhall,YTD,Q,696643,2023Q3,1688169600000
2023-07-01,European Union (EU),Peugeot,TTM,Q,1164010,2023Q3,1688169600000
2023-07-01,European Union (EU),Peugeot,UNITS,Q,131275,2023Q3,1688169600000
2023-07-01,European Union (EU),Peugeot,YTD,Q,1164010,2023Q3,1688169600000
2023-07-01,European Union (EU),Porsche,TTM,Q,131512,2023Q3,1688169600000
2023-07-01,European Union (EU),Porsche,UNITS,Q,16312,2023Q3,1688169600000
2023-07-01,European Union (EU),Porsche,YTD,Q,131512,2023Q3,1688169600000
2023-07-01,European Union (EU),Renault,TTM,Q,1187910,2023Q3,1688169600000
2023-07-01,European Union (EU),Renault,UNITS,Q,148866,2023Q3,1688169600000
2023-07-01,European Union (EU),Renault,YTD,Q,1187910,2023Q3,1688169600000
2023-07-01,European Union (EU),Renault Group,TTM,Q,2147902,2023Q3,1688169600000
2023-07-01,European Union (EU),Renault Group,UNITS,Q,270019,2023Q3,1688169600000
2023-07-01,European Union (EU),Renault Group,YTD,Q,2147902,2023Q3,1688169600000
2023-07-01,European Union (EU),SAIC Motor,TTM,Q,251306,2023Q3,1688169600000
2023-07-01,European Union (EU),SAIC Motor,UNITS,Q,36518,2023Q3,1688169600000
2023-07-01,European Union (EU),SAIC Motor,YTD,Q,251306,2023Q3,1688169600000
2023-07-01,European Union (EU),Seat,TTM,Q,423445,2023Q3,1688169600000
2023-07-01,European Union (EU),Seat,UNITS,Q,53026,2023Q3,1688169600000
2023-07-01,European Union (EU),Seat,YTD,Q,423445,2023Q3,1688169600000
2023-07-01,European Union (EU),Skoda,TTM,Q,1072235,2023Q3,1688169600000
2023-07-01,European Union (EU),Skoda,UNITS,Q,144881,2023Q3,1688169600000
2023-07-01,European Union (EU),Skoda,YTD,Q,1072235,2023Q3,1688169600000
2023-07-01,European Union (EU),Smart,TTM,Q,45213,2023Q3,1688169600000
2023-07-01,European Union (EU),Smart,UNITS,Q,5985,2023Q3,1688169600000
2023-07-01,European Union (EU),Smart,YTD,Q,45213,2023Q3,1688169600000
2023-07-01,European Union (EU),Stellantis,TTM,Q,3722460,2023Q3,1688169600000
2023-07-01,European Union (EU),Stellantis,UNITS,Q,454254,2023Q3,1688169600000
2023-07-01,European Union (EU),Stellantis,YTD,Q,3722460,2023Q3,1688169600000
2023-07-01,European Union (EU),Suzuki,TTM,Q,284882,2023Q3,1688169600000
2023-07-01,European Union (EU),Suzuki,UNITS,Q,41348,2023Q3,1688169600000
2023-07-01,European Union (EU),Suzuki,YTD,Q,284882,2023Q3,1688169600000
2023-07-01,European Union (EU),Tesla,TTM,Q,572872,2023Q3,1688169600000
2023-07-01,European Union (EU),Tesla,UNITS,Q,51214,2023Q3,1688169600000
2023-07-01,European Union (EU),Tesla,YTD,Q,572872,2023Q3,1688169600000
2023-07-01,European Union (EU),Toyota,TTM,Q,1245344,2023Q3,1688169600000
2023-07-01,European Union (EU),Toyota,UNITS,Q,165194,2023Q3,1688169600000
2023-07-01,European Union (EU),Toyota,YTD,Q,1245344,2023Q3,1688169600000
2023-07-01,European Union (EU),Toyota Group,TTM,Q,1316468,2023Q3,1688169600000
2023-07-01,European Union (EU),Toyota Group,UNITS,Q,175610,2023Q3,1688169600000
2023-07-01,European Union (EU),Toyota Group,YTD,Q,1316468,2023Q3,1688169600000
2023-07-01,European Union (EU),Volkswagen,TTM,Q,2169981,2023Q3,1688169600000
2023-07-01,European Union (EU),Volkswagen,UNITS,Q,284166,2023Q3,1688169600000
2023-07-01,European Union (EU),Volkswagen,YTD,Q,2169981,2023Q3,1688169600000
2023-07-01,European Union (EU),Volkswagen Group,TTM,Q,5222387,2023Q3,1688169600000
2023-07-01,European Union (EU),Volkswagen Group,UNITS,Q,684824,2023Q3,1688169600000
2023-07-01,European Union (EU),Volkswagen Group,YTD,Q,5222387,2023Q3,1688169600000
2023-07-01,European Union (EU),Volvo Cars,TTM,Q,398088,2023Q3,1688169600000
2023-07-01,European Union (EU),Volvo Cars,UNITS,Q,48675,2023Q3,1688169600000
2023-07-01,European Union (EU),Volvo Cars,YTD,Q,398088,2023Q3,1688169600000
2023-10-01,EU + EFTA + UK,Alfa Romeo,TTM,Q,155153,2023Q4,1696118400000
2023-10-01,EU + EFTA + UK,Alfa Romeo,UNITS,Q,14450,2023Q4,1696118400000
2023-10-01,EU + EFTA + UK,Alfa Romeo,YTD,Q,155153,2023Q4,1696118400000
2023-10-01,EU + EFTA + UK,Alpine,TTM,Q,13449,2023Q4,1696118400000
2023-10-01,EU + EFTA + UK,Alpine,UNITS,Q,1872,2023Q4,1696118400000
2023-10-01,EU + EFTA + UK,Alpine,YTD,Q,13449,2023Q4,1696118400000
2023-10-01,EU + EFTA + UK,Audi,TTM,Q,2121359,2023Q4,1696118400000
2023-10-01,EU + EFTA + UK,Audi,UNITS,Q,201098,2023Q4,1696118400000
2023-10-01,EU + EFTA + UK,Audi,YTD,Q,2121359,2023Q4,1696118400000
2023-10-01,EU + EFTA + UK,BMW,TTM,Q,1994938,2023Q4,1696118400000
2023-10-01,EU + EFTA + UK,BMW,UNITS,Q,205528,2023Q4,1696118400000
2023-10-01,EU + EFTA + UK,BMW,YTD,Q,1994938,2023Q4,1696118400000
2023-10-01,EU + EFTA + UK,BMW Group,TTM,Q,2531773,2023Q4,1696118400000
2023-10-01,EU + EFTA + UK,BMW Group,UNITS,Q,258697,2023Q4,1696118400000
2023-10-01,EU + EFTA + UK,BMW Group,YTD,Q,2531773,2023Q4,1696118400000
2023-10-01,EU + EFTA + UK,Citroen,TTM,Q,1078699,2023Q4,1696118400000
2023-10-01,EU + EFTA + UK,Citroen,UNITS,Q,92068,2023Q4,1696118400000
2023-10-01,EU + EFTA + UK,Citroen,YTD,Q,1078699,2023Q4,1696118400000
2023-10-01,EU + EFTA + UK,Cupra,TTM,Q,556922,2023Q4,1696118400000
2023-10-01,EU + EFTA + UK,Cupra,UNITS,Q,58319,2023Q4,1696118400000
2023-10-01,EU + EFTA + UK,Cupra,YTD,Q,556922,2023Q4,1696118400000
2023-10-01,EU + EFTA + UK,DS,TTM,Q,154104,2023Q4,1696118400000
2023-10-01,EU + EFTA + UK,DS,UNITS,Q,13368,2023Q4,1696118400000
2023-10-01,EU + EFTA + UK,DS,YTD,Q,154104,2023Q4,1696118400000
2023-10-01,EU + EFTA + UK,Dacia,TTM,Q,1593312,2023Q4,1696118400000
2023-10-01,EU + EFTA + UK,Dacia,UNITS,Q,156348,2023Q4,1696118400000
2023-10-01,EU + EFTA + UK,Dacia,YTD,Q,1593312,2023Q4,1696118400000
2023-10-01,EU + EFTA + UK,Fiat,TTM,Q,1056546,2023Q4,1696118400000
2023-10-01,EU + EFTA + UK,Fiat,UNITS,Q,95874,2023Q4,1696118400000
2023-10-01,EU + EFTA + UK,Fiat,YTD,Q,1056546,2023Q4,1696118400000
2023-10-01,EU + EFTA + UK,Ford,TTM,Q,1521629,2023Q4,1696118400000
2023-10-01,EU + EFTA + UK,Ford,UNITS,Q,136865,2023Q4,1696118400000
2023-10-01,EU + EFTA + UK,Ford,YTD,Q,1521629,2023Q4,1696118400000
2023-10-01,EU + EFTA + UK,Honda,TTM,Q,155380,2023Q4,1696118400000
2023-10-01,EU + EFTA + UK,Honda,UNITS,Q,14125,2023Q4,1696118400000
2023-10-01,EU + EFTA + UK,Honda,YTD,Q,155380,2023Q4,1696118400000
2023-10-01,EU + EFTA + UK,Hyundai,TTM,Q,1513337,2023Q4,1696118400000
2023-10-01,EU + EFTA + UK,Hyundai,UNITS,Q,146624,2023Q4,1696118400000
2023-10-01,EU + EFTA + UK,Hyundai,YTD,Q,1513337,2023Q4,1696118400000
2023-10-01,EU + EFTA + UK,Hyundai Group,TTM,Q,3127105,2023Q4,1696118400000
2023-10-01,EU + EFTA + UK,Hyundai Group,UNITS,Q,290098,2023Q4,1696118400000
2023-10-01,EU + EFTA + UK,Hyundai Group,YTD,Q,3127105,2023Q4,1696118400000
2023-10-01,EU + EFTA + UK,Jaguar,TTM,Q,75897,2023Q4,1696118400000
2023-10-01,EU + EFTA + UK,Jaguar,UNITS,Q,6981,2023Q4,1696118400000
2023-10-01,EU + EFTA + UK,Jaguar,YTD,Q,75897,2023Q4,1696118400000
2023-10-01,EU + EFTA + UK,Jaguar Land Rover Group,TTM,Q,426833,2023Q4,1696118400000
2023-10-01,EU + EFTA + UK,Jaguar Land Rover Group,UNITS,Q,38894,2023Q4,1696118400000
2023-10-01,EU + EFTA + UK,Jaguar Land Rover Group,YTD,Q,426833,2023Q4,1696118400000
2023-10-01,EU + EFTA + UK,Jeep,TTM,Q,350146,2023Q4,1696118400000
2023-10-01,EU + EFTA + UK,Jeep,UNITS,Q,33130,2023Q4,1696118400000
2023-10-01,EU + EFTA + UK,Jeep,YTD,Q,350146,2023Q4,1696118400000
2023-10-01,EU + EFTA + UK,Kia,TTM,Q,1613768,2023Q4,1696118400000
2023-10-01,EU + EFTA + UK,Kia,UNITS,Q,143474,2023Q4,1696118400000
2023-10-01,EU + EFTA + UK,Kia,YTD,Q,1613768,2023Q4,1696118400000
2023-10-01,EU + EFTA + UK,Lancia/Chrysler,TTM,Q,131870,2023Q4,1696118400000
2023-10-01,EU + EFTA + UK,Lancia/Chrysler,UNITS,Q,12059,2023Q4,1696118400000
2023-10-01,EU + EFTA + UK,Lancia/Chrysler,YTD,Q,131870,2023Q4,1696118400000
2023-10-01,EU + EFTA + UK,Land Rover,TTM,Q,350936,2023Q4,1696118400000
2023-10-01,EU + EFTA + UK,Land Rover,UNITS,Q,31913,2023Q4,1696118400000
2023-10-01,EU + EFTA + UK,Land Rover,YTD,Q,350936,2023Q4,1696118400000
2023-10-01,EU + EFTA + UK,Lexus,TTM,Q,169494,2023Q4,1696118400000
2023-10-01,EU + EFTA + UK,Lexus,UNITS,Q,18786,2023Q4,1696118400000
2023-10-01,EU + EFTA + UK,Lexus,YTD,Q,169494,2023Q4,1696118400000
2023-10-01,EU + EFTA + UK,Mazda,TTM,Q,529794,2023Q4,1696118400000
2023-10-01,EU + EFTA + UK,Mazda,UNITS,Q,49446,2023Q4,1696118400000
2023-10-01,EU + EFTA + UK,Mazda,YTD,Q,529794,2023Q4,1696118400000
2023-10-01,EU + EFTA + UK,Mercedes,TTM,Q,1870126,2023Q4,1696118400000
2023-10-01,EU + EFTA + UK,Mercedes,UNITS,Q,189076,2023Q4,1696118400000
2023-10-01,EU + EFTA + UK,Mercedes,YTD,Q,1870126,2023Q4,1696118400000
2023-10-01,EU + EFTA + UK,Mercedes-Benz,TTM,Q,1938429,2023Q4,1696118400000
2023-10-01,EU + EFTA + UK,Mercedes-Benz,UNITS,Q,196701,2023Q4,1696118400000
2023-10-01,EU + EFTA + UK,Mercedes-Benz,YTD,Q,1938429,2023Q4,1696118400000
2023-10-01,EU + EFTA + UK,Mini,TTM,Q,536835,2023Q4,1696118400000
2023-10-01,EU + EFTA + UK,Mini,UNITS,Q,53169,2023Q4,1696118400000
2023-10-01,EU + EFTA + UK,Mini,YTD,Q,536835,2023Q4,1696118400000
2023-10-01,EU + EFTA + UK,Mitsubishi,TTM,Q,120147,2023Q4,1696118400000
2023-10-01,EU + EFTA + UK,Mitsubishi,UNITS,Q,13005,2023Q4,1696118400000
2023-10-01,EU + EFTA + UK,Mitsubishi,YTD,Q,120147,2023Q4,1696118400000
2023-10-01,EU + EFTA + UK,Nissan,TTM,Q,864545,2023Q4,1696118400000
2023-10-01,EU + EFTA + UK,Nissan,UNITS,Q,78839,2023Q4,1696118400000
2023-10-01,EU + EFTA + UK,Nissan,YTD,Q,864545,2023Q4,1696118400000
2023-10-01,EU + EFTA + UK,Opel/Vauxhall,TTM,Q,1377160,2023Q4,1696118400000
2023-10-01,EU + EFTA + UK,Opel/Vauxhall,UNITS,Q,124744,2023Q4,1696118400000
2023-10-01,EU + EFTA + UK,Opel/Vauxhall,YTD,Q,1377160,2023Q4,1696118400000
2023-10-01,EU + EFTA + UK,Peugeot,TTM,Q,1946310,2023Q4,1696118400000
2023-10-01,EU + EFTA + UK,Peugeot,UNITS,Q,166401,2023Q4,1696118400000
2023-10-01,EU + EFTA + UK,Peugeot,YTD,Q,1946310,2023Q4,1696118400000
2023-10-01,EU + EFTA + UK,Porsche,TTM,Q,280353,2023Q4,1696118400000
2023-10-01,EU + EFTA + UK,Porsche,UNITS,Q,25596,2023Q4,1696118400000
2023-10-01,EU + EFTA + UK,Porsche,YTD,Q,280353,2023Q4,1696118400000
2023-10-01,EU + EFTA + UK,Renault,TTM,Q,2092691,2023Q4,1696118400000
2023-10-01,EU + EFTA + UK,Renault,UNITS,Q,219380,2023Q4,1696118400000
2023-10-01,EU + EFTA + UK,Renault,YTD,Q,2092691,2023Q4,1696118400000
2023-10-01,EU + EFTA + UK,Renault Group,TTM,Q,3699452,2023Q4,1696118400000
2023-10-01,EU + EFTA + UK,Renault Group,UNITS,Q,377600,2023Q4,1696118400000
2023-10-01,EU + EFTA + UK,Renault Group,YTD,Q,3699452,2023Q4,1696118400000
2023-10-01,EU + EFTA + UK,SAIC Motor,TTM,Q,689474,2023Q4,1696118400000
2023-10-01,EU + EFTA + UK,SAIC Motor,UNITS,Q,78917,2023Q4,1696118400000
2023-10-01,EU + EFTA + UK,SAIC Motor,YTD,Q,689474,2023Q4,1696118400000
2023-10-01,EU + EFTA + UK,Seat,TTM,Q,725790,2023Q4,1696118400000
2023-10-01,EU + EFTA + UK,Seat,UNITS,Q,68616,2023Q4,1696118400000
2023-10-01,EU + EFTA + UK,Seat,YTD,Q,725790,2023Q4,1696118400000
2023-10-01,EU + EFTA + UK,Skoda,TTM,Q,1837222,2023Q4,1696118400000
2023-10-01,EU + EFTA + UK,Skoda,UNITS,Q,178654,2023Q4,1696118400000
2023-10-01,EU + EFTA + UK,Skoda,YTD,Q,1837222,2023Q4,1696118400000
2023-10-01,EU + EFTA + UK,Smart,TTM,Q,68303,2023Q4,1696118400000
2023-10-01,EU + EFTA + UK,Smart,UNITS,Q,7625,2023Q4,1696118400000
2023-10-01,EU + EFTA + UK,Smart,YTD,Q,68303,2023Q4,1696118400000
2023-10-01,EU + EFTA + UK,Stellantis,TTM,Q,6277698,2023Q4,1696118400000
2023-10-01,EU + EFTA + UK,Stellantis,UNITS,Q,554517,2023Q4,1696118400000
2023-10-01,EU + EFTA + UK,Stellantis,YTD,Q,6277698,2023Q4,1696118400000
2023-10-01,EU + EFTA + UK,Suzuki,TTM,Q,503954,2023Q4,1696118400000
2023-10-01,EU + EFTA + UK,Suzuki,UNITS,Q,49079,2023Q4,1696118400000
2023-10-01,EU + EFTA + UK,Suzuki,YTD,Q,503954,2023Q4,1696118400000
2023-10-01,EU + EFTA + UK,Tesla,TTM,Q,1395647,2023Q4,1696118400000
2023-10-01,EU + EFTA + UK,Tesla,UNITS,Q,136472,2023Q4,1696118400000
2023-10-01,EU + EFTA + UK,Tesla,YTD,Q,1395647,2023Q4,1696118400000
2023-10-01,EU + EFTA + UK,Toyota,TTM,Q,2266640,2023Q4,1696118400000
2023-10-01,EU + EFTA + UK,Toyota,UNITS,Q,216194,2023Q4,1696118400000
2023-10-01,EU + EFTA + UK,Toyota,YTD,Q,2266640,2023Q4,1696118400000
2023-10-01,EU + EFTA + UK,Toyota Group,TTM,Q,2436134,2023Q4,1696118400000
2023-10-01,EU + EFTA + UK,Toyota Group,UNITS,Q,234980,2023Q4,1696118400000
2023-10-01,EU + EFTA + UK,Toyota Group,YTD,Q,2436134,2023Q4,1696118400000
2023-10-01,EU + EFTA + UK,Volkswagen,TTM,Q,3948471,2023Q4,1696118400000
2023-10-01,EU + EFTA + UK,Volkswagen,UNITS,Q,393369,2023Q4,1696118400000
2023-10-01,EU + EFTA + UK,Volkswagen,YTD,Q,3948471,2023Q4,1696118400000
2023-10-01,EU + EFTA + UK,Volkswagen Group,TTM,Q,9497735,2023Q4,1696118400000
2023-10-01,EU + EFTA + UK,Volkswagen Group,UNITS,Q,927983,2023Q4,1696118400000
2023-10-01,EU + EFTA + UK,Volkswagen Group,YTD,Q,9497735,2023Q4,1696118400000
2023-10-01,EU + EFTA + UK,Volvo Cars,TTM,Q,793250,2023Q4,1696118400000
2023-10-01,EU + EFTA + UK,Volvo Cars,UNITS,Q,83639,2023Q4,1696118400000
2023-10-01,EU + EFTA + UK,Volvo Cars,YTD,Q,793250,2023Q4,1696118400000
2023-10-01,European Union (EU),Alfa Romeo,TTM,Q,127425,2023Q4,1696118400000
2023-10-01,European Union (EU),Alfa Romeo,UNITS,Q,11414,2023Q4,1696118400000
2023-10-01,European Union (EU),Alfa Romeo,YTD,Q,127425,2023Q4,1696118400000
2023-10-01,European Union (EU),Alpine,TTM,Q,9174,2023Q4,1696118400000
2023-10-01,European Union (EU),Alpine,UNITS,Q,1284,2023Q4,1696118400000
2023-10-01,European Union (EU),Alpine,YTD,Q,9174,2023Q4,1696118400000
2023-10-01,European Union (EU),Audi,TTM,Q,1518631,2023Q4,1696118400000
2023-10-01,European Union (EU),Audi,UNITS,Q,140910,2023Q4,1696118400000
2023-10-01,European Union (EU),Audi,YTD,Q,1518631,2023Q4,1696118400000
2023-10-01,European Union (EU),BMW,TTM,Q,1529121,2023Q4,1696118400000
2023-10-01,European Union (EU),BMW,UNITS,Q,162499,2023Q4,1696118400000
2023-10-01,European Union (EU),BMW,YTD,Q,1529121,2023Q4,1696118400000
2023-10-01,European Union (EU),BMW Group,TTM,Q,1891092,2023Q4,1696118400000
2023-10-01,European Union (EU),BMW Group,UNITS,Q,197332,2023Q4,1696118400000
2023-10-01,European Union (EU),BMW Group,YTD,Q,1891092,2023Q4,1696118400000
2023-10-01,European Union (EU),Citroen,TTM,Q,911321,2023Q4,1696118400000
2023-10-01,European Union (EU),Citroen,UNITS,Q,74484,2023Q4,1696118400000
2023-10-01,European Union (EU),Citroen,YTD,Q,911321,2023Q4,1696118400000
2023-10-01,European Union (EU),Cupra,TTM,Q,445257,2023Q4,1696118400000
2023-10-01,European Union (EU),Cupra,UNITS,Q,43820,2023Q4,1696118400000
2023-10-01,European Union (EU),Cupra,YTD,Q,445257,2023Q4,1696118400000
2023-10-01,European Union (EU),DS,TTM,Q,121760,2023Q4,1696118400000
2023-10-01,European Union (EU),DS,UNITS,Q,8349,2023Q4,1696118400000
2023-10-01,European Union (EU),DS,YTD,Q,121760,2023Q4,1696118400000
2023-10-01,European Union (EU),Dacia,TTM,Q,1332549,2023Q4,1696118400000
2023-10-01,European Union (EU),Dacia,UNITS,Q,128981,2023Q4,1696118400000
2023-10-01,European Union (EU),Dacia,YTD,Q,1332549,2023Q4,1696118400000
2023-10-01,European Union (EU),Fiat,TTM,Q,956249,2023Q4,1696118400000
2023-10-01,European Union (EU),Fiat,UNITS,Q,84356,2023Q4,1696118400000
2023-10-01,European Union (EU),Fiat,YTD,Q,956249,2023Q4,1696118400000
2023-10-01,European Union (EU),Ford,TTM,Q,961876,2023Q4,1696118400000
2023-10-01,European Union (EU),Ford,UNITS,Q,80098,2023Q4,1696118400000
2023-10-01,European Union (EU),Ford,YTD,Q,961876,2023Q4,1696118400000
2023-10-01,European Union (EU),Honda,TTM,Q,84781,2023Q4,1696118400000
2023-10-01,European Union (EU),Honda,UNITS,Q,10120,2023Q4,1696118400000
2023-10-01,European Union (EU),Honda,YTD,Q,84781,2023Q4,1696118400000
2023-10-01,European Union (EU),Hyundai,TTM,Q,1134276,2023Q4,1696118400000
2023-10-01,European Union (EU),Hyundai,UNITS,Q,109256,2023Q4,1696118400000
2023-10-01,European Union (EU),Hyundai,YTD,Q,1134276,2023Q4,1696118400000
2023-10-01,European Union (EU),Hyundai Group,TTM,Q,2315036,2023Q4,1696118400000
2023-10-01,European Union (EU),Hyundai Group,UNITS,Q,213617,2023Q4,1696118400000
2023-10-01,European Union (EU),Hyundai Group,YTD,Q,2315036,2023Q4,1696118400000
2023-10-01,European Union (EU),Jaguar,TTM,Q,28789,2023Q4,1696118400000
2023-10-01,European Union (EU),Jaguar,UNITS,Q,2214,2023Q4,1696118400000
2023-10-01,European Union (EU),Jaguar,YTD,Q,28789,2023Q4,1696118400000
2023-10-01,European Union (EU),Jaguar Land Rover Group,TTM,Q,183217,2023Q4,1696118400000
2023-10-01,European Union (EU),Jaguar Land Rover Group,UNITS,Q,16620,2023Q4,1696118400000
2023-10-01,European Union (EU),Jaguar Land Rover Group,YTD,Q,183217,2023Q4,1696118400000
2023-10-01,European Union (EU),Jeep,TTM,Q,322990,2023Q4,1696118400000
2023-10-01,European Union (EU),Jeep,UNITS,Q,30620,2023Q4,1696118400000
2023-10-01,European Union (EU),Jeep,YTD,Q,322990,2023Q4,1696118400000
2023-10-01,European Union (EU),Kia,TTM,Q,1180760,2023Q4,1696118400000
2023-10-01,European Union (EU),Kia,UNITS,Q,104361,2023Q4,1696118400000
2023-10-01,European Union (EU),Kia,YTD,Q,1180760,2023Q4,1696118400000
2023-10-01,European Union (EU),Lancia/Chrysler,TTM,Q,120909,2023Q4,1696118400000
2023-10-01,European Union (EU),Lancia/Chrysler,UNITS,Q,11266,2023Q4,1696118400000
2023-10-01,European Union (EU),Lancia/Chrysler,YTD,Q,120909,2023Q4,1696118400000
2023-10-01,European Union (EU),Land Rover,TTM,Q,154428,2023Q4,1696118400000
2023-10-01,European Union (EU),Land Rover,UNITS,Q,14406,2023Q4,1696118400000
2023-10-01,European Union (EU),Land Rover,YTD,Q,154428,2023Q4,1696118400000
2023-10-01,European Union (EU),Lexus,TTM,Q,103996,2023Q4,1696118400000
2023-10-01,European Union (EU),Lexus,UNITS,Q,11217,2023Q4,1696118400000
2023-10-01,European Union (EU),Lexus,YTD,Q,103996,2023Q4,1696118400000
2023-10-01,European Union (EU),Mazda,TTM,Q,391694,2023Q4,1696118400000
2023-10-01,European Union (EU),Mazda,UNITS,Q,36289,2023Q4,1696118400000
2023-10-01,European Union (EU),Mazda,YTD,Q,391694,2023Q4,1696118400000
2023-10-01,European Union (EU),Mercedes,TTM,Q,1467087,2023Q4,1696118400000
2023-10-01,European Union (EU),Mercedes,UNITS,Q,152880,2023Q4,1696118400000
2023-10-01,European Union (EU),Mercedes,YTD,Q,1467087,2023Q4,1696118400000
2023-10-01,European Union (EU),Mercedes-Benz,TTM,Q,1532521,2023Q4,1696118400000
2023-10-01,European Union (EU),Mercedes-Benz,UNITS,Q,160576,2023Q4,1696118400000
2023-10-01,European Union (EU),Mercedes-Benz,YTD,Q,1532521,2023Q4,1696118400000
2023-10-01,European Union (EU),Mini,TTM,Q,361971,2023Q4,1696118400000
2023-10-01,European Union (EU),Mini,UNITS,Q,34833,2023Q4,1696118400000
2023-10-01,European Union (EU),Mini,YTD,Q,361971,2023Q4,1696118400000
2023-10-01,European Union (EU),Mitsubishi,TTM,Q,103195,2023Q4,1696118400000
2023-10-01,European Union (EU),Mitsubishi,UNITS,Q,12054,2023Q4,1696118400000
2023-10-01,European Union (EU),Mitsubishi,YTD,Q,103195,2023Q4,1696118400000
2023-10-01,European Union (EU),Nissan,TTM,Q,539740,2023Q4,1696118400000
2023-10-01,European Union (EU),Nissan,UNITS,Q,50857,2023Q4,1696118400000
2023-10-01,European Union (EU),Nissan,YTD,Q,539740,2023Q4,1696118400000
2023-10-01,European Union (EU),Opel/Vauxhall,TTM,Q,940700,2023Q4,1696118400000
2023-10-01,European Union (EU),Opel/Vauxhall,UNITS,Q,76221,2023Q4,1696118400000
2023-10-01,European Union (EU),Opel/Vauxhall,YTD,Q,940700,2023Q4,1696118400000
2023-10-01,European Union (EU),Peugeot,TTM,Q,1545524,2023Q4,1696118400000
2023-10-01,European Union (EU),Peugeot,UNITS,Q,117760,2023Q4,1696118400000
2023-10-01,European Union (EU),Peugeot,YTD,Q,1545524,2023Q4,1696118400000
2023-10-01,European Union (EU),Porsche,TTM,Q,183097,2023Q4,1696118400000
2023-10-01,European Union (EU),Porsche,UNITS,Q,16435,2023Q4,1696118400000
2023-10-01,European Union (EU),Porsche,YTD,Q,183097,2023Q4,1696118400000
2023-10-01,European Union (EU),Renault,TTM,Q,1652573,2023Q4,1696118400000
2023-10-01,European Union (EU),Renault,UNITS,Q,162165,2023Q4,1696118400000
2023-10-01,European Union (EU),Renault,YTD,Q,1652573,2023Q4,1696118400000
2023-10-01,European Union (EU),Renault Group,TTM,Q,2994296,2023Q4,1696118400000
2023-10-01,European Union (EU),Renault Group,UNITS,Q,292430,2023Q4,1696118400000
2023-10-01,European Union (EU),Renault Group,YTD,Q,2994296,2023Q4,1696118400000
2023-10-01,European Union (EU),SAIC Motor,TTM,Q,375791,2023Q4,1696118400000
2023-10-01,European Union (EU),SAIC Motor,UNITS,Q,46504,2023Q4,1696118400000
2023-10-01,European Union (EU),SAIC Motor,YTD,Q,375791,2023Q4,1696118400000
2023-10-01,European Union (EU),Seat,TTM,Q,562122,2023Q4,1696118400000
2023-10-01,European Union (EU),Seat,UNITS,Q,46582,2023Q4,1696118400000
2023-10-01,European Union (EU),Seat,YTD,Q,562122,2023Q4,1696118400000
2023-10-01,European Union (EU),Skoda,TTM,Q,1511069,2023Q4,1696118400000
2023-10-01,European Union (EU),Skoda,UNITS,Q,146960,2023Q4,1696118400000
2023-10-01,European Union (EU),Skoda,YTD,Q,1511069,2023Q4,1696118400000
2023-10-01,European Union (EU),Smart,TTM,Q,65434,2023Q4,1696118400000
2023-10-01,European Union (EU),Smart,UNITS,Q,7696,2023Q4,1696118400000
2023-10-01,European Union (EU),Smart,YTD,Q,65434,2023Q4,1696118400000
2023-10-01,European Union (EU),Stellantis,TTM,Q,5066909,2023Q4,1696118400000
2023-10-01,European Union (EU),Stellantis,UNITS,Q,415964,2023Q4,1696118400000
2023-10-01,European Union (EU),Stellantis,YTD,Q,5066909,2023Q4,1696118400000
2023-10-01,European Union (EU),Suzuki,TTM,Q,410650,2023Q4,1696118400000
2023-10-01,European Union (EU),Suzuki,UNITS,Q,40443,2023Q4,1696118400000
2023-10-01,European Union (EU),Suzuki,YTD,Q,410650,2023Q4,1696118400000
2023-10-01,European Union (EU),Tesla,TTM,Q,770562,2023Q4,1696118400000
2023-10-01,European Union (EU),Tesla,UNITS,Q,76119,2023Q4,1696118400000
2023-10-01,European Union (EU),Tesla,YTD,Q,770562,2023Q4,1696118400000
2023-10-01,European Union (EU),Toyota,TTM,Q,1763026,2023Q4,1696118400000
2023-10-01,European Union (EU),Toyota,UNITS,Q,173123,2023Q4,1696118400000
2023-10-01,European Union (EU),Toyota,YTD,Q,1763026,2023Q4,1696118400000
2023-10-01,European Union (EU),Toyota Group,TTM,Q,1867022,2023Q4,1696118400000
2023-10-01,European Union (EU),Toyota Group,UNITS,Q,184340,2023Q4,1696118400000
2023-10-01,European Union (EU),Toyota Group,YTD,Q,1867022,2023Q4,1696118400000
2023-10-01,European Union (EU),Volkswagen,TTM,Q,2982349,2023Q4,1696118400000
2023-10-01,European Union (EU),Volkswagen,UNITS,Q,276089,2023Q4,1696118400000
2023-10-01,European Union (EU),Volkswagen,YTD,Q,2982349,2023Q4,1696118400000
2023-10-01,European Union (EU),Volkswagen Group,TTM,Q,7219069,2023Q4,1696118400000
2023-10-01,European Union (EU),Volkswagen Group,UNITS,Q,671965,2023Q4,1696118400000
2023-10-01,European Union (EU),Volkswagen Group,YTD,Q,7219069,2023Q4,1696118400000
2023-10-01,European Union (EU),Volvo Cars,TTM,Q,569686,2023Q4,1696118400000
2023-10-01,European Union (EU),Volvo Cars,UNITS,Q,64464,2023Q4,1696118400000
2023-10-01,European Union (EU),Volvo Cars,YTD,Q,569686,2023Q4,1696118400000
2024-01-01,EU + EFTA + UK,Alfa Romeo,TTM,Q,179214,2024Q1,1704067200000
2024-01-01,EU + EFTA + UK,Alfa Romeo,UNITS,Q,12594,2024Q1,1704067200000
2024-01-01,EU + EFTA + UK,Alfa Romeo,YTD,Q,24099,2024Q1,1704067200000
2024-01-01,EU + EFTA + UK,Alpine,TTM,Q,16730,2024Q1,1704067200000
2024-01-01,EU + EFTA + UK,Alpine,UNITS,Q,977,2024Q1,1704067200000
2024-01-01,EU + EFTA + UK,Alpine,YTD,Q,1699,2024Q1,1704067200000
2024-01-01,EU + EFTA + UK,Audi,TTM,Q,2442937,2024Q1,1704067200000
2024-01-01,EU + EFTA + UK,Audi,UNITS,Q,164255,2024Q1,1704067200000
2024-01-01,EU + EFTA + UK,Audi,YTD,Q,316910,2024Q1,1704067200000
2024-01-01,EU + EFTA + UK,BMW,TTM,Q,2414497,2024Q1,1704067200000
2024-01-01,EU + EFTA + UK,BMW,UNITS,Q,196493,2024Q1,1704067200000
2024-01-01,EU + EFTA + UK,BMW,YTD,Q,373186,2024Q1,1704067200000
2024-01-01,EU + EFTA + UK,BMW Group,TTM,Q,3030446,2024Q1,1704067200000
2024-01-01,EU + EFTA + UK,BMW Group,UNITS,Q,235353,2024Q1,1704067200000
2024-01-01,EU + EFTA + UK,BMW Group,YTD,Q,445805,2024Q1,1704067200000
2024-01-01,EU + EFTA + UK,Citroen,TTM,Q,1269313,2024Q1,1704067200000
2024-01-01,EU + EFTA + UK,Citroen,UNITS,Q,114805,2024Q1,1704067200000
2024-01-01,EU + EFTA + UK,Citroen,YTD,Q,216782,2024Q1,1704067200000
2024-01-01,EU + EFTA + UK,Cupra,TTM,Q,664821,2024Q1,1704067200000
2024-01-01,EU + EFTA + UK,Cupra,UNITS,Q,49143,2024Q1,1704067200000
2024-01-01,EU + EFTA + UK,Cupra,YTD,Q,91181,2024Q1,1704067200000
2024-01-01,EU + EFTA + UK,DS,TTM,Q,173593,2024Q1,1704067200000
2024-01-01,EU + EFTA + UK,DS,UNITS,Q,11535,2024Q1,1704067200000
2024-01-01,EU + EFTA + UK,DS,YTD,Q,22508,2024Q1,1704067200000
2024-01-01,EU + EFTA + UK,Dacia,TTM,Q,1897227,2024Q1,1704067200000
2024-01-01,EU + EFTA + UK,Dacia,UNITS,Q,151486,2024Q1,1704067200000
2024-01-01,EU + EFTA + UK,Dacia,YTD,Q,301650,2024Q1,1704067200000
2024-01-01,EU + EFTA + UK,Fiat,TTM,Q,1235320,2024Q1,1704067200000
2024-01-01,EU + EFTA + UK,Fiat,UNITS,Q,101332,2024Q1,1704067200000
2024-01-01,EU + EFTA + UK,Fiat,YTD,Q,194748,2024Q1,1704067200000
2024-01-01,EU + EFTA + UK,Ford,TTM,Q,1724353,2024Q1,1704067200000
2024-01-01,EU + EFTA + UK,Ford,UNITS,Q,116901,2024Q1,1704067200000
2024-01-01,EU + EFTA + UK,Ford,YTD,Q,221487,2024Q1,1704067200000
2024-01-01,EU + EFTA + UK,Honda,TTM,Q,195489,2024Q1,1704067200000
2024-01-01,EU + EFTA + UK,Honda,UNITS,Q,24130,2024Q1,1704067200000
2024-01-01,EU + EFTA + UK,Honda,YTD,Q,41471,2024Q1,1704067200000
2024-01-01,EU + EFTA + UK,Hyundai,TTM,Q,1777480,2024Q1,1704067200000
2024-01-01,EU + EFTA + UK,Hyundai,UNITS,Q,135132,2024Q1,1704067200000
2024-01-01,EU + EFTA + UK,Hyundai,YTD,Q,258831,2024Q1,1704067200000
2024-01-01,EU + EFTA + UK,Hyundai Group,TTM,Q,3644166,2024Q1,1704067200000
2024-01-01,EU + EFTA + UK,Hyundai Group,UNITS,Q,278283,2024Q1,1704067200000
2024-01-01,EU + EFTA + UK,Hyundai Group,YTD,Q,530535,2024Q1,1704067200000
2024-01-01,EU + EFTA + UK,Jaguar,TTM,Q,90198,2024Q1,1704067200000
2024-01-01,EU + EFTA + UK,Jaguar,UNITS,Q,8677,2024Q1,1704067200000
2024-01-01,EU + EFTA + UK,Jaguar,YTD,Q,13699,2024Q1,1704067200000
2024-01-01,EU + EFTA + UK,Jaguar Land Rover Group,TTM,Q,505342,2024Q1,1704067200000
2024-01-01,EU + EFTA + UK,Jaguar Land Rover Group,UNITS,Q,44936,2024Q1,1704067200000
2024-01-01,EU + EFTA + UK,Jaguar Land Rover Group,YTD,Q,77368,2024Q1,1704067200000
2024-01-01,EU + EFTA + UK,Jeep,TTM,Q,421194,2024Q1,1704067200000
2024-01-01,EU + EFTA + UK,Jeep,UNITS,Q,37007,2024Q1,1704067200000
2024-01-01,EU + EFTA + UK,Jeep,YTD,Q,72586,2024Q1,1704067200000
2024-01-01,EU + EFTA + UK,Kia,TTM,Q,1866686,2024Q1,1704067200000
2024-01-01,EU + EFTA + UK,Kia,UNITS,Q,143151,2024Q1,1704067200000
2024-01-01,EU + EFTA + UK,Kia,YTD,Q,271704,2024Q1,1704067200000
2024-01-01,EU + EFTA + UK,Lancia/Chrysler,TTM,Q,157429,2024Q1,1704067200000
2024-01-01,EU + EFTA + UK,Lancia/Chrysler,UNITS,Q,12988,2024Q1,1704067200000
2024-01-01,EU + EFTA + UK,Lancia/Chrysler,YTD,Q,25012,2024Q1,1704067200000
2024-01-01,EU + EFTA + UK,Land Rover,TTM,Q,415144,2024Q1,1704067200000
2024-01-01,EU + EFTA + UK,Land Rover,UNITS,Q,36259,2024Q1,1704067200000
2024-01-01,EU + EFTA + UK,Land Rover,YTD,Q,63669,2024Q1,1704067200000
2024-01-01,EU + EFTA + UK,Lexus,TTM,Q,209326,2024Q1,1704067200000
2024-01-01,EU + EFTA + UK,Lexus,UNITS,Q,17104,2024Q1,1704067200000
2024-01-01,EU + EFTA + UK,Lexus,YTD,Q,32339,2024Q1,1704067200000
2024-01-01,EU + EFTA + UK,Mazda,TTM,Q,610681,2024Q1,1704067200000
2024-01-01,EU + EFTA + UK,Mazda,UNITS,Q,45152,2024Q1,1704067200000
2024-01-01,EU + EFTA + UK,Mazda,YTD,Q,82675,2024Q1,1704067200000
2024-01-01,EU + EFTA + UK,Mercedes,TTM,Q,2188100,2024Q1,1704067200000
2024-01-01,EU + EFTA + UK,Mercedes,UNITS,Q,167533,2024Q1,1704067200000
2024-01-01,EU + EFTA + UK,Mercedes,YTD,Q,296805,2024Q1,1704067200000
2024-01-01,EU + EFTA + UK,Mercedes-Benz,TTM,Q,2273461,2024Q1,1704067200000
2024-01-01,EU + EFTA + UK,Mercedes-Benz,UNITS,Q,174798,2024Q1,1704067200000
2024-01-01,EU + EFTA + UK,Mercedes-Benz,YTD,Q,310901,2024Q1,1704067200000
2024-01-01,EU + EFTA + UK,Mini,TTM,Q,615949,2024Q1,1704067200000
2024-01-01,EU + EFTA + UK,Mini,UNITS,Q,38860,2024Q1,1704067200000
2024-01-01,EU + EFTA + UK,Mini,YTD,Q,72619,2024Q1,1704067200000
2024-01-01,EU + EFTA + UK,Mitsubishi,TTM,Q,162410,2024Q1,1704067200000
2024-01-01,EU + EFTA + UK,Mitsubishi,UNITS,Q,22334,2024Q1,1704067200000
2024-01-01,EU + EFTA + UK,Mitsubishi,YTD,Q,37993,2024Q1,1704067200000
2024-01-01,EU + EFTA + UK,Nissan,TTM,Q,1040660,2024Q1,1704067200000
2024-01-01,EU + EFTA + UK,Nissan,UNITS,Q,102989,2024Q1,1704067200000
2024-01-01,EU + EFTA + UK,Nissan,YTD,Q,181468,2024Q1,1704067200000
2024-01-01,EU + EFTA + UK,Opel/Vauxhall,TTM,Q,1599009,2024Q1,1704067200000
2024-01-01,EU + EFTA + UK,Opel/Vauxhall,UNITS,Q,122037,2024Q1,1704067200000
2024-01-01,EU + EFTA + UK,Opel/Vauxhall,YTD,Q,234997,2024Q1,1704067200000
2024-01-01,EU + EFTA + UK,Peugeot,TTM,Q,2258003,2024Q1,1704067200000
2024-01-01,EU + EFTA + UK,Peugeot,UNITS,Q,184256,2024Q1,1704067200000
2024-01-01,EU + EFTA + UK,Peugeot,YTD,Q,357130,2024Q1,1704067200000
2024-01-01,EU + EFTA + UK,Porsche,TTM,Q,337607,2024Q1,1704067200000
2024-01-01,EU + EFTA + UK,Porsche,UNITS,Q,31209,2024Q1,1704067200000
2024-01-01,EU + EFTA + UK,Porsche,YTD,Q,58771,2024Q1,1704067200000
2024-01-01,EU + EFTA + UK,Renault,TTM,Q,2434343,2024Q1,1704067200000
2024-01-01,EU + EFTA + UK,Renault,UNITS,Q,160716,2024Q1,1704067200000
2024-01-01,EU + EFTA + UK,Renault,YTD,Q,292277,2024Q1,1704067200000
2024-01-01,EU + EFTA + UK,Renault Group,TTM,Q,4348300,2024Q1,1704067200000
2024-01-01,EU + EFTA + UK,Renault Group,UNITS,Q,313179,2024Q1,1704067200000
2024-01-01,EU + EFTA + UK,Renault Group,YTD,Q,595626,2024Q1,1704067200000
2024-01-01,EU + EFTA + UK,SAIC Motor,TTM,Q,839350,2024Q1,1704067200000
2024-01-01,EU + EFTA + UK,SAIC Motor,UNITS,Q,58800,2024Q1,1704067200000
2024-01-01,EU + EFTA + UK,SAIC Motor,YTD,Q,108218,2024Q1,1704067200000
2024-01-01,EU + EFTA + UK,Seat,TTM,Q,853376,2024Q1,1704067200000
2024-01-01,EU + EFTA + UK,Seat,UNITS,Q,70575,2024Q1,1704067200000
2024-01-01,EU + EFTA + UK,Seat,YTD,Q,132583,2024Q1,1704067200000
2024-01-01,EU + EFTA + UK,Skoda,TTM,Q,2209056,2024Q1,1704067200000
2024-01-01,EU + EFTA + UK,Skoda,UNITS,Q,187205,2024Q1,1704067200000
2024-01-01,EU + EFTA + UK,Skoda,YTD,Q,369233,2024Q1,1704067200000
2024-01-01,EU + EFTA + UK,Smart,TTM,Q,85361,2024Q1,1704067200000
2024-01-01,EU + EFTA + UK,Smart,UNITS,Q,7265,2024Q1,1704067200000
2024-01-01,EU + EFTA + UK,Smart,YTD,Q,14096,2024Q1,1704067200000
2024-01-01,EU + EFTA + UK,Stellantis,TTM,Q,7323575,2024Q1,1704067200000
2024-01-01,EU + EFTA + UK,Stellantis,UNITS,Q,598244,2024Q1,1704067200000
2024-01-01,EU + EFTA + UK,Stellantis,YTD,Q,1151033,2024Q1,1704067200000
2024-01-01,EU + EFTA + UK,Suzuki,TTM,Q,616912,2024Q1,1704067200000
2024-01-01,EU + EFTA + UK,Suzuki,UNITS,Q,58815,2024Q1,1704067200000
2024-01-01,EU + EFTA + UK,Suzuki,YTD,Q,109023,2024Q1,1704067200000
2024-01-01,EU + EFTA + UK,Tesla,TTM,Q,1564622,2024Q1,1704067200000
2024-01-01,EU + EFTA + UK,Tesla,UNITS,Q,86027,2024Q1,1704067200000
2024-01-01,EU + EFTA + UK,Tesla,YTD,Q,150531,2024Q1,1704067200000
2024-01-01,EU + EFTA + UK,Toyota,TTM,Q,2733034,2024Q1,1704067200000
2024-01-01,EU + EFTA + UK,Toyota,UNITS,Q,244240,2024Q1,1704067200000
2024-01-01,EU + EFTA + UK,Toyota,YTD,Q,472357,2024Q1,1704067200000
2024-01-01,EU + EFTA + UK,Toyota Group,TTM,Q,2942360,2024Q1,1704067200000
2024-01-01,EU + EFTA + UK,Toyota Group,UNITS,Q,261344,2024Q1,1704067200000
2024-01-01,EU + EFTA + UK,Toyota Group,YTD,Q,504696,2024Q1,1704067200000
2024-01-01,EU + EFTA + UK,Volkswagen,TTM,Q,4601693,2024Q1,1704067200000
2024-01-01,EU + EFTA + UK,Volkswagen,UNITS,Q,323824,2024Q1,1704067200000
2024-01-01,EU + EFTA + UK,Volkswagen,YTD,Q,614020,2024Q1,1704067200000
2024-01-01,EU + EFTA + UK,Volkswagen Group,TTM,Q,11140925,2024Q1,1704067200000
2024-01-01,EU + EFTA + UK,Volkswagen Group,UNITS,Q,828384,2024Q1,1704067200000
2024-01-01,EU + EFTA + UK,Volkswagen Group,YTD,Q,1586711,2024Q1,1704067200000
2024-01-01,EU + EFTA + UK,Volvo Cars,TTM,Q,984266,2024Q1,1704067200000
2024-01-01,EU + EFTA + UK,Volvo Cars,UNITS,Q,92206,2024Q1,1704067200000
2024-01-01,EU + EFTA + UK,Volvo Cars,YTD,Q,171751,2024Q1,1704067200000
2024-01-01,European Union (EU),Alfa Romeo,TTM,Q,149290,2024Q1,1704067200000
2024-01-01,European Union (EU),Alfa Romeo,UNITS,Q,12017,2024Q1,1704067200000
2024-01-01,European Union (EU),Alfa Romeo,YTD,Q,23055,2024Q1,1704067200000
2024-01-01,European Union (EU),Alpine,TTM,Q,11928,2024Q1,1704067200000
2024-01-01,European Union (EU),Alpine,UNITS,Q,795,2024Q1,1704067200000
2024-01-01,European Union (EU),Alpine,YTD,Q,1401,2024Q1,1704067200000
2024-01-01,European Union (EU),Audi,TTM,Q,1762640,2024Q1,1704067200000
2024-01-01,European Union (EU),Audi,UNITS,Q,127375,2024Q1,1704067200000
2024-01-01,European Union (EU),Audi,YTD,Q,253151,2024Q1,1704067200000
2024-01-01,European Union (EU),BMW,TTM,Q,1863433,2024Q1,1704067200000
2024-01-01,European Union (EU),BMW,UNITS,Q,153591,2024Q1,1704067200000
2024-01-01,European Union (EU),BMW,YTD,Q,297338,2024Q1,1704067200000
2024-01-01,European Union (EU),BMW Group,TTM,Q,2276216,2024Q1,1704067200000
2024-01-01,European Union (EU),BMW Group,UNITS,Q,179069,2024Q1,1704067200000
2024-01-01,European Union (EU),BMW Group,YTD,Q,346039,2024Q1,1704067200000
2024-01-01,European Union (EU),Citroen,TTM,Q,1078740,2024Q1,1704067200000
2024-01-01,European Union (EU),Citroen,UNITS,Q,104616,2024Q1,1704067200000
2024-01-01,European Union (EU),Citroen,YTD,Q,198896,2024Q1,1704067200000
2024-01-01,European Union (EU),Cupra,TTM,Q,533024,2024Q1,1704067200000
2024-01-01,European Union (EU),Cupra,UNITS,Q,40923,2024Q1,1704067200000
2024-01-01,European Union (EU),Cupra,YTD,Q,77226,2024Q1,1704067200000
2024-01-01,European Union (EU),DS,TTM,Q,138504,2024Q1,1704067200000
2024-01-01,European Union (EU),DS,UNITS,Q,11082,2024Q1,1704067200000
2024-01-01,European Union (EU),DS,YTD,Q,21672,2024Q1,1704067200000
2024-01-01,European Union (EU),Dacia,TTM,Q,1608996,2024Q1,1704067200000
2024-01-01,European Union (EU),Dacia,UNITS,Q,140987,2024Q1,1704067200000
2024-01-01,European Union (EU),Dacia,YTD,Q,283831,2024Q1,1704067200000
2024-01-01,European Union (EU),Fiat,TTM,Q,1119665,2024Q1,1704067200000
2024-01-01,European Union (EU),Fiat,UNITS,Q,94506,2024Q1,1704067200000
2024-01-01,European Union (EU),Fiat,YTD,Q,183613,2024Q1,1704067200000
2024-01-01,European Union (EU),Ford,TTM,Q,1096230,2024Q1,1704067200000
2024-01-01,European Union (EU),Ford,UNITS,Q,82464,2024Q1,1704067200000
2024-01-01,European Union (EU),Ford,YTD,Q,160047,2024Q1,1704067200000
2024-01-01,European Union (EU),Honda,TTM,Q,115588,2024Q1,1704067200000
2024-01-01,European Union (EU),Honda,UNITS,Q,13228,2024Q1,1704067200000
2024-01-01,European Union (EU),Honda,YTD,Q,27924,2024Q1,1704067200000
2024-01-01,European Union (EU),Hyundai,TTM,Q,1350354,2024Q1,1704067200000
2024-01-01,European Union (EU),Hyundai,UNITS,Q,108337,2024Q1,1704067200000
2024-01-01,European Union (EU),Hyundai,YTD,Q,213248,2024Q1,1704067200000
2024-01-01,European Union (EU),Hyundai Group,TTM,Q,2724626,2024Q1,1704067200000
2024-01-01,European Union (EU),Hyundai Group,UNITS,Q,216367,2024Q1,1704067200000
2024-01-01,European Union (EU),Hyundai Group,YTD,Q,423196,2024Q1,1704067200000
2024-01-01,European Union (EU),Jaguar,TTM,Q,31482,2024Q1,1704067200000
2024-01-01,European Union (EU),Jaguar,UNITS,Q,1859,2024Q1,1704067200000
2024-01-01,European Union (EU),Jaguar,YTD,Q,3435,2024Q1,1704067200000
2024-01-01,European Union (EU),Jaguar Land Rover Group,TTM,Q,215454,2024Q1,1704067200000
2024-01-01,European Union (EU),Jaguar Land Rover Group,UNITS,Q,16779,2024Q1,1704067200000
2024-01-01,European Union (EU),Jaguar Land Rover Group,YTD,Q,32944,2024Q1,1704067200000
2024-01-01,European Union (EU),Jeep,TTM,Q,388236,2024Q1,1704067200000
2024-01-01,European Union (EU),Jeep,UNITS,Q,34035,2024Q1,1704067200000
2024-01-01,European Union (EU),Jeep,YTD,Q,67656,2024Q1,1704067200000
2024-01-01,European Union (EU),Kia,TTM,Q,1374272,2024Q1,1704067200000
2024-01-01,European Union (EU),Kia,UNITS,Q,108030,2024Q1,1704067200000
2024-01-01,European Union (EU),Kia,YTD,Q,209948,2024Q1,1704067200000
2024-01-01,European Union (EU),Lancia/Chrysler,TTM,Q,145954,2024Q1,1704067200000
2024-01-01,European Union (EU),Lancia/Chrysler,UNITS,Q,12988,2024Q1,1704067200000
2024-01-01,European Union (EU),Lancia/Chrysler,YTD,Q,25012,2024Q1,1704067200000
2024-01-01,European Union (EU),Land Rover,TTM,Q,183972,2024Q1,1704067200000
2024-01-01,European Union (EU),Land Rover,UNITS,Q,14920,2024Q1,1704067200000
2024-01-01,European Union (EU),Land Rover,YTD,Q,29509,2024Q1,1704067200000
2024-01-01,European Union (EU),Lexus,TTM,Q,136032,2024Q1,1704067200000
2024-01-01,European Union (EU),Lexus,UNITS,Q,15477,2024Q1,1704067200000
2024-01-01,European Union (EU),Lexus,YTD,Q,28493,2024Q1,1704067200000
2024-01-01,European Union (EU),Mazda,TTM,Q,456428,2024Q1,1704067200000
2024-01-01,European Union (EU),Mazda,UNITS,Q,36393,2024Q1,1704067200000
2024-01-01,European Union (EU),Mazda,YTD,Q,68041,2024Q1,1704067200000
2024-01-01,European Union (EU),Mercedes,TTM,Q,1729724,2024Q1,1704067200000
2024-01-01,European Union (EU),Mercedes,UNITS,Q,134444,2024Q1,1704067200000
2024-01-01,European Union (EU),Mercedes,YTD,Q,246306,2024Q1,1704067200000
2024-01-01,European Union (EU),Mercedes-Benz,TTM,Q,1811138,2024Q1,1704067200000
2024-01-01,European Union (EU),Mercedes-Benz,UNITS,Q,141030,2024Q1,1704067200000
2024-01-01,European Union (EU),Mercedes-Benz,YTD,Q,259334,2024Q1,1704067200000
2024-01-01,European Union (EU),Mini,TTM,Q,412783,2024Q1,1704067200000
2024-01-01,European Union (EU),Mini,UNITS,Q,25478,2024Q1,1704067200000
2024-01-01,European Union (EU),Mini,YTD,Q,48701,2024Q1,1704067200000
2024-01-01,European Union (EU),Mitsubishi,TTM,Q,143852,2024Q1,1704067200000
2024-01-01,European Union (EU),Mitsubishi,UNITS,Q,21486,2024Q1,1704067200000
2024-01-01,European Union (EU),Mitsubishi,YTD,Q,36472,2024Q1,1704067200000
2024-01-01,European Union (EU),Nissan,TTM,Q,656067,2024Q1,1704067200000
2024-01-01,European Union (EU),Nissan,UNITS,Q,67401,2024Q1,1704067200000
2024-01-01,European Union (EU),Nissan,YTD,Q,122637,2024Q1,1704067200000
2024-01-01,European Union (EU),Opel/Vauxhall,TTM,Q,1099546,2024Q1,1704067200000
2024-01-01,European Union (EU),Opel/Vauxhall,UNITS,Q,92219,2024Q1,1704067200000
2024-01-01,European Union (EU),Opel/Vauxhall,YTD,Q,182422,2024Q1,1704067200000
2024-01-01,European Union (EU),Peugeot,TTM,Q,1801459,2024Q1,1704067200000
2024-01-01,European Union (EU),Peugeot,UNITS,Q,161343,2024Q1,1704067200000
2024-01-01,European Union (EU),Peugeot,YTD,Q,317117,2024Q1,1704067200000
2024-01-01,European Union (EU),Porsche,TTM,Q,225845,2024Q1,1704067200000
2024-01-01,European Union (EU),Porsche,UNITS,Q,24674,2024Q1,1704067200000
2024-01-01,European Union (EU),Porsche,YTD,Q,47725,2024Q1,1704067200000
2024-01-01,European Union (EU),Renault,TTM,Q,1939191,2024Q1,1704067200000
2024-01-01,European Union (EU),Renault,UNITS,Q,144144,2024Q1,1704067200000
2024-01-01,European Union (EU),Renault,YTD,Q,264443,2024Q1,1704067200000
2024-01-01,European Union (EU),Renault Group,TTM,Q,3560115,2024Q1,1704067200000
2024-01-01,European Union (EU),Renault Group,UNITS,Q,285926,2024Q1,1704067200000
2024-01-01,European Union (EU),Renault Group,YTD,Q,549675,2024Q1,1704067200000
2024-01-01,European Union (EU),SAIC Motor,TTM,Q,471320,2024Q1,1704067200000
2024-01-01,European Union (EU),SAIC Motor,UNITS,Q,34471,2024Q1,1704067200000
2024-01-01,European Union (EU),SAIC Motor,YTD,Q,65950,2024Q1,1704067200000
2024-01-01,European Union (EU),Seat,TTM,Q,663199,2024Q1,1704067200000
2024-01-01,European Union (EU),Seat,UNITS,Q,58448,2024Q1,1704067200000
2024-01-01,European Union (EU),Seat,YTD,Q,111835,2024Q1,1704067200000
2024-01-01,European Union (EU),Skoda,TTM,Q,1836907,2024Q1,1704067200000
2024-01-01,European Union (EU),Skoda,UNITS,Q,163116,2024Q1,1704067200000
2024-01-01,European Union (EU),Skoda,YTD,Q,326556,2024Q1,1704067200000
2024-01-01,European Union (EU),Smart,TTM,Q,81414,2024Q1,1704067200000
2024-01-01,European Union (EU),Smart,UNITS,Q,6586,2024Q1,1704067200000
2024-01-01,European Union (EU),Smart,YTD,Q,13028,2024Q1,1704067200000
2024-01-01,European Union (EU),Stellantis,TTM,Q,5943524,2024Q1,1704067200000
2024-01-01,European Union (EU),Stellantis,UNITS,Q,524248,2024Q1,1704067200000
2024-01-01,European Union (EU),Stellantis,YTD,Q,1022172,2024Q1,1704067200000
2024-01-01,European Union (EU),Suzuki,TTM,Q,508808,2024Q1,1704067200000
2024-01-01,European Union (EU),Suzuki,UNITS,Q,49916,2024Q1,1704067200000
2024-01-01,European Union (EU),Suzuki,YTD,Q,95110,2024Q1,1704067200000
2024-01-01,European Union (EU),Tesla,TTM,Q,901061,2024Q1,1704067200000
2024-01-01,European Union (EU),Tesla,UNITS,Q,65774,2024Q1,1704067200000
2024-01-01,European Union (EU),Tesla,YTD,Q,118215,2024Q1,1704067200000
2024-01-01,European Union (EU),Toyota,TTM,Q,2191447,2024Q1,1704067200000
2024-01-01,European Union (EU),Toyota,UNITS,Q,229208,2024Q1,1704067200000
2024-01-01,European Union (EU),Toyota,YTD,Q,437190,2024Q1,1704067200000
2024-01-01,European Union (EU),Toyota Group,TTM,Q,2327479,2024Q1,1704067200000
2024-01-01,European Union (EU),Toyota Group,UNITS,Q,244685,2024Q1,1704067200000
2024-01-01,European Union (EU),Toyota Group,YTD,Q,465683,2024Q1,1704067200000
2024-01-01,European Union (EU),Volkswagen,TTM,Q,3518728,2024Q1,1704067200000
2024-01-01,European Union (EU),Volkswagen,UNITS,Q,274785,2024Q1,1704067200000
2024-01-01,European Union (EU),Volkswagen,YTD,Q,528355,2024Q1,1704067200000
2024-01-01,European Union (EU),Volkswagen Group,TTM,Q,8559576,2024Q1,1704067200000
2024-01-01,European Union (EU),Volkswagen Group,UNITS,Q,690870,2024Q1,1704067200000
2024-01-01,European Union (EU),Volkswagen Group,YTD,Q,1347787,2024Q1,1704067200000
2024-01-01,European Union (EU),Volvo Cars,TTM,Q,726892,2024Q1,1704067200000
2024-01-01,European Union (EU),Volvo Cars,UNITS,Q,75016,2024Q1,1704067200000
2024-01-01,European Union (EU),Volvo Cars,YTD,Q,141408,2024Q1,1704067200000
2024-04-01,EU + EFTA + UK,Alfa Romeo,TTM,Q,171142,2024Q2,1711929600000
2024-04-01,EU + EFTA + UK,Alfa Romeo,UNITS,Q,12250,2024Q2,1711929600000
2024-04-01,EU + EFTA + UK,Alfa Romeo,YTD,Q,62600,2024Q2,1711929600000
2024-04-01,EU + EFTA + UK,Alpine,TTM,Q,18137,2024Q2,1711929600000
2024-04-01,EU + EFTA + UK,Alpine,UNITS,Q,1589,2024Q2,1711929600000
2024-04-01,EU + EFTA + UK,Alpine,YTD,Q,5672,2024Q2,1711929600000
2024-04-01,EU + EFTA + UK,Audi,TTM,Q,2310051,2024Q2,1711929600000
2024-04-01,EU + EFTA + UK,Audi,UNITS,Q,180749,2024Q2,1711929600000
2024-04-01,EU + EFTA + UK,Audi,YTD,Q,844930,2024Q2,1711929600000
2024-04-01,EU + EFTA + UK,BMW,TTM,Q,2404262,2024Q2,1711929600000
2024-04-01,EU + EFTA + UK,BMW,UNITS,Q,201674,2024Q2,1711929600000
2024-04-01,EU + EFTA + UK,BMW,YTD,Q,987526,2024Q2,1711929600000
2024-04-01,EU + EFTA + UK,BMW Group,TTM,Q,2946136,2024Q2,1711929600000
2024-04-01,EU + EFTA + UK,BMW Group,UNITS,Q,231968,2024Q2,1711929600000
2024-04-01,EU + EFTA + UK,BMW Group,YTD,Q,1162315,2024Q2,1711929600000
2024-04-01,EU + EFTA + UK,Citroen,TTM,Q,1244751,2024Q2,1711929600000
2024-04-01,EU + EFTA + UK,Citroen,UNITS,Q,108689,2024Q2,1711929600000
2024-04-01,EU + EFTA + UK,Citroen,YTD,Q,551457,2024Q2,1711929600000
2024-04-01,EU + EFTA + UK,Cupra,TTM,Q,675720,2024Q2,1711929600000
2024-04-01,EU + EFTA + UK,Cupra,UNITS,Q,64129,2024Q2,1711929600000
2024-04-01,EU + EFTA + UK,Cupra,YTD,Q,267342,2024Q2,1711929600000
2024-04-01,EU + EFTA + UK,DS,TTM,Q,157217,2024Q2,1711929600000
2024-04-01,EU + EFTA + UK,DS,UNITS,Q,9913,2024Q2,1711929600000
2024-04-01,EU + EFTA + UK,DS,YTD,Q,53898,2024Q2,1711929600000
2024-04-01,EU + EFTA + UK,Dacia,TTM,Q,1881133,2024Q2,1711929600000
2024-04-01,EU + EFTA + UK,Dacia,UNITS,Q,154198,2024Q2,1711929600000
2024-04-01,EU + EFTA + UK,Dacia,YTD,Q,752609,2024Q2,1711929600000
2024-04-01,EU + EFTA + UK,Fiat,TTM,Q,1192844,2024Q2,1711929600000
2024-04-01,EU + EFTA + UK,Fiat,UNITS,Q,95804,2024Q2,1711929600000
2024-04-01,EU + EFTA + UK,Fiat,YTD,Q,486938,2024Q2,1711929600000
2024-04-01,EU + EFTA + UK,Ford,TTM,Q,1582920,2024Q2,1711929600000
2024-04-01,EU + EFTA + UK,Ford,UNITS,Q,109654,2024Q2,1711929600000
2024-04-01,EU + EFTA + UK,Ford,YTD,Q,567791,2024Q2,1711929600000
2024-04-01,EU + EFTA + UK,Honda,TTM,Q,205742,2024Q2,1711929600000
2024-04-01,EU + EFTA + UK,Honda,UNITS,Q,17179,2024Q2,1711929600000
2024-04-01,EU + EFTA + UK,Honda,YTD,Q,106563,2024Q2,1711929600000
2024-04-01,EU + EFTA + UK,Hyundai,TTM,Q,1748993,2024Q2,1711929600000
2024-04-01,EU + EFTA + UK,Hyundai,UNITS,Q,146852,2024Q2,1711929600000
2024-04-01,EU + EFTA + UK,Hyundai,YTD,Q,692487,2024Q2,1711929600000
2024-04-01,EU + EFTA + UK,Hyundai Group,TTM,Q,3535280,2024Q2,1711929600000
2024-04-01,EU + EFTA + UK,Hyundai Group,UNITS,Q,286045,2024Q2,1711929600000
2024-04-01,EU + EFTA + UK,Hyundai Group,YTD,Q,1396118,2024Q2,1711929600000
2024-04-01,EU + EFTA + UK,Jaguar,TTM,Q,89447,2024Q2,1711929600000
2024-04-01,EU + EFTA + UK,Jaguar,UNITS,Q,5662,2024Q2,1711929600000
2024-04-01,EU + EFTA + UK,Jaguar,YTD,Q,37497,2024Q2,1711929600000
2024-04-01,EU + EFTA + UK,Jaguar Land Rover Group,TTM,Q,488140,2024Q2,1711929600000
2024-04-01,EU + EFTA + UK,Jaguar Land Rover Group,UNITS,Q,38503,2024Q2,1711929600000
2024-04-01,EU + EFTA + UK,Jaguar Land Rover Group,YTD,Q,210645,2024Q2,1711929600000
2024-04-01,EU + EFTA + UK,Jeep,TTM,Q,418721,2024Q2,1711929600000
2024-04-01,EU + EFTA + UK,Jeep,UNITS,Q,33824,2024Q2,1711929600000
2024-04-01,EU + EFTA + UK,Jeep,YTD,Q,176743,2024Q2,1711929600000
2024-04-01,EU + EFTA + UK,Kia,TTM,Q,1786287,2024Q2,1711929600000
2024-04-01,EU + EFTA + UK,Kia,UNITS,Q,139193,2024Q2,1711929600000
2024-04-01,EU + EFTA + UK,Kia,YTD,Q,703631,2024Q2,1711929600000
2024-04-01,EU + EFTA + UK,Lancia/Chrysler,TTM,Q,152895,2024Q2,1711929600000
2024-04-01,EU + EFTA + UK,Lancia/Chrysler,UNITS,Q,11846,2024Q2,1711929600000
2024-04-01,EU + EFTA + UK,Lancia/Chrysler,YTD,Q,62297,2024Q2,1711929600000
2024-04-01,EU + EFTA + UK,Land Rover,TTM,Q,398693,2024Q2,1711929600000
2024-04-01,EU + EFTA + UK,Land Rover,UNITS,Q,32841,2024Q2,1711929600000
2024-04-01,EU + EFTA + UK,Land Rover,YTD,Q,173148,2024Q2,1711929600000
2024-04-01,EU + EFTA + UK,Lexus,TTM,Q,222048,2024Q2,1711929600000
2024-04-01,EU + EFTA + UK,Lexus,UNITS,Q,19245,2024Q2,1711929600000
2024-04-01,EU + EFTA + UK,Lexus,YTD,Q,88663,2024Q2,1711929600000
2024-04-01,EU + EFTA + UK,Mazda,TTM,Q,579327,2024Q2,1711929600000
2024-04-01,EU + EFTA + UK,Mazda,UNITS,Q,48213,2024Q2,1711929600000
2024-04-01,EU + EFTA + UK,Mazda,YTD,Q,226602,2024Q2,1711929600000
2024-04-01,EU + EFTA + UK,Mercedes,TTM,Q,2117200,2024Q2,1711929600000
2024-04-01,EU + EFTA + UK,Mercedes,UNITS,Q,166641,2024Q2,1711929600000
2024-04-01,EU + EFTA + UK,Mercedes,YTD,Q,826301,2024Q2,1711929600000
2024-04-01,EU + EFTA + UK,Mercedes-Benz,TTM,Q,2205119,2024Q2,1711929600000
2024-04-01,EU + EFTA + UK,Mercedes-Benz,UNITS,Q,174859,2024Q2,1711929600000
2024-04-01,EU + EFTA + UK,Mercedes-Benz,YTD,Q,864063,2024Q2,1711929600000
2024-04-01,EU + EFTA + UK,Mini,TTM,Q,541874,2024Q2,1711929600000
2024-04-01,EU + EFTA + UK,Mini,UNITS,Q,30294,2024Q2,1711929600000
2024-04-01,EU + EFTA + UK,Mini,YTD,Q,174789,2024Q2,1711929600000
2024-04-01,EU + EFTA + UK,Mitsubishi,TTM,Q,185808,2024Q2,1711929600000
2024-04-01,EU + EFTA + UK,Mitsubishi,UNITS,Q,15314,2024Q2,1711929600000
2024-04-01,EU + EFTA + UK,Mitsubishi,YTD,Q,94700,2024Q2,1711929600000
2024-04-01,EU + EFTA + UK,Nissan,TTM,Q,1000447,2024Q2,1711929600000
2024-04-01,EU + EFTA + UK,Nissan,UNITS,Q,73324,2024Q2,1711929600000
2024-04-01,EU + EFTA + UK,Nissan,YTD,Q,447447,2024Q2,1711929600000
2024-04-01,EU + EFTA + UK,Opel/Vauxhall,TTM,Q,1510091,2024Q2,1711929600000
2024-04-01,EU + EFTA + UK,Opel/Vauxhall,UNITS,Q,111573,2024Q2,1711929600000
2024-04-01,EU + EFTA + UK,Opel/Vauxhall,YTD,Q,577275,2024Q2,1711929600000
2024-04-01,EU + EFTA + UK,Peugeot,TTM,Q,2135403,2024Q2,1711929600000
2024-04-01,EU + EFTA + UK,Peugeot,UNITS,Q,161406,2024Q2,1711929600000
2024-04-01,EU + EFTA + UK,Peugeot,YTD,Q,869345,2024Q2,1711929600000
2024-04-01,EU + EFTA + UK,Porsche,TTM,Q,338822,2024Q2,1711929600000
2024-04-01,EU + EFTA + UK,Porsche,UNITS,Q,27202,2024Q2,1711929600000
2024-04-01,EU + EFTA + UK,Porsche,YTD,Q,150278,2024Q2,1711929600000
2024-04-01,EU + EFTA + UK,Renault,TTM,Q,2430491,2024Q2,1711929600000
2024-04-01,EU + EFTA + UK,Renault,UNITS,Q,203041,2024Q2,1711929600000
2024-04-01,EU + EFTA + UK,Renault,YTD,Q,865338,2024Q2,1711929600000
2024-04-01,EU + EFTA + UK,Renault Group,TTM,Q,4329761,2024Q2,1711929600000
2024-04-01,EU + EFTA + UK,Renault Group,UNITS,Q,358828,2024Q2,1711929600000
2024-04-01,EU + EFTA + UK,Renault Group,YTD,Q,1623619,2024Q2,1711929600000
2024-04-01,EU + EFTA + UK,SAIC Motor,TTM,Q,840334,2024Q2,1711929600000
2024-04-01,EU + EFTA + UK,SAIC Motor,UNITS,Q,69990,2024Q2,1711929600000
2024-04-01,EU + EFTA + UK,SAIC Motor,YTD,Q,302200,2024Q2,1711929600000
2024-04-01,EU + EFTA + UK,Seat,TTM,Q,860312,2024Q2,1711929600000
2024-04-01,EU + EFTA + UK,Seat,UNITS,Q,80058,2024Q2,1711929600000
2024-04-01,EU + EFTA + UK,Seat,YTD,Q,367883,2024Q2,1711929600000
2024-04-01,EU + EFTA + UK,Skoda,TTM,Q,2220688,2024Q2,1711929600000
2024-04-01,EU + EFTA + UK,Skoda,UNITS,Q,193808,2024Q2,1711929600000
2024-04-01,EU + EFTA + UK,Skoda,YTD,Q,941623,2024Q2,1711929600000
2024-04-01,EU + EFTA + UK,Smart,TTM,Q,87919,2024Q2,1711929600000
2024-04-01,EU + EFTA + UK,Smart,UNITS,Q,8218,2024Q2,1711929600000
2024-04-01,EU + EFTA + UK,Smart,YTD,Q,37762,2024Q2,1711929600000
2024-04-01,EU + EFTA + UK,Stellantis,TTM,Q,7010161,2024Q2,1711929600000
2024-04-01,EU + EFTA + UK,Stellantis,UNITS,Q,547016,2024Q2,1711929600000
2024-04-01,EU + EFTA + UK,Stellantis,YTD,Q,2849095,2024Q2,1711929600000
2024-04-01,EU + EFTA + UK,Suzuki,TTM,Q,632624,2024Q2,1711929600000
2024-04-01,EU + EFTA + UK,Suzuki,UNITS,Q,56668,2024Q2,1711929600000
2024-04-01,EU + EFTA + UK,Suzuki,YTD,Q,285910,2024Q2,1711929600000
2024-04-01,EU + EFTA + UK,Tesla,TTM,Q,1358332,2024Q2,1711929600000
2024-04-01,EU + EFTA + UK,Tesla,UNITS,Q,78423,2024Q2,1711929600000
2024-04-01,EU + EFTA + UK,Tesla,YTD,Q,384068,2024Q2,1711929600000
2024-04-01,EU + EFTA + UK,Toyota,TTM,Q,2751030,2024Q2,1711929600000
2024-04-01,EU + EFTA + UK,Toyota,UNITS,Q,239962,2024Q2,1711929600000
2024-04-01,EU + EFTA + UK,Toyota,YTD,Q,1205531,2024Q2,1711929600000
2024-04-01,EU + EFTA + UK,Toyota Group,TTM,Q,2973078,2024Q2,1711929600000
2024-04-01,EU + EFTA + UK,Toyota Group,UNITS,Q,259207,2024Q2,1711929600000
2024-04-01,EU + EFTA + UK,Toyota Group,YTD,Q,1294194,2024Q2,1711929600000
2024-04-01,EU + EFTA + UK,Volkswagen,TTM,Q,4552948,2024Q2,1711929600000
2024-04-01,EU + EFTA + UK,Volkswagen,UNITS,Q,389632,2024Q2,1711929600000
2024-04-01,EU + EFTA + UK,Volkswagen,YTD,Q,1729399,2024Q2,1711929600000
2024-04-01,EU + EFTA + UK,Volkswagen Group,TTM,Q,10988144,2024Q2,1711929600000
2024-04-01,EU + EFTA + UK,Volkswagen Group,UNITS,Q,938123,2024Q2,1711929600000
2024-04-01,EU + EFTA + UK,Volkswagen Group,YTD,Q,4312881,2024Q2,1711929600000
2024-04-01,EU + EFTA + UK,Volvo Cars,TTM,Q,1047976,2024Q2,1711929600000
2024-04-01,EU + EFTA + UK,Volvo Cars,UNITS,Q,102739,2024Q2,1711929600000
2024-04-01,EU + EFTA + UK,Volvo Cars,YTD,Q,481314,2024Q2,1711929600000
2024-04-01,European Union (EU),Alfa Romeo,TTM,Q,144179,2024Q2,1711929600000
2024-04-01,European Union (EU),Alfa Romeo,UNITS,Q,12174,2024Q2,1711929600000
2024-04-01,European Union (EU),Alfa Romeo,YTD,Q,61525,2024Q2,1711929600000
2024-04-01,European Union (EU),Alpine,TTM,Q,13296,2024Q2,1711929600000
2024-04-01,European Union (EU),Alpine,UNITS,Q,1481,2024Q2,1711929600000
2024-04-01,European Union (EU),Alpine,YTD,Q,4900,2024Q2,1711929600000
2024-04-01,European Union (EU),Audi,TTM,Q,1666046,2024Q2,1711929600000
2024-04-01,European Union (EU),Audi,UNITS,Q,142517,2024Q2,1711929600000
2024-04-01,European Union (EU),Audi,YTD,Q,660683,2024Q2,1711929600000
2024-04-01,European Union (EU),BMW,TTM,Q,1863599,2024Q2,1711929600000
2024-04-01,European Union (EU),BMW,UNITS,Q,165026,2024Q2,1711929600000
2024-04-01,European Union (EU),BMW,YTD,Q,794206,2024Q2,1711929600000
2024-04-01,European Union (EU),BMW Group,TTM,Q,2231374,2024Q2,1711929600000
2024-04-01,European Union (EU),BMW Group,UNITS,Q,188805,2024Q2,1711929600000
2024-04-01,European Union (EU),BMW Group,YTD,Q,920350,2024Q2,1711929600000
2024-04-01,European Union (EU),Citroen,TTM,Q,1095171,2024Q2,1711929600000
2024-04-01,European Union (EU),Citroen,UNITS,Q,111190,2024Q2,1711929600000
2024-04-01,European Union (EU),Citroen,YTD,Q,535867,2024Q2,1711929600000
2024-04-01,European Union (EU),Cupra,TTM,Q,546345,2024Q2,1711929600000
2024-04-01,European Union (EU),Cupra,UNITS,Q,56095,2024Q2,1711929600000
2024-04-01,European Union (EU),Cupra,YTD,Q,227919,2024Q2,1711929600000
2024-04-01,European Union (EU),DS,TTM,Q,127177,2024Q2,1711929600000
2024-04-01,European Union (EU),DS,UNITS,Q,10539,2024Q2,1711929600000
2024-04-01,European Union (EU),DS,YTD,Q,54722,2024Q2,1711929600000
2024-04-01,European Union (EU),Dacia,TTM,Q,1597844,2024Q2,1711929600000
2024-04-01,European Union (EU),Dacia,UNITS,Q,144031,2024Q2,1711929600000
2024-04-01,European Union (EU),Dacia,YTD,Q,701548,2024Q2,1711929600000
2024-04-01,European Union (EU),Fiat,TTM,Q,1101688,2024Q2,1711929600000
2024-04-01,European Union (EU),Fiat,UNITS,Q,97367,2024Q2,1711929600000
2024-04-01,European Union (EU),Fiat,YTD,Q,475072,2024Q2,1711929600000
2024-04-01,European Union (EU),Ford,TTM,Q,1027278,2024Q2,1711929600000
2024-04-01,European Union (EU),Ford,UNITS,Q,86595,2024Q2,1711929600000
2024-04-01,European Union (EU),Ford,YTD,Q,421888,2024Q2,1711929600000
2024-04-01,European Union (EU),Honda,TTM,Q,127369,2024Q2,1711929600000
2024-04-01,European Union (EU),Honda,UNITS,Q,10780,2024Q2,1711929600000
2024-04-01,European Union (EU),Honda,YTD,Q,61935,2024Q2,1711929600000
2024-04-01,European Union (EU),Hyundai,TTM,Q,1340738,2024Q2,1711929600000
2024-04-01,European Union (EU),Hyundai,UNITS,Q,118595,2024Q2,1711929600000
2024-04-01,European Union (EU),Hyundai,YTD,Q,557996,2024Q2,1711929600000
2024-04-01,European Union (EU),Hyundai Group,TTM,Q,2685403,2024Q2,1711929600000
2024-04-01,European Union (EU),Hyundai Group,UNITS,Q,231765,2024Q2,1711929600000
2024-04-01,European Union (EU),Hyundai Group,YTD,Q,1110787,2024Q2,1711929600000
2024-04-01,European Union (EU),Jaguar,TTM,Q,27642,2024Q2,1711929600000
2024-04-01,European Union (EU),Jaguar,UNITS,Q,1911,2024Q2,1711929600000
2024-04-01,European Union (EU),Jaguar,YTD,Q,9592,2024Q2,1711929600000
2024-04-01,European Union (EU),Jaguar Land Rover Group,TTM,Q,211311,2024Q2,1711929600000
2024-04-01,European Union (EU),Jaguar Land Rover Group,UNITS,Q,18280,2024Q2,1711929600000
2024-04-01,European Union (EU),Jaguar Land Rover Group,YTD,Q,86702,2024Q2,1711929600000
2024-04-01,European Union (EU),Jeep,TTM,Q,390650,2024Q2,1711929600000
2024-04-01,European Union (EU),Jeep,UNITS,Q,34350,2024Q2,1711929600000
2024-04-01,European Union (EU),Jeep,YTD,Q,171186,2024Q2,1711929600000
2024-04-01,European Union (EU),Kia,TTM,Q,1344665,2024Q2,1711929600000
2024-04-01,European Union (EU),Kia,UNITS,Q,113170,2024Q2,1711929600000
2024-04-01,European Union (EU),Kia,YTD,Q,552791,2024Q2,1711929600000
2024-04-01,European Union (EU),Lancia/Chrysler,TTM,Q,144652,2024Q2,1711929600000
2024-04-01,European Union (EU),Lancia/Chrysler,UNITS,Q,12923,2024Q2,1711929600000
2024-04-01,European Union (EU),Lancia/Chrysler,YTD,Q,65521,2024Q2,1711929600000
2024-04-01,European Union (EU),Land Rover,TTM,Q,183669,2024Q2,1711929600000
2024-04-01,European Union (EU),Land Rover,UNITS,Q,16369,2024Q2,1711929600000
2024-04-01,European Union (EU),Land Rover,YTD,Q,77110,2024Q2,1711929600000
2024-04-01,European Union (EU),Lexus,TTM,Q,163530,2024Q2,1711929600000
2024-04-01,European Union (EU),Lexus,UNITS,Q,19672,2024Q2,1711929600000
2024-04-01,European Union (EU),Lexus,YTD,Q,85708,2024Q2,1711929600000
2024-04-01,European Union (EU),Mazda,TTM,Q,447069,2024Q2,1711929600000
2024-04-01,European Union (EU),Mazda,UNITS,Q,42793,2024Q2,1711929600000
2024-04-01,European Union (EU),Mazda,YTD,Q,194404,2024Q2,1711929600000
2024-04-01,European Union (EU),Mercedes,TTM,Q,1720970,2024Q2,1711929600000
2024-04-01,European Union (EU),Mercedes,UNITS,Q,151823,2024Q2,1711929600000
2024-04-01,European Union (EU),Mercedes,YTD,Q,713802,2024Q2,1711929600000
2024-04-01,European Union (EU),Mercedes-Benz,TTM,Q,1803177,2024Q2,1711929600000
2024-04-01,European Union (EU),Mercedes-Benz,UNITS,Q,159482,2024Q2,1711929600000
2024-04-01,European Union (EU),Mercedes-Benz,YTD,Q,748306,2024Q2,1711929600000
2024-04-01,European Union (EU),Mini,TTM,Q,367775,2024Q2,1711929600000
2024-04-01,European Union (EU),Mini,UNITS,Q,23779,2024Q2,1711929600000
2024-04-01,European Union (EU),Mini,YTD,Q,126144,2024Q2,1711929600000
2024-04-01,European Union (EU),Mitsubishi,TTM,Q,189734,2024Q2,1711929600000
2024-04-01,European Union (EU),Mitsubishi,UNITS,Q,22351,2024Q2,1711929600000
2024-04-01,European Union (EU),Mitsubishi,YTD,Q,113840,2024Q2,1711929600000
2024-04-01,European Union (EU),Nissan,TTM,Q,686899,2024Q2,1711929600000
2024-04-01,European Union (EU),Nissan,UNITS,Q,64809,2024Q2,1711929600000
2024-04-01,European Union (EU),Nissan,YTD,Q,342029,2024Q2,1711929600000
2024-04-01,European Union (EU),Opel/Vauxhall,TTM,Q,1057913,2024Q2,1711929600000
2024-04-01,European Union (EU),Opel/Vauxhall,UNITS,Q,100004,2024Q2,1711929600000
2024-04-01,European Union (EU),Opel/Vauxhall,YTD,Q,472786,2024Q2,1711929600000
2024-04-01,European Union (EU),Peugeot,TTM,Q,1722033,2024Q2,1711929600000
2024-04-01,European Union (EU),Peugeot,UNITS,Q,156855,2024Q2,1711929600000
2024-04-01,European Union (EU),Peugeot,YTD,Q,802070,2024Q2,1711929600000
2024-04-01,European Union (EU),Porsche,TTM,Q,237682,2024Q2,1711929600000
2024-04-01,European Union (EU),Porsche,UNITS,Q,21796,2024Q2,1711929600000
2024-04-01,European Union (EU),Porsche,YTD,Q,120279,2024Q2,1711929600000
2024-04-01,European Union (EU),Renault,TTM,Q,1938566,2024Q2,1711929600000
2024-04-01,European Union (EU),Renault,UNITS,Q,192517,2024Q2,1711929600000
2024-04-01,European Union (EU),Renault,YTD,Q,803860,2024Q2,1711929600000
2024-04-01,European Union (EU),Renault Group,TTM,Q,3549706,2024Q2,1711929600000
2024-04-01,European Union (EU),Renault Group,UNITS,Q,338029,2024Q2,1711929600000
2024-04-01,European Union (EU),Renault Group,YTD,Q,1510308,2024Q2,1711929600000
2024-04-01,European Union (EU),SAIC Motor,TTM,Q,487356,2024Q2,1711929600000
2024-04-01,European Union (EU),SAIC Motor,UNITS,Q,47379,2024Q2,1711929600000
2024-04-01,European Union (EU),SAIC Motor,YTD,Q,189926,2024Q2,1711929600000
2024-04-01,European Union (EU),Seat,TTM,Q,669901,2024Q2,1711929600000
2024-04-01,European Union (EU),Seat,UNITS,Q,69219,2024Q2,1711929600000
2024-04-01,European Union (EU),Seat,YTD,Q,310287,2024Q2,1711929600000
2024-04-01,European Union (EU),Skoda,TTM,Q,1851488,2024Q2,1711929600000
2024-04-01,European Union (EU),Skoda,UNITS,Q,168693,2024Q2,1711929600000
2024-04-01,European Union (EU),Skoda,YTD,Q,820750,2024Q2,1711929600000
2024-04-01,European Union (EU),Smart,TTM,Q,82207,2024Q2,1711929600000
2024-04-01,European Union (EU),Smart,UNITS,Q,7659,2024Q2,1711929600000
2024-04-01,European Union (EU),Smart,YTD,Q,34504,2024Q2,1711929600000
2024-04-01,European Union (EU),Stellantis,TTM,Q,5803349,2024Q2,1711929600000
2024-04-01,European Union (EU),Stellantis,UNITS,Q,536926,2024Q2,1711929600000
2024-04-01,European Union (EU),Stellantis,YTD,Q,2646261,2024Q2,1711929600000
2024-04-01,European Union (EU),Suzuki,TTM,Q,539359,2024Q2,1711929600000
2024-04-01,European Union (EU),Suzuki,UNITS,Q,51618,2024Q2,1711929600000
2024-04-01,European Union (EU),Suzuki,YTD,Q,253162,2024Q2,1711929600000
2024-04-01,European Union (EU),Tesla,TTM,Q,821548,2024Q2,1711929600000
2024-04-01,European Union (EU),Tesla,UNITS,Q,76755,2024Q2,1711929600000
2024-04-01,European Union (EU),Tesla,YTD,Q,345685,2024Q2,1711929600000
2024-04-01,European Union (EU),Toyota,TTM,Q,2388462,2024Q2,1711929600000
2024-04-01,European Union (EU),Toyota,UNITS,Q,246036,2024Q2,1711929600000
2024-04-01,European Union (EU),Toyota,YTD,Q,1190790,2024Q2,1711929600000
2024-04-01,European Union (EU),Toyota Group,TTM,Q,2551992,2024Q2,1711929600000
2024-04-01,European Union (EU),Toyota Group,UNITS,Q,265708,2024Q2,1711929600000
2024-04-01,European Union (EU),Toyota Group,YTD,Q,1276498,2024Q2,1711929600000
2024-04-01,European Union (EU),Volkswagen,TTM,Q,3496821,2024Q2,1711929600000
2024-04-01,European Union (EU),Volkswagen,UNITS,Q,336844,2024Q2,1711929600000
2024-04-01,European Union (EU),Volkswagen,YTD,Q,1476546,2024Q2,1711929600000
2024-04-01,European Union (EU),Volkswagen Group,TTM,Q,8486669,2024Q2,1711929600000
2024-04-01,European Union (EU),Volkswagen Group,UNITS,Q,797119,2024Q2,1711929600000
2024-04-01,European Union (EU),Volkswagen Group,YTD,Q,3624892,2024Q2,1711929600000
2024-04-01,European Union (EU),Volvo Cars,TTM,Q,793401,2024Q2,1711929600000
2024-04-01,European Union (EU),Volvo Cars,UNITS,Q,82115,2024Q2,1711929600000
2024-04-01,European Union (EU),Volvo Cars,YTD,Q,392972,2024Q2,1711929600000
2024-07-01,EU + EFTA + UK,Alfa Romeo,TTM,Q,152994,2024Q3,1719792000000
2024-07-01,EU + EFTA + UK,Alfa Romeo,UNITS,Q,9312,2024Q3,1719792000000
2024-07-01,EU + EFTA + UK,Alfa Romeo,YTD,Q,93156,2024Q3,1719792000000
2024-07-01,EU + EFTA + UK,Alpine,TTM,Q,16206,2024Q3,1719792000000
2024-07-01,EU + EFTA + UK,Alpine,UNITS,Q,573,2024Q3,1719792000000
2024-07-01,EU + EFTA + UK,Alpine,YTD,Q,8844,2024Q3,1719792000000
2024-07-01,EU + EFTA + UK,Audi,TTM,Q,2210295,2024Q3,1719792000000
2024-07-01,EU + EFTA + UK,Audi,UNITS,Q,177441,2024Q3,1719792000000
2024-07-01,EU + EFTA + UK,Audi,YTD,Q,1389894,2024Q3,1719792000000
2024-07-01,EU + EFTA + UK,BMW,TTM,Q,2392503,2024Q3,1719792000000
2024-07-01,EU + EFTA + UK,BMW,UNITS,Q,191115,2024Q3,1719792000000
2024-07-01,EU + EFTA + UK,BMW,YTD,Q,1576731,2024Q3,1719792000000
2024-07-01,EU + EFTA + UK,BMW Group,TTM,Q,2877294,2024Q3,1719792000000
2024-07-01,EU + EFTA + UK,BMW Group,UNITS,Q,223806,2024Q3,1719792000000
2024-07-01,EU + EFTA + UK,BMW Group,YTD,Q,1849575,2024Q3,1719792000000
2024-07-01,EU + EFTA + UK,BYD,TTM,Q,24906,2024Q3,1719792000000
2024-07-01,EU + EFTA + UK,BYD,UNITS,Q,12453,2024Q3,1719792000000
2024-07-01,EU + EFTA + UK,BYD,YTD,Q,24906,2024Q3,1719792000000
2024-07-01,EU + EFTA + UK,Citroen,TTM,Q,1209981,2024Q3,1719792000000
2024-07-01,EU + EFTA + UK,Citroen,UNITS,Q,78894,2024Q3,1719792000000
2024-07-01,EU + EFTA + UK,Citroen,YTD,Q,828270,2024Q3,1719792000000
2024-07-01,EU + EFTA + UK,Cupra,TTM,Q,673569,2024Q3,1719792000000
2024-07-01,EU + EFTA + UK,Cupra,UNITS,Q,49986,2024Q3,1719792000000
2024-07-01,EU + EFTA + UK,Cupra,YTD,Q,439788,2024Q3,1719792000000
2024-07-01,EU + EFTA + UK,DS,TTM,Q,137328,2024Q3,1719792000000
2024-07-01,EU + EFTA + UK,DS,UNITS,Q,8502,2024Q3,1719792000000
2024-07-01,EU + EFTA + UK,DS,YTD,Q,81348,2024Q3,1719792000000
2024-07-01,EU + EFTA + UK,Dacia,TTM,Q,1837686,2024Q3,1719792000000
2024-07-01,EU + EFTA + UK,Dacia,UNITS,Q,142404,2024Q3,1719792000000
2024-07-01,EU + EFTA + UK,Dacia,YTD,Q,1201860,2024Q3,1719792000000
2024-07-01,EU + EFTA + UK,Fiat,TTM,Q,1127616,2024Q3,1719792000000
2024-07-01,EU + EFTA + UK,Fiat,UNITS,Q,71586,2024Q3,1719792000000
2024-07-01,EU + EFTA + UK,Fiat,YTD,Q,734580,2024Q3,1719792000000
2024-07-01,EU + EFTA + UK,Ford,TTM,Q,1435701,2024Q3,1719792000000
2024-07-01,EU + EFTA + UK,Ford,UNITS,Q,96420,2024Q3,1719792000000
2024-07-01,EU + EFTA + UK,Ford,YTD,Q,872505,2024Q3,1719792000000
2024-07-01,EU + EFTA + UK,Honda,TTM,Q,217185,2024Q3,1719792000000
2024-07-01,EU + EFTA + UK,Honda,UNITS,Q,18204,2024Q3,1719792000000
2024-07-01,EU + EFTA + UK,Honda,YTD,Q,160335,2024Q3,1719792000000
2024-07-01,EU + EFTA + UK,Hyundai,TTM,Q,1725378,2024Q3,1719792000000
2024-07-01,EU + EFTA + UK,Hyundai,UNITS,Q,141882,2024Q3,1719792000000
2024-07-01,EU + EFTA + UK,Hyundai,YTD,Q,1129716,2024Q3,1719792000000
2024-07-01,EU + EFTA + UK,Hyundai Group,TTM,Q,3446505,2024Q3,1719792000000
2024-07-01,EU + EFTA + UK,Hyundai Group,UNITS,Q,281802,2024Q3,1719792000000
2024-07-01,EU + EFTA + UK,Hyundai Group,YTD,Q,2256588,2024Q3,1719792000000
2024-07-01,EU + EFTA + UK,Jaguar,TTM,Q,80574,2024Q3,1719792000000
2024-07-01,EU + EFTA + UK,Jaguar,UNITS,Q,4380,2024Q3,1719792000000
2024-07-01,EU + EFTA + UK,Jaguar,YTD,Q,51777,2024Q3,1719792000000
2024-07-01,EU + EFTA + UK,Jaguar Land Rover Group,TTM,Q,480543,2024Q3,1719792000000
2024-07-01,EU + EFTA + UK,Jaguar Land Rover Group,UNITS,Q,36300,2024Q3,1719792000000
2024-07-01,EU + EFTA + UK,Jaguar Land Rover Group,YTD,Q,322917,2024Q3,1719792000000
2024-07-01,EU + EFTA + UK,Jeep,TTM,Q,410601,2024Q3,1719792000000
2024-07-01,EU + EFTA + UK,Jeep,UNITS,Q,31437,2024Q3,1719792000000
2024-07-01,EU + EFTA + UK,Jeep,YTD,Q,275367,2024Q3,1719792000000
2024-07-01,EU + EFTA + UK,Kia,TTM,Q,1721127,2024Q3,1719792000000
2024-07-01,EU + EFTA + UK,Kia,UNITS,Q,139920,2024Q3,1719792000000
2024-07-01,EU + EFTA + UK,Kia,YTD,Q,1126872,2024Q3,1719792000000
2024-07-01,EU + EFTA + UK,Lancia/Chrysler,TTM,Q,141294,2024Q3,1719792000000
2024-07-01,EU + EFTA + UK,Lancia/Chrysler,UNITS,Q,8529,2024Q3,1719792000000
2024-07-01,EU + EFTA + UK,Lancia/Chrysler,YTD,Q,91560,2024Q3,1719792000000
2024-07-01,EU + EFTA + UK,Land Rover,TTM,Q,399969,2024Q3,1719792000000
2024-07-01,EU + EFTA + UK,Land Rover,UNITS,Q,31920,2024Q3,1719792000000
2024-07-01,EU + EFTA + UK,Land Rover,YTD,Q,271140,2024Q3,1719792000000
2024-07-01,EU + EFTA + UK,Lexus,TTM,Q,222159,2024Q3,1719792000000
2024-07-01,EU + EFTA + UK,Lexus,UNITS,Q,18654,2024Q3,1719792000000
2024-07-01,EU + EFTA + UK,Lexus,YTD,Q,146355,2024Q3,1719792000000
2024-07-01,EU + EFTA + UK,Mazda,TTM,Q,551244,2024Q3,1719792000000
2024-07-01,EU + EFTA + UK,Mazda,UNITS,Q,35385,2024Q3,1719792000000
2024-07-01,EU + EFTA + UK,Mazda,YTD,Q,350865,2024Q3,1719792000000
2024-07-01,EU + EFTA + UK,Mercedes,TTM,Q,2121930,2024Q3,1719792000000
2024-07-01,EU + EFTA + UK,Mercedes,UNITS,Q,184641,2024Q3,1719792000000
2024-07-01,EU + EFTA + UK,Mercedes,YTD,Q,1371804,2024Q3,1719792000000
2024-07-01,EU + EFTA + UK,Mercedes-Benz,TTM,Q,2149473,2024Q3,1719792000000
2024-07-01,EU + EFTA + UK,Mercedes-Benz,UNITS,Q,160341,2024Q3,1719792000000
2024-07-01,EU + EFTA + UK,Mercedes-Benz,YTD,Q,1369653,2024Q3,1719792000000
2024-07-01,EU + EFTA + UK,Mini,TTM,Q,484791,2024Q3,1719792000000
2024-07-01,EU + EFTA + UK,Mini,UNITS,Q,32691,2024Q3,1719792000000
2024-07-01,EU + EFTA + UK,Mini,YTD,Q,272844,2024Q3,1719792000000
2024-07-01,EU + EFTA + UK,Mitsubishi,TTM,Q,184470,2024Q3,1719792000000
2024-07-01,EU + EFTA + UK,Mitsubishi,UNITS,Q,9672,2024Q3,1719792000000
2024-07-01,EU + EFTA + UK,Mitsubishi,YTD,Q,132288,2024Q3,1719792000000
2024-07-01,EU + EFTA + UK,Nissan,TTM,Q,978399,2024Q3,1719792000000
2024-07-01,EU + EFTA + UK,Nissan,UNITS,Q,66174,2024Q3,1719792000000
2024-07-01,EU + EFTA + UK,Nissan,YTD,Q,661287,2024Q3,1719792000000
2024-07-01,EU + EFTA + UK,Opel/Vauxhall,TTM,Q,1419480,2024Q3,1719792000000
2024-07-01,EU + EFTA + UK,Opel/Vauxhall,UNITS,Q,101577,2024Q3,1719792000000
2024-07-01,EU + EFTA + UK,Opel/Vauxhall,YTD,Q,903984,2024Q3,1719792000000
2024-07-01,EU + EFTA + UK,Peugeot,TTM,Q,2024286,2024Q3,1719792000000
2024-07-01,EU + EFTA + UK,Peugeot,UNITS,Q,147873,2024Q3,1719792000000
2024-07-01,EU + EFTA + UK,Peugeot,YTD,Q,1332732,2024Q3,1719792000000
2024-07-01,EU + EFTA + UK,Porsche,TTM,Q,318645,2024Q3,1719792000000
2024-07-01,EU + EFTA + UK,Porsche,UNITS,Q,19239,2024Q3,1719792000000
2024-07-01,EU + EFTA + UK,Porsche,YTD,Q,213711,2024Q3,1719792000000
2024-07-01,EU + EFTA + UK,Renault,TTM,Q,2268663,2024Q3,1719792000000
2024-07-01,EU + EFTA + UK,Renault,UNITS,Q,144375,2024Q3,1719792000000
2024-07-01,EU + EFTA + UK,Renault,YTD,Q,1380021,2024Q3,1719792000000
2024-07-01,EU + EFTA + UK,Renault Group,TTM,Q,4122555,2024Q3,1719792000000
2024-07-01,EU + EFTA + UK,Renault Group,UNITS,Q,287352,2024Q3,1719792000000
2024-07-01,EU + EFTA + UK,Renault Group,YTD,Q,2590725,2024Q3,1719792000000
2024-07-01,EU + EFTA + UK,SAIC Motor,TTM,Q,823515,2024Q3,1719792000000
2024-07-01,EU + EFTA + UK,SAIC Motor,UNITS,Q,61821,2024Q3,1719792000000
2024-07-01,EU + EFTA + UK,SAIC Motor,YTD,Q,510012,2024Q3,1719792000000
2024-07-01,EU + EFTA + UK,Seat,TTM,Q,867651,2024Q3,1719792000000
2024-07-01,EU + EFTA + UK,Seat,UNITS,Q,68706,2024Q3,1719792000000
2024-07-01,EU + EFTA + UK,Seat,YTD,Q,589311,2024Q3,1719792000000
2024-07-01,EU + EFTA + UK,Skoda,TTM,Q,2222430,2024Q3,1719792000000
2024-07-01,EU + EFTA + UK,Skoda,UNITS,Q,178326,2024Q3,1719792000000
2024-07-01,EU + EFTA + UK,Skoda,YTD,Q,1499691,2024Q3,1719792000000
2024-07-01,EU + EFTA + UK,Smart,TTM,Q,95349,2024Q3,1719792000000
2024-07-01,EU + EFTA + UK,Smart,UNITS,Q,9603,2024Q3,1719792000000
2024-07-01,EU + EFTA + UK,Smart,YTD,Q,65655,2024Q3,1719792000000
2024-07-01,EU + EFTA + UK,Stellantis,TTM,Q,6646914,2024Q3,1719792000000
2024-07-01,EU + EFTA + UK,Stellantis,UNITS,Q,459213,2024Q3,1719792000000
2024-07-01,EU + EFTA + UK,Stellantis,YTD,Q,4354206,2024Q3,1719792000000
2024-07-01,EU + EFTA + UK,Suzuki,TTM,Q,634803,2024Q3,1719792000000
2024-07-01,EU + EFTA + UK,Suzuki,UNITS,Q,45534,2024Q3,1719792000000
2024-07-01,EU + EFTA + UK,Suzuki,YTD,Q,437517,2024Q3,1719792000000
2024-07-01,EU + EFTA + UK,Tesla,TTM,Q,1137297,2024Q3,1719792000000
2024-07-01,EU + EFTA + UK,Tesla,UNITS,Q,44307,2024Q3,1719792000000
2024-07-01,EU + EFTA + UK,Tesla,YTD,Q,581964,2024Q3,1719792000000
2024-07-01,EU + EFTA + UK,Toyota,TTM,Q,2771931,2024Q3,1719792000000
2024-07-01,EU + EFTA + UK,Toyota,UNITS,Q,222516,2024Q3,1719792000000
2024-07-01,EU + EFTA + UK,Toyota,YTD,Q,1897638,2024Q3,1719792000000
2024-07-01,EU + EFTA + UK,Toyota Group,TTM,Q,2994090,2024Q3,1719792000000
2024-07-01,EU + EFTA + UK,Toyota Group,UNITS,Q,241170,2024Q3,1719792000000
2024-07-01,EU + EFTA + UK,Toyota Group,YTD,Q,2043993,2024Q3,1719792000000
2024-07-01,EU + EFTA + UK,Volkswagen,TTM,Q,4392159,2024Q3,1719792000000
2024-07-01,EU + EFTA + UK,Volkswagen,UNITS,Q,327981,2024Q3,1719792000000
2024-07-01,EU + EFTA + UK,Volkswagen,YTD,Q,2796330,2024Q3,1719792000000
2024-07-01,EU + EFTA + UK,Volkswagen Group,TTM,Q,10713297,2024Q3,1719792000000
2024-07-01,EU + EFTA + UK,Volkswagen Group,UNITS,Q,823977,2024Q3,1719792000000
2024-07-01,EU + EFTA + UK,Volkswagen Group,YTD,Q,6947475,2024Q3,1719792000000
2024-07-01,EU + EFTA + UK,Volvo Cars,TTM,Q,1094769,2024Q3,1719792000000
2024-07-01,EU + EFTA + UK,Volvo Cars,UNITS,Q,90132,2024Q3,1719792000000
2024-07-01,EU + EFTA + UK,Volvo Cars,YTD,Q,765099,2024Q3,1719792000000
2024-07-01,European Union (EU),Alfa Romeo,TTM,Q,133219,2024Q3,1719792000000
2024-07-01,European Union (EU),Alfa Romeo,UNITS,Q,7675,2024Q3,1719792000000
2024-07-01,European Union (EU),Alfa Romeo,YTD,Q,87861,2024Q3,1719792000000
2024-07-01,European Union (EU),Alpine,TTM,Q,12399,2024Q3,1719792000000
2024-07-01,European Union (EU),Alpine,UNITS,Q,450,2024Q3,1719792000000
2024-07-01,European Union (EU),Alpine,YTD,Q,7720,2024Q3,1719792000000
2024-07-01,European Union (EU),Audi,TTM,Q,1618950,2024Q3,1719792000000
2024-07-01,European Union (EU),Audi,UNITS,Q,121628,2024Q3,1719792000000
2024-07-01,European Union (EU),Audi,YTD,Q,1061291,2024Q3,1719792000000
2024-07-01,European Union (EU),BMW,TTM,Q,1870705,2024Q3,1719792000000
2024-07-01,European Union (EU),BMW,UNITS,Q,142580,2024Q3,1719792000000
2024-07-01,European Union (EU),BMW,YTD,Q,1242711,2024Q3,1719792000000
2024-07-01,European Union (EU),BMW Group,TTM,Q,2201704,2024Q3,1719792000000
2024-07-01,European Union (EU),BMW Group,UNITS,Q,168096,2024Q3,1719792000000
2024-07-01,European Union (EU),BMW Group,YTD,Q,1437653,2024Q3,1719792000000
2024-07-01,European Union (EU),BYD,TTM,Q,19108,2024Q3,1719792000000
2024-07-01,European Union (EU),BYD,UNITS,Q,9748,2024Q3,1719792000000
2024-07-01,European Union (EU),BYD,YTD,Q,19108,2024Q3,1719792000000
2024-07-01,European Union (EU),Citroen,TTM,Q,1078188,2024Q3,1719792000000
2024-07-01,European Union (EU),Citroen,UNITS,Q,55771,2024Q3,1719792000000
2024-07-01,European Union (EU),Citroen,YTD,Q,765226,2024Q3,1719792000000
2024-07-01,European Union (EU),Cupra,TTM,Q,540699,2024Q3,1719792000000
2024-07-01,European Union (EU),Cupra,UNITS,Q,36023,2024Q3,1719792000000
2024-07-01,European Union (EU),Cupra,YTD,Q,364476,2024Q3,1719792000000
2024-07-01,European Union (EU),DS,TTM,Q,115410,2024Q3,1719792000000
2024-07-01,European Union (EU),DS,UNITS,Q,7151,2024Q3,1719792000000
2024-07-01,European Union (EU),DS,YTD,Q,79256,2024Q3,1719792000000
2024-07-01,European Union (EU),Dacia,TTM,Q,1594494,2024Q3,1719792000000
2024-07-01,European Union (EU),Dacia,UNITS,Q,112714,2024Q3,1719792000000
2024-07-01,European Union (EU),Dacia,YTD,Q,1089405,2024Q3,1719792000000
2024-07-01,European Union (EU),Fiat,TTM,Q,1032620,2024Q3,1719792000000
2024-07-01,European Union (EU),Fiat,UNITS,Q,52639,2024Q3,1719792000000
2024-07-01,European Union (EU),Fiat,YTD,Q,686329,2024Q3,1719792000000
2024-07-01,European Union (EU),Ford,TTM,Q,972895,2024Q3,1719792000000
2024-07-01,European Union (EU),Ford,UNITS,Q,70258,2024Q3,1719792000000
2024-07-01,European Union (EU),Ford,YTD,Q,645685,2024Q3,1719792000000
2024-07-01,European Union (EU),Honda,TTM,Q,131789,2024Q3,1719792000000
2024-07-01,European Union (EU),Honda,UNITS,Q,9283,2024Q3,1719792000000
2024-07-01,European Union (EU),Honda,YTD,Q,90799,2024Q3,1719792000000
2024-07-01,European Union (EU),Hyundai,TTM,Q,1313691,2024Q3,1719792000000
2024-07-01,European Union (EU),Hyundai,UNITS,Q,96862,2024Q3,1719792000000
2024-07-01,European Union (EU),Hyundai,YTD,Q,882648,2024Q3,1719792000000
2024-07-01,European Union (EU),Hyundai Group,TTM,Q,2605005,2024Q3,1719792000000
2024-07-01,European Union (EU),Hyundai Group,UNITS,Q,193643,2024Q3,1719792000000
2024-07-01,European Union (EU),Hyundai Group,YTD,Q,1743892,2024Q3,1719792000000
2024-07-01,European Union (EU),Jaguar,TTM,Q,22881,2024Q3,1719792000000
2024-07-01,European Union (EU),Jaguar,UNITS,Q,968,2024Q3,1719792000000
2024-07-01,European Union (EU),Jaguar,YTD,Q,13296,2024Q3,1719792000000
2024-07-01,European Union (EU),Jaguar Land Rover Group,TTM,Q,202328,2024Q3,1719792000000
2024-07-01,European Union (EU),Jaguar Land Rover Group,UNITS,Q,13798,2024Q3,1719792000000
2024-07-01,European Union (EU),Jaguar Land Rover Group,YTD,Q,133556,2024Q3,1719792000000
2024-07-01,European Union (EU),Jeep,TTM,Q,380606,2024Q3,1719792000000
2024-07-01,European Union (EU),Jeep,UNITS,Q,25533,2024Q3,1719792000000
2024-07-01,European Union (EU),Jeep,YTD,Q,256422,2024Q3,1719792000000
2024-07-01,European Union (EU),Kia,TTM,Q,1291314,2024Q3,1719792000000
2024-07-01,European Union (EU),Kia,UNITS,Q,96781,2024Q3,1719792000000
2024-07-01,European Union (EU),Kia,YTD,Q,861244,2024Q3,1719792000000
2024-07-01,European Union (EU),Lancia/Chrysler,TTM,Q,134867,2024Q3,1719792000000
2024-07-01,European Union (EU),Lancia/Chrysler,UNITS,Q,5304,2024Q3,1719792000000
2024-07-01,European Union (EU),Lancia/Chrysler,YTD,Q,90103,2024Q3,1719792000000
2024-07-01,European Union (EU),Land Rover,TTM,Q,179447,2024Q3,1719792000000
2024-07-01,European Union (EU),Land Rover,UNITS,Q,12830,2024Q3,1719792000000
2024-07-01,European Union (EU),Land Rover,YTD,Q,120260,2024Q3,1719792000000
2024-07-01,European Union (EU),Lexus,TTM,Q,182305,2024Q3,1719792000000
2024-07-01,European Union (EU),Lexus,UNITS,Q,15759,2024Q3,1719792000000
2024-07-01,European Union (EU),Lexus,YTD,Q,137881,2024Q3,1719792000000
2024-07-01,European Union (EU),Mazda,TTM,Q,440841,2024Q3,1719792000000
2024-07-01,European Union (EU),Mazda,UNITS,Q,28510,2024Q3,1719792000000
2024-07-01,European Union (EU),Mazda,YTD,Q,293620,2024Q3,1719792000000
2024-07-01,European Union (EU),Mercedes,TTM,Q,1731938,2024Q3,1719792000000
2024-07-01,European Union (EU),Mercedes,UNITS,Q,137640,2024Q3,1719792000000
2024-07-01,European Union (EU),Mercedes,YTD,Q,1129503,2024Q3,1719792000000
2024-07-01,European Union (EU),Mercedes-Benz,TTM,Q,1789838,2024Q3,1719792000000
2024-07-01,European Union (EU),Mercedes-Benz,UNITS,Q,130935,2024Q3,1719792000000
2024-07-01,European Union (EU),Mercedes-Benz,YTD,Q,1158852,2024Q3,1719792000000
2024-07-01,European Union (EU),Mini,TTM,Q,330999,2024Q3,1719792000000
2024-07-01,European Union (EU),Mini,UNITS,Q,25516,2024Q3,1719792000000
2024-07-01,European Union (EU),Mini,YTD,Q,194942,2024Q3,1719792000000
2024-07-01,European Union (EU),Mitsubishi,TTM,Q,196084,2024Q3,1719792000000
2024-07-01,European Union (EU),Mitsubishi,UNITS,Q,9191,2024Q3,1719792000000
2024-07-01,European Union (EU),Mitsubishi,YTD,Q,149764,2024Q3,1719792000000
2024-07-01,European Union (EU),Nissan,TTM,Q,668021,2024Q3,1719792000000
2024-07-01,European Union (EU),Nissan,UNITS,Q,35164,2024Q3,1719792000000
2024-07-01,European Union (EU),Nissan,YTD,Q,467558,2024Q3,1719792000000
2024-07-01,European Union (EU),Opel/Vauxhall,TTM,Q,1047146,2024Q3,1719792000000
2024-07-01,European Union (EU),Opel/Vauxhall,UNITS,Q,74641,2024Q3,1719792000000
2024-07-01,European Union (EU),Opel/Vauxhall,YTD,Q,729738,2024Q3,1719792000000
2024-07-01,European Union (EU),Peugeot,TTM,Q,1685129,2024Q3,1719792000000
2024-07-01,European Union (EU),Peugeot,UNITS,Q,120960,2024Q3,1719792000000
2024-07-01,European Union (EU),Peugeot,YTD,Q,1195566,2024Q3,1719792000000
2024-07-01,European Union (EU),Porsche,TTM,Q,232091,2024Q3,1719792000000
2024-07-01,European Union (EU),Porsche,UNITS,Q,14128,2024Q3,1719792000000
2024-07-01,European Union (EU),Porsche,YTD,Q,167097,2024Q3,1719792000000
2024-07-01,European Union (EU),Renault,TTM,Q,1894094,2024Q3,1719792000000
2024-07-01,European Union (EU),Renault,UNITS,Q,127899,2024Q3,1719792000000
2024-07-01,European Union (EU),Renault,YTD,Q,1257347,2024Q3,1719792000000
2024-07-01,European Union (EU),Renault Group,TTM,Q,3500987,2024Q3,1719792000000
2024-07-01,European Union (EU),Renault Group,UNITS,Q,241063,2024Q3,1719792000000
2024-07-01,European Union (EU),Renault Group,YTD,Q,2354472,2024Q3,1719792000000
2024-07-01,European Union (EU),SAIC Motor,TTM,Q,493176,2024Q3,1719792000000
2024-07-01,European Union (EU),SAIC Motor,UNITS,Q,32546,2024Q3,1719792000000
2024-07-01,European Union (EU),SAIC Motor,YTD,Q,314600,2024Q3,1719792000000
2024-07-01,European Union (EU),Seat,TTM,Q,671139,2024Q3,1719792000000
2024-07-01,European Union (EU),Seat,UNITS,Q,47793,2024Q3,1719792000000
2024-07-01,European Union (EU),Seat,YTD,Q,483067,2024Q3,1719792000000
2024-07-01,European Union (EU),Skoda,TTM,Q,1880375,2024Q3,1719792000000
2024-07-01,European Union (EU),Skoda,UNITS,Q,151952,2024Q3,1719792000000
2024-07-01,European Union (EU),Skoda,YTD,Q,1295785,2024Q3,1719792000000
2024-07-01,European Union (EU),Smart,TTM,Q,71706,2024Q3,1719792000000
2024-07-01,European Union (EU),Smart,UNITS,Q,192,2024Q3,1719792000000
2024-07-01,European Union (EU),Smart,YTD,Q,43155,2024Q3,1719792000000
2024-07-01,European Union (EU),Stellantis,TTM,Q,5624478,2024Q3,1719792000000
2024-07-01,European Union (EU),Stellantis,UNITS,Q,350676,2024Q3,1719792000000
2024-07-01,European Union (EU),Stellantis,YTD,Q,3901479,2024Q3,1719792000000
2024-07-01,European Union (EU),Suzuki,TTM,Q,542718,2024Q3,1719792000000
2024-07-01,European Union (EU),Suzuki,UNITS,Q,36600,2024Q3,1719792000000
2024-07-01,European Union (EU),Suzuki,YTD,Q,377243,2024Q3,1719792000000
2024-07-01,European Union (EU),Tesla,TTM,Q,809503,2024Q3,1719792000000
2024-07-01,European Union (EU),Tesla,UNITS,Q,55966,2024Q3,1719792000000
2024-07-01,European Union (EU),Tesla,YTD,Q,519449,2024Q3,1719792000000
2024-07-01,European Union (EU),Toyota,TTM,Q,2495254,2024Q3,1719792000000
2024-07-01,European Union (EU),Toyota,UNITS,Q,184136,2024Q3,1719792000000
2024-07-01,European Union (EU),Toyota,YTD,Q,1809072,2024Q3,1719792000000
2024-07-01,European Union (EU),Toyota Group,TTM,Q,2677559,2024Q3,1719792000000
2024-07-01,European Union (EU),Toyota Group,UNITS,Q,199895,2024Q3,1719792000000
2024-07-01,European Union (EU),Toyota Group,YTD,Q,1946953,2024Q3,1719792000000
2024-07-01,European Union (EU),Volkswagen,TTM,Q,3451275,2024Q3,1719792000000
2024-07-01,European Union (EU),Volkswagen,UNITS,Q,253854,2024Q3,1719792000000
2024-07-01,European Union (EU),Volkswagen,YTD,Q,2345472,2024Q3,1719792000000
2024-07-01,European Union (EU),Volkswagen Group,TTM,Q,8412661,2024Q3,1719792000000
2024-07-01,European Union (EU),Volkswagen Group,UNITS,Q,626631,2024Q3,1719792000000
2024-07-01,European Union (EU),Volkswagen Group,YTD,Q,5730504,2024Q3,1719792000000
2024-07-01,European Union (EU),Volvo Cars,TTM,Q,829920,2024Q3,1719792000000
2024-07-01,European Union (EU),Volvo Cars,UNITS,Q,56530,2024Q3,1719792000000
2024-07-01,European Union (EU),Volvo Cars,YTD,Q,587643,2024Q3,1719792000000
2024-10-01,EU + EFTA + UK,Alfa Romeo,TTM,Q,138002,2024Q4,1727740800000
2024-10-01,EU + EFTA + UK,Alfa Romeo,UNITS,Q,11863,2024Q4,1727740800000
2024-10-01,EU + EFTA + UK,Alfa Romeo,YTD,Q,125590,2024Q4,1727740800000
2024-10-01,EU + EFTA + UK,Alpine,TTM,Q,13467,2024Q4,1727740800000
2024-10-01,EU + EFTA + UK,Alpine,UNITS,Q,1186,2024Q4,1727740800000
2024-10-01,EU + EFTA + UK,Alpine,YTD,Q,11469,2024Q4,1727740800000
2024-10-01,EU + EFTA + UK,Audi,TTM,Q,2071610,2024Q4,1727740800000
2024-10-01,EU + EFTA + UK,Audi,UNITS,Q,157178,2024Q4,1727740800000
2024-10-01,EU + EFTA + UK,Audi,YTD,Q,1886521,2024Q4,1727740800000
2024-10-01,EU + EFTA + UK,BMW,TTM,Q,2376269,2024Q4,1727740800000
2024-10-01,EU + EFTA + UK,BMW,UNITS,Q,199798,2024Q4,1727740800000
2024-10-01,EU + EFTA + UK,BMW,YTD,Q,2164401,2024Q4,1727740800000
2024-10-01,EU + EFTA + UK,BMW Group,TTM,Q,2814922,2024Q4,1727740800000
2024-10-01,EU + EFTA + UK,BMW Group,UNITS,Q,241119,2024Q4,1727740800000
2024-10-01,EU + EFTA + UK,BMW Group,YTD,Q,2549156,2024Q4,1727740800000
2024-10-01,EU + EFTA + UK,BYD,TTM,Q,75975,2024Q4,1727740800000
2024-10-01,EU + EFTA + UK,BYD,UNITS,Q,20658,2024Q4,1727740800000
2024-10-01,EU + EFTA + UK,BYD,YTD,Q,75975,2024Q4,1727740800000
2024-10-01,EU + EFTA + UK,Citroen,TTM,Q,1128252,2024Q4,1727740800000
2024-10-01,EU + EFTA + UK,Citroen,UNITS,Q,71481,2024Q4,1727740800000
2024-10-01,EU + EFTA + UK,Citroen,YTD,Q,1049623,2024Q4,1727740800000
2024-10-01,EU + EFTA + UK,Cupra,TTM,Q,666893,2024Q4,1727740800000
2024-10-01,EU + EFTA + UK,Cupra,UNITS,Q,60573,2024Q4,1727740800000
2024-10-01,EU + EFTA + UK,Cupra,YTD,Q,609079,2024Q4,1727740800000
2024-10-01,EU + EFTA + UK,DS,TTM,Q,117691,2024Q4,1727740800000
2024-10-01,EU + EFTA + UK,DS,UNITS,Q,8414,2024Q4,1727740800000
2024-10-01,EU + EFTA + UK,DS,YTD,Q,106831,2024Q4,1727740800000
2024-10-01,EU + EFTA + UK,Dacia,TTM,Q,1782716,2024Q4,1727740800000
2024-10-01,EU + EFTA + UK,Dacia,UNITS,Q,151918,2024Q4,1727740800000
2024-10-01,EU + EFTA + UK,Dacia,YTD,Q,1636802,2024Q4,1727740800000
2024-10-01,EU + EFTA + UK,Fiat,TTM,Q,996714,2024Q4,1727740800000
2024-10-01,EU + EFTA + UK,Fiat,UNITS,Q,49555,2024Q4,1727740800000
2024-10-01,EU + EFTA + UK,Fiat,YTD,Q,910380,2024Q4,1727740800000
2024-10-01,EU + EFTA + UK,Ford,TTM,Q,1293072,2024Q4,1727740800000
2024-10-01,EU + EFTA + UK,Ford,UNITS,Q,98896,2024Q4,1727740800000
2024-10-01,EU + EFTA + UK,Ford,YTD,Q,1171943,2024Q4,1727740800000
2024-10-01,EU + EFTA + UK,Honda,TTM,Q,221356,2024Q4,1727740800000
2024-10-01,EU + EFTA + UK,Honda,UNITS,Q,14193,2024Q4,1727740800000
2024-10-01,EU + EFTA + UK,Honda,YTD,Q,207581,2024Q4,1727740800000
2024-10-01,EU + EFTA + UK,Hyundai,TTM,Q,1657127,2024Q4,1727740800000
2024-10-01,EU + EFTA + UK,Hyundai,UNITS,Q,125518,2024Q4,1727740800000
2024-10-01,EU + EFTA + UK,Hyundai,YTD,Q,1519669,2024Q4,1727740800000
2024-10-01,EU + EFTA + UK,Hyundai Group,TTM,Q,3285508,2024Q4,1727740800000
2024-10-01,EU + EFTA + UK,Hyundai Group,UNITS,Q,241348,2024Q4,1727740800000
2024-10-01,EU + EFTA + UK,Hyundai Group,YTD,Q,3024935,2024Q4,1727740800000
2024-10-01,EU + EFTA + UK,Jaguar,TTM,Q,70591,2024Q4,1727740800000
2024-10-01,EU + EFTA + UK,Jaguar,UNITS,Q,3712,2024Q4,1727740800000
2024-10-01,EU + EFTA + UK,Jaguar,YTD,Q,64483,2024Q4,1727740800000
2024-10-01,EU + EFTA + UK,Jaguar Land Rover Group,TTM,Q,459392,2024Q4,1727740800000
2024-10-01,EU + EFTA + UK,Jaguar Land Rover Group,UNITS,Q,32128,2024Q4,1727740800000
2024-10-01,EU + EFTA + UK,Jaguar Land Rover Group,YTD,Q,422548,2024Q4,1727740800000
2024-10-01,EU + EFTA + UK,Jeep,TTM,Q,402133,2024Q4,1727740800000
2024-10-01,EU + EFTA + UK,Jeep,UNITS,Q,31169,2024Q4,1727740800000
2024-10-01,EU + EFTA + UK,Jeep,YTD,Q,371717,2024Q4,1727740800000
2024-10-01,EU + EFTA + UK,Kia,TTM,Q,1628381,2024Q4,1727740800000
2024-10-01,EU + EFTA + UK,Kia,UNITS,Q,115830,2024Q4,1727740800000
2024-10-01,EU + EFTA + UK,Kia,YTD,Q,1505266,2024Q4,1727740800000
2024-10-01,EU + EFTA + UK,Lancia/Chrysler,TTM,Q,115813,2024Q4,1727740800000
2024-10-01,EU + EFTA + UK,Lancia/Chrysler,UNITS,Q,2504,2024Q4,1727740800000
2024-10-01,EU + EFTA + UK,Lancia/Chrysler,YTD,Q,105252,2024Q4,1727740800000
2024-10-01,EU + EFTA + UK,Land Rover,TTM,Q,388801,2024Q4,1727740800000
2024-10-01,EU + EFTA + UK,Land Rover,UNITS,Q,28416,2024Q4,1727740800000
2024-10-01,EU + EFTA + UK,Land Rover,YTD,Q,358065,2024Q4,1727740800000
2024-10-01,EU + EFTA + UK,Lexus,TTM,Q,224785,2024Q4,1727740800000
2024-10-01,EU + EFTA + UK,Lexus,UNITS,Q,21296,2024Q4,1727740800000
2024-10-01,EU + EFTA + UK,Lexus,YTD,Q,206659,2024Q4,1727740800000
2024-10-01,EU + EFTA + UK,Mazda,TTM,Q,510836,2024Q4,1727740800000
2024-10-01,EU + EFTA + UK,Mazda,UNITS,Q,40417,2024Q4,1727740800000
2024-10-01,EU + EFTA + UK,Mazda,YTD,Q,463985,2024Q4,1727740800000
2024-10-01,EU + EFTA + UK,Mercedes,TTM,Q,2125202,2024Q4,1727740800000
2024-10-01,EU + EFTA + UK,Mercedes,UNITS,Q,188862,2024Q4,1727740800000
2024-10-01,EU + EFTA + UK,Mercedes,YTD,Q,1929948,2024Q4,1727740800000
2024-10-01,EU + EFTA + UK,Mercedes-Benz,TTM,Q,2097940,2024Q4,1727740800000
2024-10-01,EU + EFTA + UK,Mercedes-Benz,UNITS,Q,186090,2024Q4,1727740800000
2024-10-01,EU + EFTA + UK,Mercedes-Benz,YTD,Q,1894255,2024Q4,1727740800000
2024-10-01,EU + EFTA + UK,Mini,TTM,Q,438653,2024Q4,1727740800000
2024-10-01,EU + EFTA + UK,Mini,UNITS,Q,41321,2024Q4,1727740800000
2024-10-01,EU + EFTA + UK,Mini,YTD,Q,384755,2024Q4,1727740800000
2024-10-01,EU + EFTA + UK,Mitsubishi,TTM,Q,179949,2024Q4,1727740800000
2024-10-01,EU + EFTA + UK,Mitsubishi,UNITS,Q,13429,2024Q4,1727740800000
2024-10-01,EU + EFTA + UK,Mitsubishi,YTD,Q,167106,2024Q4,1727740800000
2024-10-01,EU + EFTA + UK,Nissan,TTM,Q,935698,2024Q4,1727740800000
2024-10-01,EU + EFTA + UK,Nissan,UNITS,Q,67193,2024Q4,1727740800000
2024-10-01,EU + EFTA + UK,Nissan,YTD,Q,858615,2024Q4,1727740800000
2024-10-01,EU + EFTA + UK,Opel/Vauxhall,TTM,Q,1291907,2024Q4,1727740800000
2024-10-01,EU + EFTA + UK,Opel/Vauxhall,UNITS,Q,86646,2024Q4,1727740800000
2024-10-01,EU + EFTA + UK,Opel/Vauxhall,YTD,Q,1183683,2024Q4,1727740800000
2024-10-01,EU + EFTA + UK,Peugeot,TTM,Q,1946279,2024Q4,1727740800000
2024-10-01,EU + EFTA + UK,Peugeot,UNITS,Q,156313,2024Q4,1727740800000
2024-10-01,EU + EFTA + UK,Peugeot,YTD,Q,1805828,2024Q4,1727740800000
2024-10-01,EU + EFTA + UK,Porsche,TTM,Q,315691,2024Q4,1727740800000
2024-10-01,EU + EFTA + UK,Porsche,UNITS,Q,29469,2024Q4,1727740800000
2024-10-01,EU + EFTA + UK,Porsche,YTD,Q,292645,2024Q4,1727740800000
2024-10-01,EU + EFTA + UK,Renault,TTM,Q,2099241,2024Q4,1727740800000
2024-10-01,EU + EFTA + UK,Renault,UNITS,Q,191163,2024Q4,1727740800000
2024-10-01,EU + EFTA + UK,Renault,YTD,Q,1890983,2024Q4,1727740800000
2024-10-01,EU + EFTA + UK,Renault Group,TTM,Q,3895424,2024Q4,1727740800000
2024-10-01,EU + EFTA + UK,Renault Group,UNITS,Q,344267,2024Q4,1727740800000
2024-10-01,EU + EFTA + UK,Renault Group,YTD,Q,3539254,2024Q4,1727740800000
2024-10-01,EU + EFTA + UK,SAIC Motor,TTM,Q,772258,2024Q4,1727740800000
2024-10-01,EU + EFTA + UK,SAIC Motor,UNITS,Q,64664,2024Q4,1727740800000
2024-10-01,EU + EFTA + UK,SAIC Motor,YTD,Q,691176,2024Q4,1727740800000
2024-10-01,EU + EFTA + UK,Seat,TTM,Q,828345,2024Q4,1727740800000
2024-10-01,EU + EFTA + UK,Seat,UNITS,Q,54200,2024Q4,1727740800000
2024-10-01,EU + EFTA + UK,Seat,YTD,Q,763605,2024Q4,1727740800000
2024-10-01,EU + EFTA + UK,Skoda,TTM,Q,2265986,2024Q4,1727740800000
2024-10-01,EU + EFTA + UK,Skoda,UNITS,Q,205536,2024Q4,1727740800000
2024-10-01,EU + EFTA + UK,Skoda,YTD,Q,2095455,2024Q4,1727740800000
2024-10-01,EU + EFTA + UK,Smart,TTM,Q,99966,2024Q4,1727740800000
2024-10-01,EU + EFTA + UK,Smart,UNITS,Q,6674,2024Q4,1727740800000
2024-10-01,EU + EFTA + UK,Smart,YTD,Q,91535,2024Q4,1727740800000
2024-10-01,EU + EFTA + UK,Stellantis,TTM,Q,6156073,2024Q4,1727740800000
2024-10-01,EU + EFTA + UK,Stellantis,UNITS,Q,419283,2024Q4,1727740800000
2024-10-01,EU + EFTA + UK,Stellantis,YTD,Q,5676196,2024Q4,1727740800000
2024-10-01,EU + EFTA + UK,Suzuki,TTM,Q,616887,2024Q4,1727740800000
2024-10-01,EU + EFTA + UK,Suzuki,UNITS,Q,42589,2024Q4,1727740800000
2024-10-01,EU + EFTA + UK,Suzuki,YTD,Q,568778,2024Q4,1727740800000
2024-10-01,EU + EFTA + UK,Tesla,TTM,Q,889725,2024Q4,1727740800000
2024-10-01,EU + EFTA + UK,Tesla,UNITS,Q,83549,2024Q4,1727740800000
2024-10-01,EU + EFTA + UK,Tesla,YTD,Q,762698,2024Q4,1727740800000
2024-10-01,EU + EFTA + UK,Toyota,TTM,Q,2792718,2024Q4,1727740800000
2024-10-01,EU + EFTA + UK,Toyota,UNITS,Q,234288,2024Q4,1727740800000
2024-10-01,EU + EFTA + UK,Toyota,YTD,Q,2586041,2024Q4,1727740800000
2024-10-01,EU + EFTA + UK,Toyota Group,TTM,Q,3017503,2024Q4,1727740800000
2024-10-01,EU + EFTA + UK,Toyota Group,UNITS,Q,255584,2024Q4,1727740800000
2024-10-01,EU + EFTA + UK,Toyota Group,YTD,Q,2792700,2024Q4,1727740800000
2024-10-01,EU + EFTA + UK,Volkswagen,TTM,Q,4194550,2024Q4,1727740800000
2024-10-01,EU + EFTA + UK,Volkswagen,UNITS,Q,347853,2024Q4,1727740800000
2024-10-01,EU + EFTA + UK,Volkswagen,YTD,Q,3823534,2024Q4,1727740800000
2024-10-01,EU + EFTA + UK,Volkswagen Group,TTM,Q,10369229,2024Q4,1727740800000
2024-10-01,EU + EFTA + UK,Volkswagen Group,UNITS,Q,856413,2024Q4,1727740800000
2024-10-01,EU + EFTA + UK,Volkswagen Group,YTD,Q,9495136,2024Q4,1727740800000
2024-10-01,EU + EFTA + UK,Volvo Cars,TTM,Q,1130290,2024Q4,1727740800000
2024-10-01,EU + EFTA + UK,Volvo Cars,UNITS,Q,94466,2024Q4,1727740800000
2024-10-01,EU + EFTA + UK,Volvo Cars,YTD,Q,1041765,2024Q4,1727740800000
2024-10-01,European Union (EU),Alfa Romeo,TTM,Q,128034,2024Q4,1727740800000
2024-10-01,European Union (EU),Alfa Romeo,UNITS,Q,11211,2024Q4,1727740800000
2024-10-01,European Union (EU),Alfa Romeo,YTD,Q,117399,2024Q4,1727740800000
2024-10-01,European Union (EU),Alpine,TTM,Q,11713,2024Q4,1727740800000
2024-10-01,European Union (EU),Alpine,UNITS,Q,1073,2024Q4,1727740800000
2024-10-01,European Union (EU),Alpine,YTD,Q,10027,2024Q4,1727740800000
2024-10-01,European Union (EU),Audi,TTM,Q,1566678,2024Q4,1727740800000
2024-10-01,European Union (EU),Audi,UNITS,Q,125812,2024Q4,1727740800000
2024-10-01,European Union (EU),Audi,YTD,Q,1429660,2024Q4,1727740800000
2024-10-01,European Union (EU),BMW,TTM,Q,1881825,2024Q4,1727740800000
2024-10-01,European Union (EU),BMW,UNITS,Q,163784,2024Q4,1727740800000
2024-10-01,European Union (EU),BMW,YTD,Q,1707807,2024Q4,1727740800000
2024-10-01,European Union (EU),BMW Group,TTM,Q,2194154,2024Q4,1727740800000
2024-10-01,European Union (EU),BMW Group,UNITS,Q,189945,2024Q4,1727740800000
2024-10-01,European Union (EU),BMW Group,YTD,Q,1983050,2024Q4,1727740800000
2024-10-01,European Union (EU),BYD,TTM,Q,59202,2024Q4,1727740800000
2024-10-01,European Union (EU),BYD,UNITS,Q,16087,2024Q4,1727740800000
2024-10-01,European Union (EU),BYD,YTD,Q,59202,2024Q4,1727740800000
2024-10-01,European Union (EU),Citroen,TTM,Q,1003573,2024Q4,1727740800000
2024-10-01,European Union (EU),Citroen,UNITS,Q,63604,2024Q4,1727740800000
2024-10-01,European Union (EU),Citroen,YTD,Q,940281,2024Q4,1727740800000
2024-10-01,European Union (EU),Cupra,TTM,Q,546130,2024Q4,1727740800000
2024-10-01,European Union (EU),Cupra,UNITS,Q,50985,2024Q4,1727740800000
2024-10-01,European Union (EU),Cupra,YTD,Q,500824,2024Q4,1727740800000
2024-10-01,European Union (EU),DS,TTM,Q,110792,2024Q4,1727740800000
2024-10-01,European Union (EU),DS,UNITS,Q,8196,2024Q4,1727740800000
2024-10-01,European Union (EU),DS,YTD,Q,102787,2024Q4,1727740800000
2024-10-01,European Union (EU),Dacia,TTM,Q,1591181,2024Q4,1727740800000
2024-10-01,European Union (EU),Dacia,UNITS,Q,141364,2024Q4,1727740800000
2024-10-01,European Union (EU),Dacia,YTD,Q,1464830,2024Q4,1727740800000
2024-10-01,European Union (EU),Fiat,TTM,Q,906880,2024Q4,1727740800000
2024-10-01,European Union (EU),Fiat,UNITS,Q,46117,2024Q4,1727740800000
2024-10-01,European Union (EU),Fiat,YTD,Q,830853,2024Q4,1727740800000
2024-10-01,European Union (EU),Ford,TTM,Q,944830,2024Q4,1727740800000
2024-10-01,European Union (EU),Ford,UNITS,Q,72967,2024Q4,1727740800000
2024-10-01,European Union (EU),Ford,YTD,Q,867785,2024Q4,1727740800000
2024-10-01,European Union (EU),Honda,TTM,Q,128682,2024Q4,1727740800000
2024-10-01,European Union (EU),Honda,UNITS,Q,9562,2024Q4,1727740800000
2024-10-01,European Union (EU),Honda,YTD,Q,119449,2024Q4,1727740800000
2024-10-01,European Union (EU),Hyundai,TTM,Q,1281648,2024Q4,1727740800000
2024-10-01,European Union (EU),Hyundai,UNITS,Q,102492,2024Q4,1727740800000
2024-10-01,European Union (EU),Hyundai,YTD,Q,1171977,2024Q4,1727740800000
2024-10-01,European Union (EU),Hyundai Group,TTM,Q,2521011,2024Q4,1727740800000
2024-10-01,European Union (EU),Hyundai Group,UNITS,Q,196206,2024Q4,1727740800000
2024-10-01,European Union (EU),Hyundai Group,YTD,Q,2315810,2024Q4,1727740800000
2024-10-01,European Union (EU),Jaguar,TTM,Q,18382,2024Q4,1727740800000
2024-10-01,European Union (EU),Jaguar,UNITS,Q,1119,2024Q4,1727740800000
2024-10-01,European Union (EU),Jaguar,YTD,Q,16346,2024Q4,1727740800000
2024-10-01,European Union (EU),Jaguar Land Rover Group,TTM,Q,191506,2024Q4,1727740800000
2024-10-01,European Union (EU),Jaguar Land Rover Group,UNITS,Q,15242,2024Q4,1727740800000
2024-10-01,European Union (EU),Jaguar Land Rover Group,YTD,Q,175181,2024Q4,1727740800000
2024-10-01,European Union (EU),Jeep,TTM,Q,367415,2024Q4,1727740800000
2024-10-01,European Union (EU),Jeep,UNITS,Q,27816,2024Q4,1727740800000
2024-10-01,European Union (EU),Jeep,YTD,Q,339624,2024Q4,1727740800000
2024-10-01,European Union (EU),Kia,TTM,Q,1239363,2024Q4,1727740800000
2024-10-01,European Union (EU),Kia,UNITS,Q,93714,2024Q4,1727740800000
2024-10-01,European Union (EU),Kia,YTD,Q,1143833,2024Q4,1727740800000
2024-10-01,European Union (EU),Lancia/Chrysler,TTM,Q,108844,2024Q4,1727740800000
2024-10-01,European Union (EU),Lancia/Chrysler,UNITS,Q,2498,2024Q4,1727740800000
2024-10-01,European Union (EU),Lancia/Chrysler,YTD,Q,98800,2024Q4,1727740800000
2024-10-01,European Union (EU),Land Rover,TTM,Q,173124,2024Q4,1727740800000
2024-10-01,European Union (EU),Land Rover,UNITS,Q,14123,2024Q4,1727740800000
2024-10-01,European Union (EU),Land Rover,YTD,Q,158835,2024Q4,1727740800000
2024-10-01,European Union (EU),Lexus,TTM,Q,196567,2024Q4,1727740800000
2024-10-01,European Union (EU),Lexus,UNITS,Q,16626,2024Q4,1727740800000
2024-10-01,European Union (EU),Lexus,YTD,Q,185015,2024Q4,1727740800000
2024-10-01,European Union (EU),Mazda,TTM,Q,424293,2024Q4,1727740800000
2024-10-01,European Union (EU),Mazda,UNITS,Q,33521,2024Q4,1727740800000
2024-10-01,European Union (EU),Mazda,YTD,Q,387740,2024Q4,1727740800000
2024-10-01,European Union (EU),Mercedes,TTM,Q,1739442,2024Q4,1727740800000
2024-10-01,European Union (EU),Mercedes,UNITS,Q,156360,2024Q4,1727740800000
2024-10-01,European Union (EU),Mercedes,YTD,Q,1575675,2024Q4,1727740800000
2024-10-01,European Union (EU),Mercedes-Benz,TTM,Q,1770881,2024Q4,1727740800000
2024-10-01,European Union (EU),Mercedes-Benz,UNITS,Q,156573,2024Q4,1727740800000
2024-10-01,European Union (EU),Mercedes-Benz,YTD,Q,1598784,2024Q4,1727740800000
2024-10-01,European Union (EU),Mini,TTM,Q,312329,2024Q4,1727740800000
2024-10-01,European Union (EU),Mini,UNITS,Q,26161,2024Q4,1727740800000
2024-10-01,European Union (EU),Mini,YTD,Q,275243,2024Q4,1727740800000
2024-10-01,European Union (EU),Mitsubishi,TTM,Q,195587,2024Q4,1727740800000
2024-10-01,European Union (EU),Mitsubishi,UNITS,Q,12840,2024Q4,1727740800000
2024-10-01,European Union (EU),Mitsubishi,YTD,Q,183246,2024Q4,1727740800000
2024-10-01,European Union (EU),Nissan,TTM,Q,641874,2024Q4,1727740800000
2024-10-01,European Union (EU),Nissan,UNITS,Q,45641,2024Q4,1727740800000
2024-10-01,European Union (EU),Nissan,YTD,Q,591025,2024Q4,1727740800000
2024-10-01,European Union (EU),Opel/Vauxhall,TTM,Q,1019813,2024Q4,1727740800000
2024-10-01,European Union (EU),Opel/Vauxhall,UNITS,Q,70149,2024Q4,1727740800000
2024-10-01,European Union (EU),Opel/Vauxhall,YTD,Q,946462,2024Q4,1727740800000
2024-10-01,European Union (EU),Peugeot,TTM,Q,1706915,2024Q4,1727740800000
2024-10-01,European Union (EU),Peugeot,UNITS,Q,136414,2024Q4,1727740800000
2024-10-01,European Union (EU),Peugeot,YTD,Q,1598866,2024Q4,1727740800000
2024-10-01,European Union (EU),Porsche,TTM,Q,237170,2024Q4,1727740800000
2024-10-01,European Union (EU),Porsche,UNITS,Q,20249,2024Q4,1727740800000
2024-10-01,European Union (EU),Porsche,YTD,Q,223761,2024Q4,1727740800000
2024-10-01,European Union (EU),Renault,TTM,Q,1897173,2024Q4,1727740800000
2024-10-01,European Union (EU),Renault,UNITS,Q,173071,2024Q4,1727740800000
2024-10-01,European Union (EU),Renault,YTD,Q,1725089,2024Q4,1727740800000
2024-10-01,European Union (EU),Renault Group,TTM,Q,3500067,2024Q4,1727740800000
2024-10-01,European Union (EU),Renault Group,UNITS,Q,315508,2024Q4,1727740800000
2024-10-01,European Union (EU),Renault Group,YTD,Q,3199946,2024Q4,1727740800000
2024-10-01,European Union (EU),SAIC Motor,TTM,Q,478098,2024Q4,1727740800000
2024-10-01,European Union (EU),SAIC Motor,UNITS,Q,44610,2024Q4,1727740800000
2024-10-01,European Union (EU),SAIC Motor,YTD,Q,424007,2024Q4,1727740800000
2024-10-01,European Union (EU),Seat,TTM,Q,669418,2024Q4,1727740800000
2024-10-01,European Union (EU),Seat,UNITS,Q,47881,2024Q4,1727740800000
2024-10-01,European Union (EU),Seat,YTD,Q,620023,2024Q4,1727740800000
2024-10-01,European Union (EU),Skoda,TTM,Q,1957468,2024Q4,1727740800000
2024-10-01,European Union (EU),Skoda,UNITS,Q,177145,2024Q4,1727740800000
2024-10-01,European Union (EU),Skoda,YTD,Q,1811712,2024Q4,1727740800000
2024-10-01,European Union (EU),Smart,TTM,Q,52254,2024Q4,1727740800000
2024-10-01,European Union (EU),Smart,UNITS,Q,419,2024Q4,1727740800000
2024-10-01,European Union (EU),Smart,YTD,Q,43924,2024Q4,1727740800000
2024-10-01,European Union (EU),Stellantis,TTM,Q,5367622,2024Q4,1727740800000
2024-10-01,European Union (EU),Stellantis,UNITS,Q,367012,2024Q4,1727740800000
2024-10-01,European Union (EU),Stellantis,YTD,Q,4989072,2024Q4,1727740800000
2024-10-01,European Union (EU),Suzuki,TTM,Q,532433,2024Q4,1727740800000
2024-10-01,European Union (EU),Suzuki,UNITS,Q,38989,2024Q4,1727740800000
2024-10-01,European Union (EU),Suzuki,YTD,Q,492726,2024Q4,1727740800000
2024-10-01,European Union (EU),Tesla,TTM,Q,788877,2024Q4,1727740800000
2024-10-01,European Union (EU),Tesla,UNITS,Q,60864,2024Q4,1727740800000
2024-10-01,European Union (EU),Tesla,YTD,Q,696513,2024Q4,1727740800000
2024-10-01,European Union (EU),Toyota,TTM,Q,2554469,2024Q4,1727740800000
2024-10-01,European Union (EU),Toyota,UNITS,Q,205060,2024Q4,1727740800000
2024-10-01,European Union (EU),Toyota,YTD,Q,2385969,2024Q4,1727740800000
2024-10-01,European Union (EU),Toyota Group,TTM,Q,2751036,2024Q4,1727740800000
2024-10-01,European Union (EU),Toyota Group,UNITS,Q,221686,2024Q4,1727740800000
2024-10-01,European Union (EU),Toyota Group,YTD,Q,2570984,2024Q4,1727740800000
2024-10-01,European Union (EU),Volkswagen,TTM,Q,3489492,2024Q4,1727740800000
2024-10-01,European Union (EU),Volkswagen,UNITS,Q,298078,2024Q4,1727740800000
2024-10-01,European Union (EU),Volkswagen,YTD,Q,3196057,2024Q4,1727740800000
2024-10-01,European Union (EU),Volkswagen Group,TTM,Q,8483952,2024Q4,1727740800000
2024-10-01,European Union (EU),Volkswagen Group,UNITS,Q,721256,2024Q4,1727740800000
2024-10-01,European Union (EU),Volkswagen Group,YTD,Q,7798477,2024Q4,1727740800000
2024-10-01,European Union (EU),Volvo Cars,TTM,Q,853404,2024Q4,1727740800000
2024-10-01,European Union (EU),Volvo Cars,UNITS,Q,71525,2024Q4,1727740800000
2024-10-01,European Union (EU),Volvo Cars,YTD,Q,782725,2024Q4,1727740800000
2025-01-01,EU + EFTA + UK,Alfa Romeo,TTM,Q,145628,2025Q1,1735689600000
2025-01-01,EU + EFTA + UK,Alfa Romeo,UNITS,Q,17092,2025Q1,1735689600000
2025-01-01,EU + EFTA + UK,Alfa Romeo,YTD,Q,31670,2025Q1,1735689600000
2025-01-01,EU + EFTA + UK,Alpine,TTM,Q,14959,2025Q1,1735689600000
2025-01-01,EU + EFTA + UK,Alpine,UNITS,Q,1999,2025Q1,1735689600000
2025-01-01,EU + EFTA + UK,Alpine,YTD,Q,3683,2025Q1,1735689600000
2025-01-01,EU + EFTA + UK,Audi,TTM,Q,2028867,2025Q1,1735689600000
2025-01-01,EU + EFTA + UK,Audi,UNITS,Q,161875,2025Q1,1735689600000
2025-01-01,EU + EFTA + UK,Audi,YTD,Q,306908,2025Q1,1735689600000
2025-01-01,EU + EFTA + UK,BMW,TTM,Q,2364830,2025Q1,1735689600000
2025-01-01,EU + EFTA + UK,BMW,UNITS,Q,195746,2025Q1,1735689600000
2025-01-01,EU + EFTA + UK,BMW,YTD,Q,370776,2025Q1,1735689600000
2025-01-01,EU + EFTA + UK,BMW Group,TTM,Q,2797079,2025Q1,1735689600000
2025-01-01,EU + EFTA + UK,BMW Group,UNITS,Q,236243,2025Q1,1735689600000
2025-01-01,EU + EFTA + UK,BMW Group,YTD,Q,446146,2025Q1,1735689600000
2025-01-01,EU + EFTA + UK,BYD,TTM,Q,149703,2025Q1,1735689600000
2025-01-01,EU + EFTA + UK,BYD,UNITS,Q,25185,2025Q1,1735689600000
2025-01-01,EU + EFTA + UK,BYD,YTD,Q,50370,2025Q1,1735689600000
2025-01-01,EU + EFTA + UK,Citroen,TTM,Q,1082829,2025Q1,1735689600000
2025-01-01,EU + EFTA + UK,Citroen,UNITS,Q,92629,2025Q1,1735689600000
2025-01-01,EU + EFTA + UK,Citroen,YTD,Q,178004,2025Q1,1735689600000
2025-01-01,EU + EFTA + UK,Cupra,TTM,Q,715708,2025Q1,1735689600000
2025-01-01,EU + EFTA + UK,Cupra,UNITS,Q,73289,2025Q1,1735689600000
2025-01-01,EU + EFTA + UK,Cupra,YTD,Q,135396,2025Q1,1735689600000
2025-01-01,EU + EFTA + UK,DS,TTM,Q,108003,2025Q1,1735689600000
2025-01-01,EU + EFTA + UK,DS,UNITS,Q,8169,2025Q1,1735689600000
2025-01-01,EU + EFTA + UK,DS,YTD,Q,15419,2025Q1,1735689600000
2025-01-01,EU + EFTA + UK,Dacia,TTM,Q,1797319,2025Q1,1735689600000
2025-01-01,EU + EFTA + UK,Dacia,UNITS,Q,153397,2025Q1,1735689600000
2025-01-01,EU + EFTA + UK,Dacia,YTD,Q,298951,2025Q1,1735689600000
2025-01-01,EU + EFTA + UK,Fiat,TTM,Q,907995,2025Q1,1735689600000
2025-01-01,EU + EFTA + UK,Fiat,UNITS,Q,77716,2025Q1,1735689600000
2025-01-01,EU + EFTA + UK,Fiat,YTD,Q,147912,2025Q1,1735689600000
2025-01-01,EU + EFTA + UK,Ford,TTM,Q,1252711,2025Q1,1735689600000
2025-01-01,EU + EFTA + UK,Ford,UNITS,Q,114643,2025Q1,1735689600000
2025-01-01,EU + EFTA + UK,Ford,YTD,Q,208585,2025Q1,1735689600000
2025-01-01,EU + EFTA + UK,Honda,TTM,Q,216045,2025Q1,1735689600000
2025-01-01,EU + EFTA + UK,Honda,UNITS,Q,21075,2025Q1,1735689600000
2025-01-01,EU + EFTA + UK,Honda,YTD,Q,36398,2025Q1,1735689600000
2025-01-01,EU + EFTA + UK,Hyundai,TTM,Q,1638474,2025Q1,1735689600000
2025-01-01,EU + EFTA + UK,Hyundai,UNITS,Q,128873,2025Q1,1735689600000
2025-01-01,EU + EFTA + UK,Hyundai,YTD,Q,249153,2025Q1,1735689600000
2025-01-01,EU + EFTA + UK,Hyundai Group,TTM,Q,3239092,2025Q1,1735689600000
2025-01-01,EU + EFTA + UK,Hyundai Group,UNITS,Q,267305,2025Q1,1735689600000
2025-01-01,EU + EFTA + UK,Hyundai Group,YTD,Q,507193,2025Q1,1735689600000
2025-01-01,EU + EFTA + UK,Jaguar,TTM,Q,58649,2025Q1,1735689600000
2025-01-01,EU + EFTA + UK,Jaguar,UNITS,Q,2603,2025Q1,1735689600000
2025-01-01,EU + EFTA + UK,Jaguar,YTD,Q,5055,2025Q1,1735689600000
2025-01-01,EU + EFTA + UK,Jaguar Land Rover Group,TTM,Q,449648,2025Q1,1735689600000
2025-01-01,EU + EFTA + UK,Jaguar Land Rover Group,UNITS,Q,41384,2025Q1,1735689600000
2025-01-01,EU + EFTA + UK,Jaguar Land Rover Group,YTD,Q,71415,2025Q1,1735689600000
2025-01-01,EU + EFTA + UK,Jeep,TTM,Q,398938,2025Q1,1735689600000
2025-01-01,EU + EFTA + UK,Jeep,UNITS,Q,37861,2025Q1,1735689600000
2025-01-01,EU + EFTA + UK,Jeep,YTD,Q,71213,2025Q1,1735689600000
2025-01-01,EU + EFTA + UK,Kia,TTM,Q,1600618,2025Q1,1735689600000
2025-01-01,EU + EFTA + UK,Kia,UNITS,Q,138432,2025Q1,1735689600000
2025-01-01,EU + EFTA + UK,Kia,YTD,Q,258040,2025Q1,1735689600000
2025-01-01,EU + EFTA + UK,Lancia/Chrysler,TTM,Q,89374,2025Q1,1735689600000
2025-01-01,EU + EFTA + UK,Lancia/Chrysler,UNITS,Q,3526,2025Q1,1735689600000
2025-01-01,EU + EFTA + UK,Lancia/Chrysler,YTD,Q,6785,2025Q1,1735689600000
2025-01-01,EU + EFTA + UK,Land Rover,TTM,Q,390999,2025Q1,1735689600000
2025-01-01,EU + EFTA + UK,Land Rover,UNITS,Q,38781,2025Q1,1735689600000
2025-01-01,EU + EFTA + UK,Land Rover,YTD,Q,66360,2025Q1,1735689600000
2025-01-01,EU + EFTA + UK,Lexus,TTM,Q,238483,2025Q1,1735689600000
2025-01-01,EU + EFTA + UK,Lexus,UNITS,Q,21218,2025Q1,1735689600000
2025-01-01,EU + EFTA + UK,Lexus,YTD,Q,41925,2025Q1,1735689600000
2025-01-01,EU + EFTA + UK,Mazda,TTM,Q,502367,2025Q1,1735689600000
2025-01-01,EU + EFTA + UK,Mazda,UNITS,Q,43900,2025Q1,1735689600000
2025-01-01,EU + EFTA + UK,Mazda,YTD,Q,77541,2025Q1,1735689600000
2025-01-01,EU + EFTA + UK,Mercedes,TTM,Q,2119286,2025Q1,1735689600000
2025-01-01,EU + EFTA + UK,Mercedes,UNITS,Q,162536,2025Q1,1735689600000
2025-01-01,EU + EFTA + UK,Mercedes,YTD,Q,293060,2025Q1,1735689600000
2025-01-01,EU + EFTA + UK,Mercedes-Benz,TTM,Q,2073310,2025Q1,1735689600000
2025-01-01,EU + EFTA + UK,Mercedes-Benz,UNITS,Q,164444,2025Q1,1735689600000
2025-01-01,EU + EFTA + UK,Mercedes-Benz,YTD,Q,295947,2025Q1,1735689600000
2025-01-01,EU + EFTA + UK,Mini,TTM,Q,432249,2025Q1,1735689600000
2025-01-01,EU + EFTA + UK,Mini,UNITS,Q,40497,2025Q1,1735689600000
2025-01-01,EU + EFTA + UK,Mini,YTD,Q,75370,2025Q1,1735689600000
2025-01-01,EU + EFTA + UK,Mitsubishi,TTM,Q,167180,2025Q1,1735689600000
2025-01-01,EU + EFTA + UK,Mitsubishi,UNITS,Q,12536,2025Q1,1735689600000
2025-01-01,EU + EFTA + UK,Mitsubishi,YTD,Q,22926,2025Q1,1735689600000
2025-01-01,EU + EFTA + UK,Nissan,TTM,Q,919823,2025Q1,1735689600000
2025-01-01,EU + EFTA + UK,Nissan,UNITS,Q,98991,2025Q1,1735689600000
2025-01-01,EU + EFTA + UK,Nissan,YTD,Q,172251,2025Q1,1735689600000
2025-01-01,EU + EFTA + UK,Opel/Vauxhall,TTM,Q,1210340,2025Q1,1735689600000
2025-01-01,EU + EFTA + UK,Opel/Vauxhall,UNITS,Q,97767,2025Q1,1735689600000
2025-01-01,EU + EFTA + UK,Opel/Vauxhall,YTD,Q,179838,2025Q1,1735689600000
2025-01-01,EU + EFTA + UK,Peugeot,TTM,Q,1948584,2025Q1,1735689600000
2025-01-01,EU + EFTA + UK,Peugeot,UNITS,Q,189264,2025Q1,1735689600000
2025-01-01,EU + EFTA + UK,Peugeot,YTD,Q,356170,2025Q1,1735689600000
2025-01-01,EU + EFTA + UK,Porsche,TTM,Q,310539,2025Q1,1735689600000
2025-01-01,EU + EFTA + UK,Porsche,UNITS,Q,25446,2025Q1,1735689600000
2025-01-01,EU + EFTA + UK,Porsche,YTD,Q,47953,2025Q1,1735689600000
2025-01-01,EU + EFTA + UK,Renault,TTM,Q,2150617,2025Q1,1735689600000
2025-01-01,EU + EFTA + UK,Renault,UNITS,Q,189293,2025Q1,1735689600000
2025-01-01,EU + EFTA + UK,Renault,YTD,Q,345009,2025Q1,1735689600000
2025-01-01,EU + EFTA + UK,Renault Group,TTM,Q,3962895,2025Q1,1735689600000
2025-01-01,EU + EFTA + UK,Renault Group,UNITS,Q,344689,2025Q1,1735689600000
2025-01-01,EU + EFTA + UK,Renault Group,YTD,Q,647643,2025Q1,1735689600000
2025-01-01,EU + EFTA + UK,SAIC Motor,TTM,Q,805373,2025Q1,1735689600000
2025-01-01,EU + EFTA + UK,SAIC Motor,UNITS,Q,81851,2025Q1,1735689600000
2025-01-01,EU + EFTA + UK,SAIC Motor,YTD,Q,147766,2025Q1,1735689600000
2025-01-01,EU + EFTA + UK,Seat,TTM,Q,797309,2025Q1,1735689600000
2025-01-01,EU + EFTA + UK,Seat,UNITS,Q,57955,2025Q1,1735689600000
2025-01-01,EU + EFTA + UK,Seat,YTD,Q,109275,2025Q1,1735689600000
2025-01-01,EU + EFTA + UK,Skoda,TTM,Q,2291722,2025Q1,1735689600000
2025-01-01,EU + EFTA + UK,Skoda,UNITS,Q,192076,2025Q1,1735689600000
2025-01-01,EU + EFTA + UK,Skoda,YTD,Q,366330,2025Q1,1735689600000
2025-01-01,EU + EFTA + UK,Smart,TTM,Q,84071,2025Q1,1735689600000
2025-01-01,EU + EFTA + UK,Smart,UNITS,Q,1908,2025Q1,1735689600000
2025-01-01,EU + EFTA + UK,Smart,YTD,Q,2887,2025Q1,1735689600000
2025-01-01,EU + EFTA + UK,Stellantis,TTM,Q,5909602,2025Q1,1735689600000
2025-01-01,EU + EFTA + UK,Stellantis,UNITS,Q,525239,2025Q1,1735689600000
2025-01-01,EU + EFTA + UK,Stellantis,YTD,Q,989367,2025Q1,1735689600000
2025-01-01,EU + EFTA + UK,Suzuki,TTM,Q,595665,2025Q1,1735689600000
2025-01-01,EU + EFTA + UK,Suzuki,UNITS,Q,49585,2025Q1,1735689600000
2025-01-01,EU + EFTA + UK,Suzuki,YTD,Q,93870,2025Q1,1735689600000
2025-01-01,EU + EFTA + UK,Tesla,TTM,Q,818500,2025Q1,1735689600000
2025-01-01,EU + EFTA + UK,Tesla,UNITS,Q,55335,2025Q1,1735689600000
2025-01-01,EU + EFTA + UK,Tesla,YTD,Q,92113,2025Q1,1735689600000
2025-01-01,EU + EFTA + UK,Toyota,TTM,Q,2790240,2025Q1,1735689600000
2025-01-01,EU + EFTA + UK,Toyota,UNITS,Q,228641,2025Q1,1735689600000
2025-01-01,EU + EFTA + UK,Toyota,YTD,Q,439579,2025Q1,1735689600000
2025-01-01,EU + EFTA + UK,Toyota Group,TTM,Q,3028723,2025Q1,1735689600000
2025-01-01,EU + EFTA + UK,Toyota Group,UNITS,Q,249859,2025Q1,1735689600000
2025-01-01,EU + EFTA + UK,Toyota Group,YTD,Q,481504,2025Q1,1735689600000
2025-01-01,EU + EFTA + UK,Volkswagen,TTM,Q,4246702,2025Q1,1735689600000
2025-01-01,EU + EFTA + UK,Volkswagen,UNITS,Q,363483,2025Q1,1735689600000
2025-01-01,EU + EFTA + UK,Volkswagen,YTD,Q,692852,2025Q1,1735689600000
2025-01-01,EU + EFTA + UK,Volkswagen Group,TTM,Q,10417163,2025Q1,1735689600000
2025-01-01,EU + EFTA + UK,Volkswagen Group,UNITS,Q,876492,2025Q1,1735689600000
2025-01-01,EU + EFTA + UK,Volkswagen Group,YTD,Q,1663183,2025Q1,1735689600000
2025-01-01,EU + EFTA + UK,Volvo Cars,TTM,Q,1125196,2025Q1,1735689600000
2025-01-01,EU + EFTA + UK,Volvo Cars,UNITS,Q,84449,2025Q1,1735689600000
2025-01-01,EU + EFTA + UK,Volvo Cars,YTD,Q,158318,2025Q1,1735689600000
2025-01-01,European Union (EU),Alfa Romeo,TTM,Q,136441,2025Q1,1735689600000
2025-01-01,European Union (EU),Alfa Romeo,UNITS,Q,16101,2025Q1,1735689600000
2025-01-01,European Union (EU),Alfa Romeo,YTD,Q,30265,2025Q1,1735689600000
2025-01-01,European Union (EU),Alpine,TTM,Q,13500,2025Q1,1735689600000
2025-01-01,European Union (EU),Alpine,UNITS,Q,1902,2025Q1,1735689600000
2025-01-01,European Union (EU),Alpine,YTD,Q,3504,2025Q1,1735689600000
2025-01-01,European Union (EU),Audi,TTM,Q,1551344,2025Q1,1735689600000
2025-01-01,European Union (EU),Audi,UNITS,Q,128795,2025Q1,1735689600000
2025-01-01,European Union (EU),Audi,YTD,Q,252499,2025Q1,1735689600000
2025-01-01,European Union (EU),BMW,TTM,Q,1876085,2025Q1,1735689600000
2025-01-01,European Union (EU),BMW,UNITS,Q,153399,2025Q1,1735689600000
2025-01-01,European Union (EU),BMW,YTD,Q,298480,2025Q1,1735689600000
2025-01-01,European Union (EU),BMW Group,TTM,Q,2180389,2025Q1,1735689600000
2025-01-01,European Union (EU),BMW Group,UNITS,Q,179636,2025Q1,1735689600000
2025-01-01,European Union (EU),BMW Group,YTD,Q,348683,2025Q1,1735689600000
2025-01-01,European Union (EU),BYD,TTM,Q,117951,2025Q1,1735689600000
2025-01-01,European Union (EU),BYD,UNITS,Q,20223,2025Q1,1735689600000
2025-01-01,European Union (EU),BYD,YTD,Q,40446,2025Q1,1735689600000
2025-01-01,European Union (EU),Citroen,TTM,Q,975546,2025Q1,1735689600000
2025-01-01,European Union (EU),Citroen,UNITS,Q,87535,2025Q1,1735689600000
2025-01-01,European Union (EU),Citroen,YTD,Q,168899,2025Q1,1735689600000
2025-01-01,European Union (EU),Cupra,TTM,Q,590792,2025Q1,1735689600000
2025-01-01,European Union (EU),Cupra,UNITS,Q,61244,2025Q1,1735689600000
2025-01-01,European Union (EU),Cupra,YTD,Q,115940,2025Q1,1735689600000
2025-01-01,European Union (EU),DS,TTM,Q,104101,2025Q1,1735689600000
2025-01-01,European Union (EU),DS,UNITS,Q,7912,2025Q1,1735689600000
2025-01-01,European Union (EU),DS,YTD,Q,14869,2025Q1,1735689600000
2025-01-01,European Union (EU),Dacia,TTM,Q,1613823,2025Q1,1735689600000
2025-01-01,European Union (EU),Dacia,UNITS,Q,142136,2025Q1,1735689600000
2025-01-01,European Union (EU),Dacia,YTD,Q,280366,2025Q1,1735689600000
2025-01-01,European Union (EU),Fiat,TTM,Q,827876,2025Q1,1735689600000
2025-01-01,European Union (EU),Fiat,UNITS,Q,73185,2025Q1,1735689600000
2025-01-01,European Union (EU),Fiat,YTD,Q,139602,2025Q1,1735689600000
2025-01-01,European Union (EU),Ford,TTM,Q,931926,2025Q1,1735689600000
2025-01-01,European Union (EU),Ford,UNITS,Q,79603,2025Q1,1735689600000
2025-01-01,European Union (EU),Ford,YTD,Q,155121,2025Q1,1735689600000
2025-01-01,European Union (EU),Honda,TTM,Q,127118,2025Q1,1735689600000
2025-01-01,European Union (EU),Honda,UNITS,Q,13110,2025Q1,1735689600000
2025-01-01,European Union (EU),Honda,YTD,Q,26483,2025Q1,1735689600000
2025-01-01,European Union (EU),Hyundai,TTM,Q,1266436,2025Q1,1735689600000
2025-01-01,European Union (EU),Hyundai,UNITS,Q,100418,2025Q1,1735689600000
2025-01-01,European Union (EU),Hyundai,YTD,Q,200826,2025Q1,1735689600000
2025-01-01,European Union (EU),Hyundai Group,TTM,Q,2483458,2025Q1,1735689600000
2025-01-01,European Union (EU),Hyundai Group,UNITS,Q,200980,2025Q1,1735689600000
2025-01-01,European Union (EU),Hyundai Group,YTD,Q,392711,2025Q1,1735689600000
2025-01-01,European Union (EU),Jaguar,TTM,Q,15529,2025Q1,1735689600000
2025-01-01,European Union (EU),Jaguar,UNITS,Q,780,2025Q1,1735689600000
2025-01-01,European Union (EU),Jaguar,YTD,Q,1393,2025Q1,1735689600000
2025-01-01,European Union (EU),Jaguar Land Rover Group,TTM,Q,189344,2025Q1,1735689600000
2025-01-01,European Union (EU),Jaguar Land Rover Group,UNITS,Q,15687,2025Q1,1735689600000
2025-01-01,European Union (EU),Jaguar Land Rover Group,YTD,Q,29991,2025Q1,1735689600000
2025-01-01,European Union (EU),Jeep,TTM,Q,361635,2025Q1,1735689600000
2025-01-01,European Union (EU),Jeep,UNITS,Q,33492,2025Q1,1735689600000
2025-01-01,European Union (EU),Jeep,YTD,Q,64089,2025Q1,1735689600000
2025-01-01,European Union (EU),Kia,TTM,Q,1217022,2025Q1,1735689600000
2025-01-01,European Union (EU),Kia,UNITS,Q,100562,2025Q1,1735689600000
2025-01-01,European Union (EU),Kia,YTD,Q,191885,2025Q1,1735689600000
2025-01-01,European Union (EU),Lancia/Chrysler,TTM,Q,82905,2025Q1,1735689600000
2025-01-01,European Union (EU),Lancia/Chrysler,UNITS,Q,3519,2025Q1,1735689600000
2025-01-01,European Union (EU),Lancia/Chrysler,YTD,Q,6778,2025Q1,1735689600000
2025-01-01,European Union (EU),Land Rover,TTM,Q,173815,2025Q1,1735689600000
2025-01-01,European Union (EU),Land Rover,UNITS,Q,14907,2025Q1,1735689600000
2025-01-01,European Union (EU),Land Rover,YTD,Q,28598,2025Q1,1735689600000
2025-01-01,European Union (EU),Lexus,TTM,Q,210494,2025Q1,1735689600000
2025-01-01,European Union (EU),Lexus,UNITS,Q,18961,2025Q1,1735689600000
2025-01-01,European Union (EU),Lexus,YTD,Q,36385,2025Q1,1735689600000
2025-01-01,European Union (EU),Mazda,TTM,Q,412681,2025Q1,1735689600000
2025-01-01,European Union (EU),Mazda,UNITS,Q,31502,2025Q1,1735689600000
2025-01-01,European Union (EU),Mazda,YTD,Q,57071,2025Q1,1735689600000
2025-01-01,European Union (EU),Mercedes,TTM,Q,1734544,2025Q1,1735689600000
2025-01-01,European Union (EU),Mercedes,UNITS,Q,130041,2025Q1,1735689600000
2025-01-01,European Union (EU),Mercedes,YTD,Q,240049,2025Q1,1735689600000
2025-01-01,European Union (EU),Mercedes-Benz,TTM,Q,1747053,2025Q1,1735689600000
2025-01-01,European Union (EU),Mercedes-Benz,UNITS,Q,131428,2025Q1,1735689600000
2025-01-01,European Union (EU),Mercedes-Benz,YTD,Q,242327,2025Q1,1735689600000
2025-01-01,European Union (EU),Mini,TTM,Q,304306,2025Q1,1735689600000
2025-01-01,European Union (EU),Mini,UNITS,Q,26238,2025Q1,1735689600000
2025-01-01,European Union (EU),Mini,YTD,Q,50205,2025Q1,1735689600000
2025-01-01,European Union (EU),Mitsubishi,TTM,Q,183108,2025Q1,1735689600000
2025-01-01,European Union (EU),Mitsubishi,UNITS,Q,11843,2025Q1,1735689600000
2025-01-01,European Union (EU),Mitsubishi,YTD,Q,21976,2025Q1,1735689600000
2025-01-01,European Union (EU),Nissan,TTM,Q,636504,2025Q1,1735689600000
2025-01-01,European Union (EU),Nissan,UNITS,Q,67578,2025Q1,1735689600000
2025-01-01,European Union (EU),Nissan,YTD,Q,120096,2025Q1,1735689600000
2025-01-01,European Union (EU),Opel/Vauxhall,TTM,Q,960970,2025Q1,1735689600000
2025-01-01,European Union (EU),Opel/Vauxhall,UNITS,Q,69341,2025Q1,1735689600000
2025-01-01,European Union (EU),Opel/Vauxhall,YTD,Q,132353,2025Q1,1735689600000
2025-01-01,European Union (EU),Peugeot,TTM,Q,1712619,2025Q1,1735689600000
2025-01-01,European Union (EU),Peugeot,UNITS,Q,158626,2025Q1,1735689600000
2025-01-01,European Union (EU),Peugeot,YTD,Q,303020,2025Q1,1735689600000
2025-01-01,European Union (EU),Porsche,TTM,Q,231258,2025Q1,1735689600000
2025-01-01,European Union (EU),Porsche,UNITS,Q,18492,2025Q1,1735689600000
2025-01-01,European Union (EU),Porsche,YTD,Q,36442,2025Q1,1735689600000
2025-01-01,European Union (EU),Renault,TTM,Q,1960526,2025Q1,1735689600000
2025-01-01,European Union (EU),Renault,UNITS,Q,169116,2025Q1,1735689600000
2025-01-01,European Union (EU),Renault,YTD,Q,312076,2025Q1,1735689600000
2025-01-01,European Union (EU),Renault Group,TTM,Q,3587849,2025Q1,1735689600000
2025-01-01,European Union (EU),Renault Group,UNITS,Q,313154,2025Q1,1735689600000
2025-01-01,European Union (EU),Renault Group,YTD,Q,595946,2025Q1,1735689600000
2025-01-01,European Union (EU),SAIC Motor,TTM,Q,517781,2025Q1,1735689600000
2025-01-01,European Union (EU),SAIC Motor,UNITS,Q,55859,2025Q1,1735689600000
2025-01-01,European Union (EU),SAIC Motor,YTD,Q,106713,2025Q1,1735689600000
2025-01-01,European Union (EU),Seat,TTM,Q,654324,2025Q1,1735689600000
2025-01-01,European Union (EU),Seat,UNITS,Q,50371,2025Q1,1735689600000
2025-01-01,European Union (EU),Seat,YTD,Q,96136,2025Q1,1735689600000
2025-01-01,European Union (EU),Skoda,TTM,Q,1974684,2025Q1,1735689600000
2025-01-01,European Union (EU),Skoda,UNITS,Q,163694,2025Q1,1735689600000
2025-01-01,European Union (EU),Skoda,YTD,Q,318522,2025Q1,1735689600000
2025-01-01,European Union (EU),Smart,TTM,Q,33818,2025Q1,1735689600000
2025-01-01,European Union (EU),Smart,UNITS,Q,1387,2025Q1,1735689600000
2025-01-01,European Union (EU),Smart,YTD,Q,2278,2025Q1,1735689600000
2025-01-01,European Union (EU),Stellantis,TTM,Q,5176422,2025Q1,1735689600000
2025-01-01,European Union (EU),Stellantis,UNITS,Q,450791,2025Q1,1735689600000
2025-01-01,European Union (EU),Stellantis,YTD,Q,862008,2025Q1,1735689600000
2025-01-01,European Union (EU),Suzuki,TTM,Q,517778,2025Q1,1735689600000
2025-01-01,European Union (EU),Suzuki,UNITS,Q,42473,2025Q1,1735689600000
2025-01-01,European Union (EU),Suzuki,YTD,Q,81519,2025Q1,1735689600000
2025-01-01,European Union (EU),Tesla,TTM,Q,724123,2025Q1,1735689600000
2025-01-01,European Union (EU),Tesla,UNITS,Q,37484,2025Q1,1735689600000
2025-01-01,European Union (EU),Tesla,YTD,Q,64261,2025Q1,1735689600000
2025-01-01,European Union (EU),Toyota,TTM,Q,2563212,2025Q1,1735689600000
2025-01-01,European Union (EU),Toyota,UNITS,Q,214764,2025Q1,1735689600000
2025-01-01,European Union (EU),Toyota,YTD,Q,407082,2025Q1,1735689600000
2025-01-01,European Union (EU),Toyota Group,TTM,Q,2773706,2025Q1,1735689600000
2025-01-01,European Union (EU),Toyota Group,UNITS,Q,233725,2025Q1,1735689600000
2025-01-01,European Union (EU),Toyota Group,YTD,Q,443467,2025Q1,1735689600000
2025-01-01,European Union (EU),Volkswagen,TTM,Q,3547578,2025Q1,1735689600000
2025-01-01,European Union (EU),Volkswagen,UNITS,Q,300474,2025Q1,1735689600000
2025-01-01,European Union (EU),Volkswagen,YTD,Q,585250,2025Q1,1735689600000
2025-01-01,European Union (EU),Volkswagen Group,TTM,Q,8567981,2025Q1,1735689600000
2025-01-01,European Union (EU),Volkswagen Group,UNITS,Q,724812,2025Q1,1735689600000
2025-01-01,European Union (EU),Volkswagen Group,YTD,Q,1408140,2025Q1,1735689600000
2025-01-01,European Union (EU),Volvo Cars,TTM,Q,834758,2025Q1,1735689600000
2025-01-01,European Union (EU),Volvo Cars,UNITS,Q,61334,2025Q1,1735689600000
2025-01-01,European Union (EU),Volvo Cars,YTD,Q,120608,2025Q1,1735689600000
2025-04-01,EU + EFTA + UK,Alfa Romeo,TTM,Q,161691,2025Q2,1743465600000
2025-04-01,EU + EFTA + UK,Alfa Romeo,UNITS,Q,17045,2025Q2,1743465600000
2025-04-01,EU + EFTA + UK,Alfa Romeo,YTD,Q,86234,2025Q2,1743465600000
2025-04-01,EU + EFTA + UK,Alpine,TTM,Q,19308,2025Q2,1743465600000
2025-04-01,EU + EFTA + UK,Alpine,UNITS,Q,3131,2025Q2,1743465600000
2025-04-01,EU + EFTA + UK,Alpine,YTD,Q,12005,2025Q2,1743465600000
2025-04-01,EU + EFTA + UK,Audi,TTM,Q,2004884,2025Q2,1743465600000
2025-04-01,EU + EFTA + UK,Audi,UNITS,Q,165033,2025Q2,1743465600000
2025-04-01,EU + EFTA + UK,Audi,YTD,Q,810945,2025Q2,1743465600000
2025-04-01,EU + EFTA + UK,BMW,TTM,Q,2381418,2025Q2,1743465600000
2025-04-01,EU + EFTA + UK,BMW,UNITS,Q,210823,2025Q2,1743465600000
2025-04-01,EU + EFTA + UK,BMW,YTD,Q,1001704,2025Q2,1743465600000
2025-04-01,EU + EFTA + UK,BMW Group,TTM,Q,2835760,2025Q2,1743465600000
2025-04-01,EU + EFTA + UK,BMW Group,UNITS,Q,250721,2025Q2,1743465600000
2025-04-01,EU + EFTA + UK,BMW Group,YTD,Q,1201337,2025Q2,1743465600000
2025-04-01,EU + EFTA + UK,BYD,TTM,Q,225258,2025Q2,1743465600000
2025-04-01,EU + EFTA + UK,BYD,UNITS,Q,25185,2025Q2,1743465600000
2025-04-01,EU + EFTA + UK,BYD,YTD,Q,125925,2025Q2,1743465600000
2025-04-01,EU + EFTA + UK,Citroen,TTM,Q,1037268,2025Q2,1743465600000
2025-04-01,EU + EFTA + UK,Citroen,UNITS,Q,96375,2025Q2,1743465600000
2025-04-01,EU + EFTA + UK,Citroen,YTD,Q,467118,2025Q2,1743465600000
2025-04-01,EU + EFTA + UK,Cupra,TTM,Q,780227,2025Q2,1743465600000
2025-04-01,EU + EFTA + UK,Cupra,UNITS,Q,78425,2025Q2,1743465600000
2025-04-01,EU + EFTA + UK,Cupra,YTD,Q,376076,2025Q2,1743465600000
2025-04-01,EU + EFTA + UK,DS,TTM,Q,102757,2025Q2,1743465600000
2025-04-01,EU + EFTA + UK,DS,UNITS,Q,8908,2025Q2,1743465600000
2025-04-01,EU + EFTA + UK,DS,YTD,Q,41563,2025Q2,1743465600000
2025-04-01,EU + EFTA + UK,Dacia,TTM,Q,1801329,2025Q2,1743465600000
2025-04-01,EU + EFTA + UK,Dacia,UNITS,Q,153116,2025Q2,1743465600000
2025-04-01,EU + EFTA + UK,Dacia,YTD,Q,753920,2025Q2,1743465600000
2025-04-01,EU + EFTA + UK,Fiat,TTM,Q,846507,2025Q2,1743465600000
2025-04-01,EU + EFTA + UK,Fiat,UNITS,Q,72428,2025Q2,1743465600000
2025-04-01,EU + EFTA + UK,Fiat,YTD,Q,378614,2025Q2,1743465600000
2025-04-01,EU + EFTA + UK,Ford,TTM,Q,1255446,2025Q2,1743465600000
2025-04-01,EU + EFTA + UK,Ford,UNITS,Q,108926,2025Q2,1743465600000
2025-04-01,EU + EFTA + UK,Ford,YTD,Q,557624,2025Q2,1743465600000
2025-04-01,EU + EFTA + UK,Honda,TTM,Q,209562,2025Q2,1743465600000
2025-04-01,EU + EFTA + UK,Honda,UNITS,Q,16164,2025Q2,1743465600000
2025-04-01,EU + EFTA + UK,Honda,YTD,Q,95007,2025Q2,1743465600000
2025-04-01,EU + EFTA + UK,Hyundai,TTM,Q,1616066,2025Q2,1743465600000
2025-04-01,EU + EFTA + UK,Hyundai,UNITS,Q,138101,2025Q2,1743465600000
2025-04-01,EU + EFTA + UK,Hyundai,YTD,Q,660401,2025Q2,1743465600000
2025-04-01,EU + EFTA + UK,Hyundai Group,TTM,Q,3211132,2025Q2,1743465600000
2025-04-01,EU + EFTA + UK,Hyundai Group,UNITS,Q,273231,2025Q2,1743465600000
2025-04-01,EU + EFTA + UK,Hyundai Group,YTD,Q,1344816,2025Q2,1743465600000
2025-04-01,EU + EFTA + UK,Jaguar,TTM,Q,37887,2025Q2,1743465600000
2025-04-01,EU + EFTA + UK,Jaguar,UNITS,Q,135,2025Q2,1743465600000
2025-04-01,EU + EFTA + UK,Jaguar,YTD,Q,8091,2025Q2,1743465600000
2025-04-01,EU + EFTA + UK,Jaguar Land Rover Group,TTM,Q,429309,2025Q2,1743465600000
2025-04-01,EU + EFTA + UK,Jaguar Land Rover Group,UNITS,Q,30741,2025Q2,1743465600000
2025-04-01,EU + EFTA + UK,Jaguar Land Rover Group,YTD,Q,184353,2025Q2,1743465600000
2025-04-01,EU + EFTA + UK,Jeep,TTM,Q,407793,2025Q2,1743465600000
2025-04-01,EU + EFTA + UK,Jeep,UNITS,Q,34720,2025Q2,1743465600000
2025-04-01,EU + EFTA + UK,Jeep,YTD,Q,184225,2025Q2,1743465600000
2025-04-01,EU + EFTA + UK,Kia,TTM,Q,1595066,2025Q2,1743465600000
2025-04-01,EU + EFTA + UK,Kia,UNITS,Q,135130,2025Q2,1743465600000
2025-04-01,EU + EFTA + UK,Kia,YTD,Q,684415,2025Q2,1743465600000
2025-04-01,EU + EFTA + UK,Lancia/Chrysler,TTM,Q,63442,2025Q2,1743465600000
2025-04-01,EU + EFTA + UK,Lancia/Chrysler,UNITS,Q,3549,2025Q2,1743465600000
2025-04-01,EU + EFTA + UK,Lancia/Chrysler,YTD,Q,18138,2025Q2,1743465600000
2025-04-01,EU + EFTA + UK,Land Rover,TTM,Q,391422,2025Q2,1743465600000
2025-04-01,EU + EFTA + UK,Land Rover,UNITS,Q,30606,2025Q2,1743465600000
2025-04-01,EU + EFTA + UK,Land Rover,YTD,Q,176262,2025Q2,1743465600000
2025-04-01,EU + EFTA + UK,Lexus,TTM,Q,241445,2025Q2,1743465600000
2025-04-01,EU + EFTA + UK,Lexus,UNITS,Q,19227,2025Q2,1743465600000
2025-04-01,EU + EFTA + UK,Lexus,YTD,Q,101211,2025Q2,1743465600000
2025-04-01,EU + EFTA + UK,Mazda,TTM,Q,480379,2025Q2,1743465600000
2025-04-01,EU + EFTA + UK,Mazda,UNITS,Q,36595,2025Q2,1743465600000
2025-04-01,EU + EFTA + UK,Mazda,YTD,Q,199480,2025Q2,1743465600000
2025-04-01,EU + EFTA + UK,Mercedes,TTM,Q,2113203,2025Q2,1743465600000
2025-04-01,EU + EFTA + UK,Mercedes,UNITS,Q,169922,2025Q2,1743465600000
2025-04-01,EU + EFTA + UK,Mercedes,YTD,Q,816473,2025Q2,1743465600000
2025-04-01,EU + EFTA + UK,Mercedes-Benz,TTM,Q,2051438,2025Q2,1743465600000
2025-04-01,EU + EFTA + UK,Mercedes-Benz,UNITS,Q,172664,2025Q2,1743465600000
2025-04-01,EU + EFTA + UK,Mercedes-Benz,YTD,Q,827237,2025Q2,1743465600000
2025-04-01,EU + EFTA + UK,Mini,TTM,Q,454342,2025Q2,1743465600000
2025-04-01,EU + EFTA + UK,Mini,UNITS,Q,39898,2025Q2,1743465600000
2025-04-01,EU + EFTA + UK,Mini,YTD,Q,199633,2025Q2,1743465600000
2025-04-01,EU + EFTA + UK,Mitsubishi,TTM,Q,155010,2025Q2,1743465600000
2025-04-01,EU + EFTA + UK,Mitsubishi,UNITS,Q,15905,2025Q2,1743465600000
2025-04-01,EU + EFTA + UK,Mitsubishi,YTD,Q,67463,2025Q2,1743465600000
2025-04-01,EU + EFTA + UK,Nissan,TTM,Q,902730,2025Q2,1743465600000
2025-04-01,EU + EFTA + UK,Nissan,UNITS,Q,65337,2025Q2,1743465600000
2025-04-01,EU + EFTA + UK,Nissan,YTD,Q,421137,2025Q2,1743465600000
2025-04-01,EU + EFTA + UK,Opel/Vauxhall,TTM,Q,1182122,2025Q2,1743465600000
2025-04-01,EU + EFTA + UK,Opel/Vauxhall,UNITS,Q,105017,2025Q2,1743465600000
2025-04-01,EU + EFTA + UK,Opel/Vauxhall,YTD,Q,493898,2025Q2,1743465600000
2025-04-01,EU + EFTA + UK,Peugeot,TTM,Q,1989735,2025Q2,1743465600000
2025-04-01,EU + EFTA + UK,Peugeot,UNITS,Q,173096,2025Q2,1743465600000
2025-04-01,EU + EFTA + UK,Peugeot,YTD,Q,909536,2025Q2,1743465600000
2025-04-01,EU + EFTA + UK,Porsche,TTM,Q,296958,2025Q2,1743465600000
2025-04-01,EU + EFTA + UK,Porsche,UNITS,Q,24887,2025Q2,1743465600000
2025-04-01,EU + EFTA + UK,Porsche,YTD,Q,125879,2025Q2,1743465600000
2025-04-01,EU + EFTA + UK,Renault,TTM,Q,2195369,2025Q2,1743465600000
2025-04-01,EU + EFTA + UK,Renault,UNITS,Q,206894,2025Q2,1743465600000
2025-04-01,EU + EFTA + UK,Renault,YTD,Q,962822,2025Q2,1743465600000
2025-04-01,EU + EFTA + UK,Renault Group,TTM,Q,4016006,2025Q2,1743465600000
2025-04-01,EU + EFTA + UK,Renault Group,UNITS,Q,363141,2025Q2,1743465600000
2025-04-01,EU + EFTA + UK,Renault Group,YTD,Q,1728747,2025Q2,1743465600000
2025-04-01,EU + EFTA + UK,SAIC Motor,TTM,Q,843922,2025Q2,1743465600000
2025-04-01,EU + EFTA + UK,SAIC Motor,UNITS,Q,69713,2025Q2,1743465600000
2025-04-01,EU + EFTA + UK,SAIC Motor,YTD,Q,380297,2025Q2,1743465600000
2025-04-01,EU + EFTA + UK,Seat,TTM,Q,733940,2025Q2,1743465600000
2025-04-01,EU + EFTA + UK,Seat,UNITS,Q,54877,2025Q2,1743465600000
2025-04-01,EU + EFTA + UK,Seat,YTD,Q,281206,2025Q2,1743465600000
2025-04-01,EU + EFTA + UK,Skoda,TTM,Q,2352577,2025Q2,1743465600000
2025-04-01,EU + EFTA + UK,Skoda,UNITS,Q,216017,2025Q2,1743465600000
2025-04-01,EU + EFTA + UK,Skoda,YTD,Q,999575,2025Q2,1743465600000
2025-04-01,EU + EFTA + UK,Smart,TTM,Q,68282,2025Q2,1743465600000
2025-04-01,EU + EFTA + UK,Smart,UNITS,Q,2742,2025Q2,1743465600000
2025-04-01,EU + EFTA + UK,Smart,YTD,Q,10764,2025Q2,1743465600000
2025-04-01,EU + EFTA + UK,Stellantis,TTM,Q,5807927,2025Q2,1743465600000
2025-04-01,EU + EFTA + UK,Stellantis,UNITS,Q,512559,2025Q2,1743465600000
2025-04-01,EU + EFTA + UK,Stellantis,YTD,Q,2585754,2025Q2,1743465600000
2025-04-01,EU + EFTA + UK,Suzuki,TTM,Q,562008,2025Q2,1743465600000
2025-04-01,EU + EFTA + UK,Suzuki,UNITS,Q,44623,2025Q2,1743465600000
2025-04-01,EU + EFTA + UK,Suzuki,YTD,Q,237100,2025Q2,1743465600000
2025-04-01,EU + EFTA + UK,Tesla,TTM,Q,729941,2025Q2,1743465600000
2025-04-01,EU + EFTA + UK,Tesla,UNITS,Q,49303,2025Q2,1743465600000
2025-04-01,EU + EFTA + UK,Tesla,YTD,Q,237091,2025Q2,1743465600000
2025-04-01,EU + EFTA + UK,Toyota,TTM,Q,2734460,2025Q2,1743465600000
2025-04-01,EU + EFTA + UK,Toyota,UNITS,Q,216886,2025Q2,1743465600000
2025-04-01,EU + EFTA + UK,Toyota,YTD,Q,1116973,2025Q2,1743465600000
2025-04-01,EU + EFTA + UK,Toyota Group,TTM,Q,2975905,2025Q2,1743465600000
2025-04-01,EU + EFTA + UK,Toyota Group,UNITS,Q,236113,2025Q2,1743465600000
2025-04-01,EU + EFTA + UK,Toyota Group,YTD,Q,1218184,2025Q2,1743465600000
2025-04-01,EU + EFTA + UK,Volkswagen,TTM,Q,4270782,2025Q2,1743465600000
2025-04-01,EU + EFTA + UK,Volkswagen,UNITS,Q,376000,2025Q2,1743465600000
2025-04-01,EU + EFTA + UK,Volkswagen,YTD,Q,1832311,2025Q2,1743465600000
2025-04-01,EU + EFTA + UK,Volkswagen Group,TTM,Q,10465510,2025Q2,1743465600000
2025-04-01,EU + EFTA + UK,Volkswagen Group,UNITS,Q,917617,2025Q2,1743465600000
2025-04-01,EU + EFTA + UK,Volkswagen Group,YTD,Q,4437700,2025Q2,1743465600000
2025-04-01,EU + EFTA + UK,Volvo Cars,TTM,Q,1084188,2025Q2,1743465600000
2025-04-01,EU + EFTA + UK,Volvo Cars,UNITS,Q,87888,2025Q2,1743465600000
2025-04-01,EU + EFTA + UK,Volvo Cars,YTD,Q,426873,2025Q2,1743465600000
2025-04-01,European Union (EU),Alfa Romeo,TTM,Q,150025,2025Q2,1743465600000
2025-04-01,European Union (EU),Alfa Romeo,UNITS,Q,16114,2025Q2,1743465600000
2025-04-01,European Union (EU),Alfa Romeo,YTD,Q,82319,2025Q2,1743465600000
2025-04-01,European Union (EU),Alpine,TTM,Q,16630,2025Q2,1743465600000
2025-04-01,European Union (EU),Alpine,UNITS,Q,2331,2025Q2,1743465600000
2025-04-01,European Union (EU),Alpine,YTD,Q,10133,2025Q2,1743465600000
2025-04-01,European Union (EU),Audi,TTM,Q,1554311,2025Q2,1743465600000
2025-04-01,European Union (EU),Audi,UNITS,Q,138304,2025Q2,1743465600000
2025-04-01,European Union (EU),Audi,YTD,Q,662998,2025Q2,1743465600000
2025-04-01,European Union (EU),BMW,TTM,Q,1878630,2025Q2,1743465600000
2025-04-01,European Union (EU),BMW,UNITS,Q,170295,2025Q2,1743465600000
2025-04-01,European Union (EU),BMW,YTD,Q,797893,2025Q2,1743465600000
2025-04-01,European Union (EU),BMW Group,TTM,Q,2189997,2025Q2,1743465600000
2025-04-01,European Union (EU),BMW Group,UNITS,Q,198722,2025Q2,1743465600000
2025-04-01,European Union (EU),BMW Group,YTD,Q,932602,2025Q2,1743465600000
2025-04-01,European Union (EU),BYD,TTM,Q,178620,2025Q2,1743465600000
2025-04-01,European Union (EU),BYD,UNITS,Q,20223,2025Q2,1743465600000
2025-04-01,European Union (EU),BYD,YTD,Q,101115,2025Q2,1743465600000
2025-04-01,European Union (EU),Citroen,TTM,Q,920421,2025Q2,1743465600000
2025-04-01,European Union (EU),Citroen,UNITS,Q,93827,2025Q2,1743465600000
2025-04-01,European Union (EU),Citroen,YTD,Q,450745,2025Q2,1743465600000
2025-04-01,European Union (EU),Cupra,TTM,Q,649608,2025Q2,1743465600000
2025-04-01,European Union (EU),Cupra,UNITS,Q,69541,2025Q2,1743465600000
2025-04-01,European Union (EU),Cupra,YTD,Q,325449,2025Q2,1743465600000
2025-04-01,European Union (EU),DS,TTM,Q,97030,2025Q2,1743465600000
2025-04-01,European Union (EU),DS,UNITS,Q,8490,2025Q2,1743465600000
2025-04-01,European Union (EU),DS,YTD,Q,40848,2025Q2,1743465600000
2025-04-01,European Union (EU),Dacia,TTM,Q,1640733,2025Q2,1743465600000
2025-04-01,European Union (EU),Dacia,UNITS,Q,152122,2025Q2,1743465600000
2025-04-01,European Union (EU),Dacia,YTD,Q,724993,2025Q2,1743465600000
2025-04-01,European Union (EU),Fiat,TTM,Q,772644,2025Q2,1743465600000
2025-04-01,European Union (EU),Fiat,UNITS,Q,75112,2025Q2,1743465600000
2025-04-01,European Union (EU),Fiat,YTD,Q,375829,2025Q2,1743465600000
2025-04-01,European Union (EU),Ford,TTM,Q,922153,2025Q2,1743465600000
2025-04-01,European Union (EU),Ford,UNITS,Q,84182,2025Q2,1743465600000
2025-04-01,European Union (EU),Ford,YTD,Q,407189,2025Q2,1743465600000
2025-04-01,European Union (EU),Honda,TTM,Q,130416,2025Q2,1743465600000
2025-04-01,European Union (EU),Honda,UNITS,Q,11824,2025Q2,1743465600000
2025-04-01,European Union (EU),Honda,YTD,Q,63792,2025Q2,1743465600000
2025-04-01,European Union (EU),Hyundai,TTM,Q,1234503,2025Q2,1743465600000
2025-04-01,European Union (EU),Hyundai,UNITS,Q,107149,2025Q2,1743465600000
2025-04-01,European Union (EU),Hyundai,YTD,Q,513641,2025Q2,1743465600000
2025-04-01,European Union (EU),Hyundai Group,TTM,Q,2437714,2025Q2,1743465600000
2025-04-01,European Union (EU),Hyundai Group,UNITS,Q,214309,2025Q2,1743465600000
2025-04-01,European Union (EU),Hyundai Group,YTD,Q,1034558,2025Q2,1743465600000
2025-04-01,European Union (EU),Jaguar,TTM,Q,11546,2025Q2,1743465600000
2025-04-01,European Union (EU),Jaguar,UNITS,Q,449,2025Q2,1743465600000
2025-04-01,European Union (EU),Jaguar,YTD,Q,3567,2025Q2,1743465600000
2025-04-01,European Union (EU),Jaguar Land Rover Group,TTM,Q,183921,2025Q2,1743465600000
2025-04-01,European Union (EU),Jaguar Land Rover Group,UNITS,Q,14860,2025Q2,1743465600000
2025-04-01,European Union (EU),Jaguar Land Rover Group,YTD,Q,78326,2025Q2,1743465600000
2025-04-01,European Union (EU),Jeep,TTM,Q,363857,2025Q2,1743465600000
2025-04-01,European Union (EU),Jeep,UNITS,Q,33262,2025Q2,1743465600000
2025-04-01,European Union (EU),Jeep,YTD,Q,169841,2025Q2,1743465600000
2025-04-01,European Union (EU),Kia,TTM,Q,1203211,2025Q2,1743465600000
2025-04-01,European Union (EU),Kia,UNITS,Q,107160,2025Q2,1743465600000
2025-04-01,European Union (EU),Kia,YTD,Q,520917,2025Q2,1743465600000
2025-04-01,European Union (EU),Lancia/Chrysler,TTM,Q,52512,2025Q2,1743465600000
2025-04-01,European Union (EU),Lancia/Chrysler,UNITS,Q,2950,2025Q2,1743465600000
2025-04-01,European Union (EU),Lancia/Chrysler,YTD,Q,16894,2025Q2,1743465600000
2025-04-01,European Union (EU),Land Rover,TTM,Q,172375,2025Q2,1743465600000
2025-04-01,European Union (EU),Land Rover,UNITS,Q,14411,2025Q2,1743465600000
2025-04-01,European Union (EU),Land Rover,YTD,Q,74759,2025Q2,1743465600000
2025-04-01,European Union (EU),Lexus,TTM,Q,217329,2025Q2,1743465600000
2025-04-01,European Union (EU),Lexus,UNITS,Q,21278,2025Q2,1743465600000
2025-04-01,European Union (EU),Lexus,YTD,Q,100435,2025Q2,1743465600000
2025-04-01,European Union (EU),Mazda,TTM,Q,394891,2025Q2,1743465600000
2025-04-01,European Union (EU),Mazda,UNITS,Q,34503,2025Q2,1743465600000
2025-04-01,European Union (EU),Mazda,YTD,Q,165644,2025Q2,1743465600000
2025-04-01,European Union (EU),Mercedes,TTM,Q,1729179,2025Q2,1743465600000
2025-04-01,European Union (EU),Mercedes,UNITS,Q,155460,2025Q2,1743465600000
2025-04-01,European Union (EU),Mercedes,YTD,Q,702180,2025Q2,1743465600000
2025-04-01,European Union (EU),Mercedes-Benz,TTM,Q,1726237,2025Q2,1743465600000
2025-04-01,European Union (EU),Mercedes-Benz,UNITS,Q,157772,2025Q2,1743465600000
2025-04-01,European Union (EU),Mercedes-Benz,YTD,Q,710483,2025Q2,1743465600000
2025-04-01,European Union (EU),Mini,TTM,Q,311370,2025Q2,1743465600000
2025-04-01,European Union (EU),Mini,UNITS,Q,28427,2025Q2,1743465600000
2025-04-01,European Union (EU),Mini,YTD,Q,134712,2025Q2,1743465600000
2025-04-01,European Union (EU),Mitsubishi,TTM,Q,148779,2025Q2,1743465600000
2025-04-01,European Union (EU),Mitsubishi,UNITS,Q,15385,2025Q2,1743465600000
2025-04-01,European Union (EU),Mitsubishi,YTD,Q,65015,2025Q2,1743465600000
2025-04-01,European Union (EU),Nissan,TTM,Q,640844,2025Q2,1743465600000
2025-04-01,European Union (EU),Nissan,UNITS,Q,62409,2025Q2,1743465600000
2025-04-01,European Union (EU),Nissan,YTD,Q,343828,2025Q2,1743465600000
2025-04-01,European Union (EU),Opel/Vauxhall,TTM,Q,915363,2025Q2,1743465600000
2025-04-01,European Union (EU),Opel/Vauxhall,UNITS,Q,87714,2025Q2,1743465600000
2025-04-01,European Union (EU),Opel/Vauxhall,YTD,Q,377110,2025Q2,1743465600000
2025-04-01,European Union (EU),Peugeot,TTM,Q,1736703,2025Q2,1743465600000
2025-04-01,European Union (EU),Peugeot,UNITS,Q,163644,2025Q2,1743465600000
2025-04-01,European Union (EU),Peugeot,YTD,Q,812057,2025Q2,1743465600000
2025-04-01,European Union (EU),Porsche,TTM,Q,217006,2025Q2,1743465600000
2025-04-01,European Union (EU),Porsche,UNITS,Q,19348,2025Q2,1743465600000
2025-04-01,European Union (EU),Porsche,YTD,Q,94744,2025Q2,1743465600000
2025-04-01,European Union (EU),Renault,TTM,Q,2010710,2025Q2,1743465600000
2025-04-01,European Union (EU),Renault,UNITS,Q,199401,2025Q2,1743465600000
2025-04-01,European Union (EU),Renault,YTD,Q,901677,2025Q2,1743465600000
2025-04-01,European Union (EU),Renault Group,TTM,Q,3668073,2025Q2,1743465600000
2025-04-01,European Union (EU),Renault Group,UNITS,Q,353854,2025Q2,1743465600000
2025-04-01,European Union (EU),Renault Group,YTD,Q,1636803,2025Q2,1743465600000
2025-04-01,European Union (EU),SAIC Motor,TTM,Q,577012,2025Q2,1743465600000
2025-04-01,European Union (EU),SAIC Motor,UNITS,Q,59035,2025Q2,1743465600000
2025-04-01,European Union (EU),SAIC Motor,YTD,Q,289920,2025Q2,1743465600000
2025-04-01,European Union (EU),Seat,TTM,Q,620962,2025Q2,1743465600000
2025-04-01,European Union (EU),Seat,UNITS,Q,54245,2025Q2,1743465600000
2025-04-01,European Union (EU),Seat,YTD,Q,261226,2025Q2,1743465600000
2025-04-01,European Union (EU),Skoda,TTM,Q,2028819,2025Q2,1743465600000
2025-04-01,European Union (EU),Skoda,UNITS,Q,190473,2025Q2,1743465600000
2025-04-01,European Union (EU),Skoda,YTD,Q,866851,2025Q2,1743465600000
2025-04-01,European Union (EU),Smart,TTM,Q,18367,2025Q2,1743465600000
2025-04-01,European Union (EU),Smart,UNITS,Q,2312,2025Q2,1743465600000
2025-04-01,European Union (EU),Smart,YTD,Q,8303,2025Q2,1743465600000
2025-04-01,European Union (EU),Stellantis,TTM,Q,5021429,2025Q2,1743465600000
2025-04-01,European Union (EU),Stellantis,UNITS,Q,482261,2025Q2,1743465600000
2025-04-01,European Union (EU),Stellantis,YTD,Q,2331104,2025Q2,1743465600000
2025-04-01,European Union (EU),Suzuki,TTM,Q,490792,2025Q2,1743465600000
2025-04-01,European Union (EU),Suzuki,UNITS,Q,41438,2025Q2,1743465600000
2025-04-01,European Union (EU),Suzuki,YTD,Q,212585,2025Q2,1743465600000
2025-04-01,European Union (EU),Tesla,TTM,Q,637323,2025Q2,1743465600000
2025-04-01,European Union (EU),Tesla,UNITS,Q,47302,2025Q2,1743465600000
2025-04-01,European Union (EU),Tesla,YTD,Q,204931,2025Q2,1743465600000
2025-04-01,European Union (EU),Toyota,TTM,Q,2522787,2025Q2,1743465600000
2025-04-01,European Union (EU),Toyota,UNITS,Q,229812,2025Q2,1743465600000
2025-04-01,European Union (EU),Toyota,YTD,Q,1120257,2025Q2,1743465600000
2025-04-01,European Union (EU),Toyota Group,TTM,Q,2740116,2025Q2,1743465600000
2025-04-01,European Union (EU),Toyota Group,UNITS,Q,251090,2025Q2,1743465600000
2025-04-01,European Union (EU),Toyota Group,YTD,Q,1220692,2025Q2,1743465600000
2025-04-01,European Union (EU),Volkswagen,TTM,Q,3580520,2025Q2,1743465600000
2025-04-01,European Union (EU),Volkswagen,UNITS,Q,331995,2025Q2,1743465600000
2025-04-01,European Union (EU),Volkswagen,YTD,Q,1566383,2025Q2,1743465600000
2025-04-01,European Union (EU),Volkswagen Group,TTM,Q,8669659,2025Q2,1743465600000
2025-04-01,European Union (EU),Volkswagen Group,UNITS,Q,805936,2025Q2,1743465600000
2025-04-01,European Union (EU),Volkswagen Group,YTD,Q,3786923,2025Q2,1743465600000
2025-04-01,European Union (EU),Volvo Cars,TTM,Q,777578,2025Q2,1743465600000
2025-04-01,European Union (EU),Volvo Cars,UNITS,Q,66025,2025Q2,1743465600000
2025-04-01,European Union (EU),Volvo Cars,YTD,Q,314992,2025Q2,1743465600000
2025-07-01,EU + EFTA + UK,Alfa Romeo,TTM,Q,173214,2025Q3,1751328000000
2025-07-01,EU + EFTA + UK,Alfa Romeo,UNITS,Q,12951,2025Q3,1751328000000
2025-07-01,EU + EFTA + UK,Alfa Romeo,YTD,Q,128313,2025Q3,1751328000000
2025-07-01,EU + EFTA + UK,Alpine,TTM,Q,23661,2025Q3,1751328000000
2025-07-01,EU + EFTA + UK,Alpine,UNITS,Q,2070,2025Q3,1751328000000
2025-07-01,EU + EFTA + UK,Alpine,YTD,Q,19530,2025Q3,1751328000000
2025-07-01,EU + EFTA + UK,Audi,TTM,Q,1947525,2025Q3,1751328000000
2025-07-01,EU + EFTA + UK,Audi,UNITS,Q,158913,2025Q3,1751328000000
2025-07-01,EU + EFTA + UK,Audi,YTD,Q,1298550,2025Q3,1751328000000
2025-07-01,EU + EFTA + UK,BMW,TTM,Q,2417466,2025Q3,1751328000000
2025-07-01,EU + EFTA + UK,BMW,UNITS,Q,203625,2025Q3,1751328000000
2025-07-01,EU + EFTA + UK,BMW,YTD,Q,1626957,2025Q3,1751328000000
2025-07-01,EU + EFTA + UK,BMW Group,TTM,Q,2907729,2025Q3,1751328000000
2025-07-01,EU + EFTA + UK,BMW Group,UNITS,Q,249837,2025Q3,1751328000000
2025-07-01,EU + EFTA + UK,BMW Group,YTD,Q,1960566,2025Q3,1751328000000
2025-07-01,EU + EFTA + UK,BYD,TTM,Q,306555,2025Q3,1751328000000
2025-07-01,EU + EFTA + UK,BYD,UNITS,Q,40509,2025Q3,1751328000000
2025-07-01,EU + EFTA + UK,BYD,YTD,Q,232128,2025Q3,1751328000000
2025-07-01,EU + EFTA + UK,Citroen,TTM,Q,1018347,2025Q3,1751328000000
2025-07-01,EU + EFTA + UK,Citroen,UNITS,Q,78999,2025Q3,1751328000000
2025-07-01,EU + EFTA + UK,Citroen,YTD,Q,725010,2025Q3,1751328000000
2025-07-01,EU + EFTA + UK,Cupra,TTM,Q,832041,2025Q3,1751328000000
2025-07-01,EU + EFTA + UK,Cupra,UNITS,Q,72597,2025Q3,1751328000000
2025-07-01,EU + EFTA + UK,Cupra,YTD,Q,600336,2025Q3,1751328000000
2025-07-01,EU + EFTA + UK,DS,TTM,Q,98445,2025Q3,1751328000000
2025-07-01,EU + EFTA + UK,DS,UNITS,Q,6735,2025Q3,1751328000000
2025-07-01,EU + EFTA + UK,DS,YTD,Q,64701,2025Q3,1751328000000
2025-07-01,EU + EFTA + UK,Dacia,TTM,Q,1841367,2025Q3,1751328000000
2025-07-01,EU + EFTA + UK,Dacia,UNITS,Q,161835,2025Q3,1751328000000
2025-07-01,EU + EFTA + UK,Dacia,YTD,Q,1243209,2025Q3,1751328000000
2025-07-01,EU + EFTA + UK,Fiat,TTM,Q,804567,2025Q3,1751328000000
2025-07-01,EU + EFTA + UK,Fiat,UNITS,Q,66942,2025Q3,1751328000000
2025-07-01,EU + EFTA + UK,Fiat,YTD,Q,584316,2025Q3,1751328000000
2025-07-01,EU + EFTA + UK,Ford,TTM,Q,1278963,2025Q3,1751328000000
2025-07-01,EU + EFTA + UK,Ford,UNITS,Q,107574,2025Q3,1751328000000
2025-07-01,EU + EFTA + UK,Ford,YTD,Q,885855,2025Q3,1751328000000
2025-07-01,EU + EFTA + UK,Honda,TTM,Q,208644,2025Q3,1751328000000
2025-07-01,EU + EFTA + UK,Honda,UNITS,Q,18072,2025Q3,1751328000000
2025-07-01,EU + EFTA + UK,Honda,YTD,Q,147861,2025Q3,1751328000000
2025-07-01,EU + EFTA + UK,Hyundai,TTM,Q,1614246,2025Q3,1751328000000
2025-07-01,EU + EFTA + UK,Hyundai,UNITS,Q,147444,2025Q3,1751328000000
2025-07-01,EU + EFTA + UK,Hyundai,YTD,Q,1095810,2025Q3,1751328000000
2025-07-01,EU + EFTA + UK,Hyundai Group,TTM,Q,3178368,2025Q3,1751328000000
2025-07-01,EU + EFTA + UK,Hyundai Group,UNITS,Q,275457,2025Q3,1751328000000
2025-07-01,EU + EFTA + UK,Hyundai Group,YTD,Q,2172522,2025Q3,1751328000000
2025-07-01,EU + EFTA + UK,Jaguar,TTM,Q,23772,2025Q3,1751328000000
2025-07-01,EU + EFTA + UK,Jaguar,UNITS,Q,21,2025Q3,1751328000000
2025-07-01,EU + EFTA + UK,Jaguar,YTD,Q,8256,2025Q3,1751328000000
2025-07-01,EU + EFTA + UK,Jaguar Land Rover Group,TTM,Q,408027,2025Q3,1751328000000
2025-07-01,EU + EFTA + UK,Jaguar Land Rover Group,UNITS,Q,29484,2025Q3,1751328000000
2025-07-01,EU + EFTA + UK,Jaguar Land Rover Group,YTD,Q,275343,2025Q3,1751328000000
2025-07-01,EU + EFTA + UK,Jeep,TTM,Q,405219,2025Q3,1751328000000
2025-07-01,EU + EFTA + UK,Jeep,UNITS,Q,31266,2025Q3,1751328000000
2025-07-01,EU + EFTA + UK,Jeep,YTD,Q,280275,2025Q3,1751328000000
2025-07-01,EU + EFTA + UK,Kia,TTM,Q,1564122,2025Q3,1751328000000
2025-07-01,EU + EFTA + UK,Kia,UNITS,Q,128013,2025Q3,1751328000000
2025-07-01,EU + EFTA + UK,Kia,YTD,Q,1076712,2025Q3,1751328000000
2025-07-01,EU + EFTA + UK,Lancia/Chrysler,TTM,Q,42696,2025Q3,1751328000000
2025-07-01,EU + EFTA + UK,Lancia/Chrysler,UNITS,Q,2715,2025Q3,1751328000000
2025-07-01,EU + EFTA + UK,Lancia/Chrysler,YTD,Q,26655,2025Q3,1751328000000
2025-07-01,EU + EFTA + UK,Land Rover,TTM,Q,384255,2025Q3,1751328000000
2025-07-01,EU + EFTA + UK,Land Rover,UNITS,Q,29463,2025Q3,1751328000000
2025-07-01,EU + EFTA + UK,Land Rover,YTD,Q,267087,2025Q3,1751328000000
2025-07-01,EU + EFTA + UK,Lexus,TTM,Q,240231,2025Q3,1751328000000
2025-07-01,EU + EFTA + UK,Lexus,UNITS,Q,18177,2025Q3,1751328000000
2025-07-01,EU + EFTA + UK,Lexus,YTD,Q,157689,2025Q3,1751328000000
2025-07-01,EU + EFTA + UK,Mazda,TTM,Q,458337,2025Q3,1751328000000
2025-07-01,EU + EFTA + UK,Mazda,UNITS,Q,30108,2025Q3,1751328000000
2025-07-01,EU + EFTA + UK,Mazda,YTD,Q,301701,2025Q3,1751328000000
2025-07-01,EU + EFTA + UK,Mercedes-Benz,TTM,Q,2050683,2025Q3,1751328000000
2025-07-01,EU + EFTA + UK,Mercedes-Benz,UNITS,Q,160374,2025Q3,1751328000000
2025-07-01,EU + EFTA + UK,Mercedes-Benz,YTD,Q,1332072,2025Q3,1751328000000
2025-07-01,EU + EFTA + UK,Mini,TTM,Q,490263,2025Q3,1751328000000
2025-07-01,EU + EFTA + UK,Mini,UNITS,Q,46212,2025Q3,1751328000000
2025-07-01,EU + EFTA + UK,Mini,YTD,Q,333609,2025Q3,1751328000000
2025-07-01,EU + EFTA + UK,Mitsubishi,TTM,Q,155244,2025Q3,1751328000000
2025-07-01,EU + EFTA + UK,Mitsubishi,UNITS,Q,9981,2025Q3,1751328000000
2025-07-01,EU + EFTA + UK,Mitsubishi,YTD,Q,105285,2025Q3,1751328000000
2025-07-01,EU + EFTA + UK,Nissan,TTM,Q,886029,2025Q3,1751328000000
2025-07-01,EU + EFTA + UK,Nissan,UNITS,Q,62646,2025Q3,1751328000000
2025-07-01,EU + EFTA + UK,Nissan,YTD,Q,618276,2025Q3,1751328000000
2025-07-01,EU + EFTA + UK,Opel/Vauxhall,TTM,Q,1187541,2025Q3,1751328000000
2025-07-01,EU + EFTA + UK,Opel/Vauxhall,UNITS,Q,108837,2025Q3,1751328000000
2025-07-01,EU + EFTA + UK,Opel/Vauxhall,YTD,Q,826026,2025Q3,1751328000000
2025-07-01,EU + EFTA + UK,Peugeot,TTM,Q,1992054,2025Q3,1751328000000
2025-07-01,EU + EFTA + UK,Peugeot,UNITS,Q,144081,2025Q3,1751328000000
2025-07-01,EU + EFTA + UK,Peugeot,YTD,Q,1375242,2025Q3,1751328000000
2025-07-01,EU + EFTA + UK,Porsche,TTM,Q,305451,2025Q3,1751328000000
2025-07-01,EU + EFTA + UK,Porsche,UNITS,Q,23403,2025Q3,1751328000000
2025-07-01,EU + EFTA + UK,Porsche,YTD,Q,197805,2025Q3,1751328000000
2025-07-01,EU + EFTA + UK,Renault,TTM,Q,2203779,2025Q3,1751328000000
2025-07-01,EU + EFTA + UK,Renault,UNITS,Q,148677,2025Q3,1751328000000
2025-07-01,EU + EFTA + UK,Renault,YTD,Q,1485915,2025Q3,1751328000000
2025-07-01,EU + EFTA + UK,Renault Group,TTM,Q,4068807,2025Q3,1751328000000
2025-07-01,EU + EFTA + UK,Renault Group,UNITS,Q,312582,2025Q3,1751328000000
2025-07-01,EU + EFTA + UK,Renault Group,YTD,Q,2748654,2025Q3,1751328000000
2025-07-01,EU + EFTA + UK,SAIC Motor,TTM,Q,850401,2025Q3,1751328000000
2025-07-01,EU + EFTA + UK,SAIC Motor,UNITS,Q,69948,2025Q3,1751328000000
2025-07-01,EU + EFTA + UK,SAIC Motor,YTD,Q,594588,2025Q3,1751328000000
2025-07-01,EU + EFTA + UK,Seat,TTM,Q,681186,2025Q3,1751328000000
2025-07-01,EU + EFTA + UK,Seat,UNITS,Q,55692,2025Q3,1751328000000
2025-07-01,EU + EFTA + UK,Seat,YTD,Q,449880,2025Q3,1751328000000
2025-07-01,EU + EFTA + UK,Skoda,TTM,Q,2484759,2025Q3,1751328000000
2025-07-01,EU + EFTA + UK,Skoda,UNITS,Q,232773,2025Q3,1751328000000
2025-07-01,EU + EFTA + UK,Skoda,YTD,Q,1689825,2025Q3,1751328000000
2025-07-01,EU + EFTA + UK,Stellantis,TTM,Q,5738802,2025Q3,1751328000000
2025-07-01,EU + EFTA + UK,Stellantis,UNITS,Q,454173,2025Q3,1751328000000
2025-07-01,EU + EFTA + UK,Stellantis,YTD,Q,4021740,2025Q3,1751328000000
2025-07-01,EU + EFTA + UK,Suzuki,TTM,Q,536181,2025Q3,1751328000000
2025-07-01,EU + EFTA + UK,Suzuki,UNITS,Q,40128,2025Q3,1751328000000
2025-07-01,EU + EFTA + UK,Suzuki,YTD,Q,362880,2025Q3,1751328000000
2025-07-01,EU + EFTA + UK,Tesla,TTM,Q,661890,2025Q3,1751328000000
2025-07-01,EU + EFTA + UK,Tesla,UNITS,Q,26511,2025Q3,1751328000000
2025-07-01,EU + EFTA + UK,Tesla,YTD,Q,366936,2025Q3,1751328000000
2025-07-01,EU + EFTA + UK,Toyota,TTM,Q,2690217,2025Q3,1751328000000
2025-07-01,EU + EFTA + UK,Toyota,UNITS,Q,214128,2025Q3,1751328000000
2025-07-01,EU + EFTA + UK,Toyota,YTD,Q,1764837,2025Q3,1751328000000
2025-07-01,EU + EFTA + UK,Toyota Group,TTM,Q,2930448,2025Q3,1751328000000
2025-07-01,EU + EFTA + UK,Toyota Group,UNITS,Q,232305,2025Q3,1751328000000
2025-07-01,EU + EFTA + UK,Toyota Group,YTD,Q,1922526,2025Q3,1751328000000
2025-07-01,EU + EFTA + UK,Volkswagen,TTM,Q,4336773,2025Q3,1751328000000
2025-07-01,EU + EFTA + UK,Volkswagen,UNITS,Q,373392,2025Q3,1751328000000
2025-07-01,EU + EFTA + UK,Volkswagen,YTD,Q,2965233,2025Q3,1751328000000
2025-07-01,EU + EFTA + UK,Volkswagen Group,TTM,Q,10614801,2025Q3,1751328000000
2025-07-01,EU + EFTA + UK,Volkswagen Group,UNITS,Q,919629,2025Q3,1751328000000
2025-07-01,EU + EFTA + UK,Volkswagen Group,YTD,Q,7221585,2025Q3,1751328000000
2025-07-01,EU + EFTA + UK,Volvo Cars,TTM,Q,1040721,2025Q3,1751328000000
2025-07-01,EU + EFTA + UK,Volvo Cars,UNITS,Q,75090,2025Q3,1751328000000
2025-07-01,EU + EFTA + UK,Volvo Cars,YTD,Q,667191,2025Q3,1751328000000
2025-07-01,European Union (EU),Alfa Romeo,TTM,Q,160707,2025Q3,1751328000000
2025-07-01,European Union (EU),Alfa Romeo,UNITS,Q,11742,2025Q3,1751328000000
2025-07-01,European Union (EU),Alfa Romeo,YTD,Q,119337,2025Q3,1751328000000
2025-07-01,European Union (EU),Alpine,TTM,Q,19432,2025Q3,1751328000000
2025-07-01,European Union (EU),Alpine,UNITS,Q,1544,2025Q3,1751328000000
2025-07-01,European Union (EU),Alpine,YTD,Q,15755,2025Q3,1751328000000
2025-07-01,European Union (EU),Audi,TTM,Q,1530826,2025Q3,1751328000000
2025-07-01,European Union (EU),Audi,UNITS,Q,118866,2025Q3,1751328000000
2025-07-01,European Union (EU),Audi,YTD,Q,1040121,2025Q3,1751328000000
2025-07-01,European Union (EU),BMW,TTM,Q,1910486,2025Q3,1751328000000
2025-07-01,European Union (EU),BMW,UNITS,Q,149207,2025Q3,1751328000000
2025-07-01,European Union (EU),BMW,YTD,Q,1278254,2025Q3,1751328000000
2025-07-01,European Union (EU),BMW Group,TTM,Q,2241068,2025Q3,1751328000000
2025-07-01,European Union (EU),BMW Group,UNITS,Q,178908,2025Q3,1751328000000
2025-07-01,European Union (EU),BMW Group,YTD,Q,1500976,2025Q3,1751328000000
2025-07-01,European Union (EU),BYD,TTM,Q,240310,2025Q3,1751328000000
2025-07-01,European Union (EU),BYD,UNITS,Q,32049,2025Q3,1751328000000
2025-07-01,European Union (EU),BYD,YTD,Q,181913,2025Q3,1751328000000
2025-07-01,European Union (EU),Citroen,TTM,Q,923835,2025Q3,1751328000000
2025-07-01,European Union (EU),Citroen,UNITS,Q,70103,2025Q3,1751328000000
2025-07-01,European Union (EU),Citroen,YTD,Q,683518,2025Q3,1751328000000
2025-07-01,European Union (EU),Cupra,TTM,Q,692970,2025Q3,1751328000000
2025-07-01,European Union (EU),Cupra,UNITS,Q,55856,2025Q3,1751328000000
2025-07-01,European Union (EU),Cupra,YTD,Q,505368,2025Q3,1751328000000
2025-07-01,European Union (EU),DS,TTM,Q,92540,2025Q3,1751328000000
2025-07-01,European Union (EU),DS,UNITS,Q,5849,2025Q3,1751328000000
2025-07-01,European Union (EU),DS,YTD,Q,60892,2025Q3,1751328000000
2025-07-01,European Union (EU),Dacia,TTM,Q,1679313,2025Q3,1751328000000
2025-07-01,European Union (EU),Dacia,UNITS,Q,131661,2025Q3,1751328000000
2025-07-01,European Union (EU),Dacia,YTD,Q,1151430,2025Q3,1751328000000
2025-07-01,European Union (EU),Fiat,TTM,Q,745809,2025Q3,1751328000000
2025-07-01,European Union (EU),Fiat,UNITS,Q,57533,2025Q3,1751328000000
2025-07-01,European Union (EU),Fiat,YTD,Q,560251,2025Q3,1751328000000
2025-07-01,European Union (EU),Ford,TTM,Q,925332,2025Q3,1751328000000
2025-07-01,European Union (EU),Ford,UNITS,Q,70299,2025Q3,1751328000000
2025-07-01,European Union (EU),Ford,YTD,Q,634165,2025Q3,1751328000000
2025-07-01,European Union (EU),Honda,TTM,Q,134104,2025Q3,1751328000000
2025-07-01,European Union (EU),Honda,UNITS,Q,10856,2025Q3,1751328000000
2025-07-01,European Union (EU),Honda,YTD,Q,96344,2025Q3,1751328000000
2025-07-01,European Union (EU),Hyundai,TTM,Q,1237283,2025Q3,1751328000000
2025-07-01,European Union (EU),Hyundai,UNITS,Q,104951,2025Q3,1751328000000
2025-07-01,European Union (EU),Hyundai,YTD,Q,841073,2025Q3,1751328000000
2025-07-01,European Union (EU),Hyundai Group,TTM,Q,2416251,2025Q3,1751328000000
2025-07-01,European Union (EU),Hyundai Group,UNITS,Q,194798,2025Q3,1751328000000
2025-07-01,European Union (EU),Hyundai Group,YTD,Q,1646200,2025Q3,1751328000000
2025-07-01,European Union (EU),Jaguar,TTM,Q,7965,2025Q3,1751328000000
2025-07-01,European Union (EU),Jaguar,UNITS,Q,1,2025Q3,1751328000000
2025-07-01,European Union (EU),Jaguar,YTD,Q,3690,2025Q3,1751328000000
2025-07-01,European Union (EU),Jaguar Land Rover Group,TTM,Q,176257,2025Q3,1751328000000
2025-07-01,European Union (EU),Jaguar Land Rover Group,UNITS,Q,12277,2025Q3,1751328000000
2025-07-01,European Union (EU),Jaguar Land Rover Group,YTD,Q,117516,2025Q3,1751328000000
2025-07-01,European Union (EU),Jeep,TTM,Q,359857,2025Q3,1751328000000
2025-07-01,European Union (EU),Jeep,UNITS,Q,25401,2025Q3,1751328000000
2025-07-01,European Union (EU),Jeep,YTD,Q,251077,2025Q3,1751328000000
2025-07-01,European Union (EU),Kia,TTM,Q,1178968,2025Q3,1751328000000
2025-07-01,European Union (EU),Kia,UNITS,Q,89847,2025Q3,1751328000000
2025-07-01,European Union (EU),Kia,YTD,Q,805127,2025Q3,1751328000000
2025-07-01,European Union (EU),Lancia/Chrysler,TTM,Q,35005,2025Q3,1751328000000
2025-07-01,European Union (EU),Lancia/Chrysler,UNITS,Q,2245,2025Q3,1751328000000
2025-07-01,European Union (EU),Lancia/Chrysler,YTD,Q,23969,2025Q3,1751328000000
2025-07-01,European Union (EU),Land Rover,TTM,Q,168292,2025Q3,1751328000000
2025-07-01,European Union (EU),Land Rover,UNITS,Q,12276,2025Q3,1751328000000
2025-07-01,European Union (EU),Land Rover,YTD,Q,113826,2025Q3,1751328000000
2025-07-01,European Union (EU),Lexus,TTM,Q,215613,2025Q3,1751328000000
2025-07-01,European Union (EU),Lexus,UNITS,Q,14659,2025Q3,1751328000000
2025-07-01,European Union (EU),Lexus,YTD,Q,150892,2025Q3,1751328000000
2025-07-01,European Union (EU),Mazda,TTM,Q,375774,2025Q3,1751328000000
2025-07-01,European Union (EU),Mazda,UNITS,Q,25013,2025Q3,1751328000000
2025-07-01,European Union (EU),Mazda,YTD,Q,245743,2025Q3,1751328000000
2025-07-01,European Union (EU),Mercedes-Benz,TTM,Q,1736872,2025Q3,1751328000000
2025-07-01,European Union (EU),Mercedes-Benz,UNITS,Q,134903,2025Q3,1751328000000
2025-07-01,European Union (EU),Mercedes-Benz,YTD,Q,1131664,2025Q3,1751328000000
2025-07-01,European Union (EU),Mini,TTM,Q,330585,2025Q3,1751328000000
2025-07-01,European Union (EU),Mini,UNITS,Q,29701,2025Q3,1751328000000
2025-07-01,European Union (EU),Mini,YTD,Q,222725,2025Q3,1751328000000
2025-07-01,European Union (EU),Mitsubishi,TTM,Q,145581,2025Q3,1751328000000
2025-07-01,European Union (EU),Mitsubishi,UNITS,Q,7624,2025Q3,1751328000000
2025-07-01,European Union (EU),Mitsubishi,YTD,Q,97741,2025Q3,1751328000000
2025-07-01,European Union (EU),Nissan,TTM,Q,638354,2025Q3,1751328000000
2025-07-01,European Union (EU),Nissan,UNITS,Q,38993,2025Q3,1751328000000
2025-07-01,European Union (EU),Nissan,YTD,Q,466867,2025Q3,1751328000000
2025-07-01,European Union (EU),Opel/Vauxhall,TTM,Q,914823,2025Q3,1751328000000
2025-07-01,European Union (EU),Opel/Vauxhall,UNITS,Q,78862,2025Q3,1751328000000
2025-07-01,European Union (EU),Opel/Vauxhall,YTD,Q,633522,2025Q3,1751328000000
2025-07-01,European Union (EU),Peugeot,TTM,Q,1722044,2025Q3,1751328000000
2025-07-01,European Union (EU),Peugeot,UNITS,Q,112543,2025Q3,1751328000000
2025-07-01,European Union (EU),Peugeot,YTD,Q,1190894,2025Q3,1751328000000
2025-07-01,European Union (EU),Porsche,TTM,Q,219223,2025Q3,1751328000000
2025-07-01,European Union (EU),Porsche,UNITS,Q,14673,2025Q3,1751328000000
2025-07-01,European Union (EU),Porsche,YTD,Q,143779,2025Q3,1751328000000
2025-07-01,European Union (EU),Renault,TTM,Q,2020155,2025Q3,1751328000000
2025-07-01,European Union (EU),Renault,UNITS,Q,134117,2025Q3,1751328000000
2025-07-01,European Union (EU),Renault,YTD,Q,1364609,2025Q3,1751328000000
2025-07-01,European Union (EU),Renault Group,TTM,Q,3718900,2025Q3,1751328000000
2025-07-01,European Union (EU),Renault Group,UNITS,Q,267322,2025Q3,1751328000000
2025-07-01,European Union (EU),Renault Group,YTD,Q,2531794,2025Q3,1751328000000
2025-07-01,European Union (EU),SAIC Motor,TTM,Q,601235,2025Q3,1751328000000
2025-07-01,European Union (EU),SAIC Motor,UNITS,Q,47923,2025Q3,1751328000000
2025-07-01,European Union (EU),SAIC Motor,YTD,Q,438817,2025Q3,1751328000000
2025-07-01,European Union (EU),Seat,TTM,Q,590283,2025Q3,1751328000000
2025-07-01,European Union (EU),Seat,UNITS,Q,43597,2025Q3,1751328000000
2025-07-01,European Union (EU),Seat,YTD,Q,403327,2025Q3,1751328000000
2025-07-01,European Union (EU),Skoda,TTM,Q,2109375,2025Q3,1751328000000
2025-07-01,European Union (EU),Skoda,UNITS,Q,177456,2025Q3,1751328000000
2025-07-01,European Union (EU),Skoda,YTD,Q,1422442,2025Q3,1751328000000
2025-07-01,European Union (EU),Stellantis,TTM,Q,4967476,2025Q3,1751328000000
2025-07-01,European Union (EU),Stellantis,UNITS,Q,365263,2025Q3,1751328000000
2025-07-01,European Union (EU),Stellantis,YTD,Q,3532369,2025Q3,1751328000000
2025-07-01,European Union (EU),Suzuki,TTM,Q,473775,2025Q3,1751328000000
2025-07-01,European Union (EU),Suzuki,UNITS,Q,34571,2025Q3,1751328000000
2025-07-01,European Union (EU),Suzuki,YTD,Q,319649,2025Q3,1751328000000
2025-07-01,European Union (EU),Tesla,TTM,Q,574882,2025Q3,1751328000000
2025-07-01,European Union (EU),Tesla,UNITS,Q,40476,2025Q3,1751328000000
2025-07-01,European Union (EU),Tesla,YTD,Q,316254,2025Q3,1751328000000
2025-07-01,European Union (EU),Toyota,TTM,Q,2496773,2025Q3,1751328000000
2025-07-01,European Union (EU),Toyota,UNITS,Q,185272,2025Q3,1751328000000
2025-07-01,European Union (EU),Toyota,YTD,Q,1712525,2025Q3,1751328000000
2025-07-01,European Union (EU),Toyota Group,TTM,Q,2712386,2025Q3,1751328000000
2025-07-01,European Union (EU),Toyota Group,UNITS,Q,199931,2025Q3,1751328000000
2025-07-01,European Union (EU),Toyota Group,YTD,Q,1863417,2025Q3,1751328000000
2025-07-01,European Union (EU),Volkswagen,TTM,Q,3615147,2025Q3,1751328000000
2025-07-01,European Union (EU),Volkswagen,UNITS,Q,281344,2025Q3,1751328000000
2025-07-01,European Union (EU),Volkswagen,YTD,Q,2469936,2025Q3,1751328000000
2025-07-01,European Union (EU),Volkswagen Group,TTM,Q,8777227,2025Q3,1751328000000
2025-07-01,European Union (EU),Volkswagen Group,UNITS,Q,693579,2025Q3,1751328000000
2025-07-01,European Union (EU),Volkswagen Group,YTD,Q,6000103,2025Q3,1751328000000
2025-07-01,European Union (EU),Volvo Cars,TTM,Q,750393,2025Q3,1751328000000
2025-07-01,European Union (EU),Volvo Cars,UNITS,Q,50001,2025Q3,1751328000000
2025-07-01,European Union (EU),Volvo Cars,YTD,Q,482478,2025Q3,1751328000000
2025-10-01,EU + EFTA + UK,Alfa Romeo,TTM,Q,181113,2025Q4,1759276800000
2025-10-01,EU + EFTA + UK,Alfa Romeo,UNITS,Q,13442,2025Q4,1759276800000
2025-10-01,EU + EFTA + UK,Alfa Romeo,YTD,Q,168646,2025Q4,1759276800000
2025-10-01,EU + EFTA + UK,Alpine,TTM,Q,29261,2025Q4,1759276800000
2025-10-01,EU + EFTA + UK,Alpine,UNITS,Q,3380,2025Q4,1759276800000
2025-10-01,EU + EFTA + UK,Alpine,YTD,Q,27755,2025Q4,1759276800000
2025-10-01,EU + EFTA + UK,Audi,TTM,Q,1963909,2025Q4,1759276800000
2025-10-01,EU + EFTA + UK,Audi,UNITS,Q,180411,2025Q4,1759276800000
2025-10-01,EU + EFTA + UK,Audi,YTD,Q,1811561,2025Q4,1759276800000
2025-10-01,EU + EFTA + UK,BMW,TTM,Q,2436526,2025Q4,1759276800000
2025-10-01,EU + EFTA + UK,BMW,UNITS,Q,203392,2025Q4,1759276800000
2025-10-01,EU + EFTA + UK,BMW,YTD,Q,2233687,2025Q4,1759276800000
2025-10-01,EU + EFTA + UK,BMW Group,TTM,Q,2953776,2025Q4,1759276800000
2025-10-01,EU + EFTA + UK,BMW Group,UNITS,Q,249922,2025Q4,1759276800000
2025-10-01,EU + EFTA + UK,BMW Group,YTD,Q,2706194,2025Q4,1759276800000
2025-10-01,EU + EFTA + UK,BYD,TTM,Q,418349,2025Q4,1759276800000
2025-10-01,EU + EFTA + UK,BYD,UNITS,Q,66281,2025Q4,1759276800000
2025-10-01,EU + EFTA + UK,BYD,YTD,Q,394991,2025Q4,1759276800000
2025-10-01,EU + EFTA + UK,Citroen,TTM,Q,1052119,2025Q4,1759276800000
2025-10-01,EU + EFTA + UK,Citroen,UNITS,Q,86408,2025Q4,1759276800000
2025-10-01,EU + EFTA + UK,Citroen,YTD,Q,980135,2025Q4,1759276800000
2025-10-01,EU + EFTA + UK,Cupra,TTM,Q,884997,2025Q4,1759276800000
2025-10-01,EU + EFTA + UK,Cupra,UNITS,Q,74998,2025Q4,1759276800000
2025-10-01,EU + EFTA + UK,Cupra,YTD,Q,822583,2025Q4,1759276800000
2025-10-01,EU + EFTA + UK,DS,TTM,Q,91774,2025Q4,1759276800000
2025-10-01,EU + EFTA + UK,DS,UNITS,Q,5992,2025Q4,1759276800000
2025-10-01,EU + EFTA + UK,DS,YTD,Q,83513,2025Q4,1759276800000
2025-10-01,EU + EFTA + UK,Dacia,TTM,Q,1863915,2025Q4,1759276800000
2025-10-01,EU + EFTA + UK,Dacia,UNITS,Q,147644,2025Q4,1759276800000
2025-10-01,EU + EFTA + UK,Dacia,YTD,Q,1700699,2025Q4,1759276800000
2025-10-01,EU + EFTA + UK,Fiat,TTM,Q,819641,2025Q4,1759276800000
2025-10-01,EU + EFTA + UK,Fiat,UNITS,Q,60442,2025Q4,1759276800000
2025-10-01,EU + EFTA + UK,Fiat,YTD,Q,775190,2025Q4,1759276800000
2025-10-01,EU + EFTA + UK,Ford,TTM,Q,1286440,2025Q4,1759276800000
2025-10-01,EU + EFTA + UK,Ford,UNITS,Q,99474,2025Q4,1759276800000
2025-10-01,EU + EFTA + UK,Ford,YTD,Q,1192770,2025Q4,1759276800000
2025-10-01,EU + EFTA + UK,Honda,TTM,Q,209870,2025Q4,1759276800000
2025-10-01,EU + EFTA + UK,Honda,UNITS,Q,14982,2025Q4,1759276800000
2025-10-01,EU + EFTA + UK,Honda,YTD,Q,196333,2025Q4,1759276800000
2025-10-01,EU + EFTA + UK,Hyundai,TTM,Q,1628139,2025Q4,1759276800000
2025-10-01,EU + EFTA + UK,Hyundai,UNITS,Q,133102,2025Q4,1759276800000
2025-10-01,EU + EFTA + UK,Hyundai,YTD,Q,1499656,2025Q4,1759276800000
2025-10-01,EU + EFTA + UK,Hyundai Group,TTM,Q,3173153,2025Q4,1759276800000
2025-10-01,EU + EFTA + UK,Hyundai Group,UNITS,Q,244694,2025Q4,1759276800000
2025-10-01,EU + EFTA + UK,Hyundai Group,YTD,Q,2935654,2025Q4,1759276800000
2025-10-01,EU + EFTA + UK,Jaguar,TTM,Q,11088,2025Q4,1759276800000
2025-10-01,EU + EFTA + UK,Jaguar,UNITS,Q,1,2025Q4,1759276800000
2025-10-01,EU + EFTA + UK,Jaguar,YTD,Q,8278,2025Q4,1759276800000
2025-10-01,EU + EFTA + UK,Jaguar Land Rover Group,TTM,Q,388202,2025Q4,1759276800000
2025-10-01,EU + EFTA + UK,Jaguar Land Rover Group,UNITS,Q,25845,2025Q4,1759276800000
2025-10-01,EU + EFTA + UK,Jaguar Land Rover Group,YTD,Q,355149,2025Q4,1759276800000
2025-10-01,EU + EFTA + UK,Jeep,TTM,Q,392591,2025Q4,1759276800000
2025-10-01,EU + EFTA + UK,Jeep,UNITS,Q,25406,2025Q4,1759276800000
2025-10-01,EU + EFTA + UK,Jeep,YTD,Q,363997,2025Q4,1759276800000
2025-10-01,EU + EFTA + UK,Kia,TTM,Q,1545014,2025Q4,1759276800000
2025-10-01,EU + EFTA + UK,Kia,UNITS,Q,111592,2025Q4,1759276800000
2025-10-01,EU + EFTA + UK,Kia,YTD,Q,1435998,2025Q4,1759276800000
2025-10-01,EU + EFTA + UK,Lancia/Chrysler,TTM,Q,38027,2025Q4,1759276800000
2025-10-01,EU + EFTA + UK,Lancia/Chrysler,UNITS,Q,3011,2025Q4,1759276800000
2025-10-01,EU + EFTA + UK,Lancia/Chrysler,YTD,Q,35678,2025Q4,1759276800000
2025-10-01,EU + EFTA + UK,Land Rover,TTM,Q,377114,2025Q4,1759276800000
2025-10-01,EU + EFTA + UK,Land Rover,UNITS,Q,25844,2025Q4,1759276800000
2025-10-01,EU + EFTA + UK,Land Rover,YTD,Q,346871,2025Q4,1759276800000
2025-10-01,EU + EFTA + UK,Lexus,TTM,Q,233409,2025Q4,1759276800000
2025-10-01,EU + EFTA + UK,Lexus,UNITS,Q,17672,2025Q4,1759276800000
2025-10-01,EU + EFTA + UK,Lexus,YTD,Q,211171,2025Q4,1759276800000
2025-10-01,EU + EFTA + UK,Mazda,TTM,Q,451593,2025Q4,1759276800000
2025-10-01,EU + EFTA + UK,Mazda,UNITS,Q,39665,2025Q4,1759276800000
2025-10-01,EU + EFTA + UK,Mazda,YTD,Q,408077,2025Q4,1759276800000
2025-10-01,EU + EFTA + UK,Mercedes-Benz,TTM,Q,2036164,2025Q4,1759276800000
2025-10-01,EU + EFTA + UK,Mercedes-Benz,UNITS,Q,179787,2025Q4,1759276800000
2025-10-01,EU + EFTA + UK,Mercedes-Benz,YTD,Q,1842155,2025Q4,1759276800000
2025-10-01,EU + EFTA + UK,Mini,TTM,Q,517250,2025Q4,1759276800000
2025-10-01,EU + EFTA + UK,Mini,UNITS,Q,46530,2025Q4,1759276800000
2025-10-01,EU + EFTA + UK,Mini,YTD,Q,472507,2025Q4,1759276800000
2025-10-01,EU + EFTA + UK,Mitsubishi,TTM,Q,148147,2025Q4,1759276800000
2025-10-01,EU + EFTA + UK,Mitsubishi,UNITS,Q,10686,2025Q4,1759276800000
2025-10-01,EU + EFTA + UK,Mitsubishi,YTD,Q,133006,2025Q4,1759276800000
2025-10-01,EU + EFTA + UK,Nissan,TTM,Q,875126,2025Q4,1759276800000
2025-10-01,EU + EFTA + UK,Nissan,UNITS,Q,63047,2025Q4,1759276800000
2025-10-01,EU + EFTA + UK,Nissan,YTD,Q,804701,2025Q4,1759276800000
2025-10-01,EU + EFTA + UK,Opel/Vauxhall,TTM,Q,1212362,2025Q4,1759276800000
2025-10-01,EU + EFTA + UK,Opel/Vauxhall,UNITS,Q,94827,2025Q4,1759276800000
2025-10-01,EU + EFTA + UK,Opel/Vauxhall,YTD,Q,1130546,2025Q4,1759276800000
2025-10-01,EU + EFTA + UK,Peugeot,TTM,Q,1948555,2025Q4,1759276800000
2025-10-01,EU + EFTA + UK,Peugeot,UNITS,Q,137456,2025Q4,1759276800000
2025-10-01,EU + EFTA + UK,Peugeot,YTD,Q,1804839,2025Q4,1759276800000
2025-10-01,EU + EFTA + UK,Porsche,TTM,Q,292998,2025Q4,1759276800000
2025-10-01,EU + EFTA + UK,Porsche,UNITS,Q,21049,2025Q4,1759276800000
2025-10-01,EU + EFTA + UK,Porsche,YTD,Q,264286,2025Q4,1759276800000
2025-10-01,EU + EFTA + UK,Renault,TTM,Q,2237266,2025Q4,1759276800000
2025-10-01,EU + EFTA + UK,Renault,UNITS,Q,204621,2025Q4,1759276800000
2025-10-01,EU + EFTA + UK,Renault,YTD,Q,2030364,2025Q4,1759276800000
2025-10-01,EU + EFTA + UK,Renault Group,TTM,Q,4130442,2025Q4,1759276800000
2025-10-01,EU + EFTA + UK,Renault Group,UNITS,Q,355645,2025Q4,1759276800000
2025-10-01,EU + EFTA + UK,Renault Group,YTD,Q,3758818,2025Q4,1759276800000
2025-10-01,EU + EFTA + UK,SAIC Motor,TTM,Q,889903,2025Q4,1759276800000
2025-10-01,EU + EFTA + UK,SAIC Motor,UNITS,Q,79332,2025Q4,1759276800000
2025-10-01,EU + EFTA + UK,SAIC Motor,YTD,Q,815254,2025Q4,1759276800000
2025-10-01,EU + EFTA + UK,Seat,TTM,Q,666183,2025Q4,1759276800000
2025-10-01,EU + EFTA + UK,Seat,UNITS,Q,51973,2025Q4,1759276800000
2025-10-01,EU + EFTA + UK,Seat,YTD,Q,609171,2025Q4,1759276800000
2025-10-01,EU + EFTA + UK,Skoda,TTM,Q,2569709,2025Q4,1759276800000
2025-10-01,EU + EFTA + UK,Skoda,UNITS,Q,219446,2025Q4,1759276800000
2025-10-01,EU + EFTA + UK,Skoda,YTD,Q,2370539,2025Q4,1759276800000
2025-10-01,EU + EFTA + UK,Stellantis,TTM,Q,5752403,2025Q4,1759276800000
2025-10-01,EU + EFTA + UK,Stellantis,UNITS,Q,427971,2025Q4,1759276800000
2025-10-01,EU + EFTA + UK,Stellantis,YTD,Q,5357331,2025Q4,1759276800000
2025-10-01,EU + EFTA + UK,Suzuki,TTM,Q,525024,2025Q4,1759276800000
2025-10-01,EU + EFTA + UK,Suzuki,UNITS,Q,40078,2025Q4,1759276800000
2025-10-01,EU + EFTA + UK,Suzuki,YTD,Q,482984,2025Q4,1759276800000
2025-10-01,EU + EFTA + UK,Tesla,TTM,Q,609441,2025Q4,1759276800000
2025-10-01,EU + EFTA + UK,Tesla,UNITS,Q,65045,2025Q4,1759276800000
2025-10-01,EU + EFTA + UK,Tesla,YTD,Q,495221,2025Q4,1759276800000
2025-10-01,EU + EFTA + UK,Toyota,TTM,Q,2633782,2025Q4,1759276800000
2025-10-01,EU + EFTA + UK,Toyota,UNITS,Q,211901,2025Q4,1759276800000
2025-10-01,EU + EFTA + UK,Toyota,YTD,Q,2396805,2025Q4,1759276800000
2025-10-01,EU + EFTA + UK,Toyota Group,TTM,Q,2867191,2025Q4,1759276800000
2025-10-01,EU + EFTA + UK,Toyota Group,UNITS,Q,229573,2025Q4,1759276800000
2025-10-01,EU + EFTA + UK,Toyota Group,YTD,Q,2607976,2025Q4,1759276800000
2025-10-01,EU + EFTA + UK,Volkswagen,TTM,Q,4412571,2025Q4,1759276800000
2025-10-01,EU + EFTA + UK,Volkswagen,UNITS,Q,365506,2025Q4,1759276800000
2025-10-01,EU + EFTA + UK,Volkswagen,YTD,Q,4068235,2025Q4,1759276800000
2025-10-01,EU + EFTA + UK,Volkswagen Group,TTM,Q,10818394,2025Q4,1759276800000
2025-10-01,EU + EFTA + UK,Volkswagen Group,UNITS,Q,915207,2025Q4,1759276800000
2025-10-01,EU + EFTA + UK,Volkswagen Group,YTD,Q,9972839,2025Q4,1759276800000
2025-10-01,EU + EFTA + UK,Volvo Cars,TTM,Q,1012809,2025Q4,1759276800000
2025-10-01,EU + EFTA + UK,Volvo Cars,UNITS,Q,89439,2025Q4,1759276800000
2025-10-01,EU + EFTA + UK,Volvo Cars,YTD,Q,915945,2025Q4,1759276800000
2025-10-01,European Union (EU),Alfa Romeo,TTM,Q,168834,2025Q4,1759276800000
2025-10-01,European Union (EU),Alfa Romeo,UNITS,Q,12217,2025Q4,1759276800000
2025-10-01,European Union (EU),Alfa Romeo,YTD,Q,157002,2025Q4,1759276800000
2025-10-01,European Union (EU),Alpine,TTM,Q,23182,2025Q4,1759276800000
2025-10-01,European Union (EU),Alpine,UNITS,Q,2460,2025Q4,1759276800000
2025-10-01,European Union (EU),Alpine,YTD,Q,21812,2025Q4,1759276800000
2025-10-01,European Union (EU),Audi,TTM,Q,1566543,2025Q4,1759276800000
2025-10-01,European Union (EU),Audi,UNITS,Q,146066,2025Q4,1759276800000
2025-10-01,European Union (EU),Audi,YTD,Q,1444207,2025Q4,1759276800000
2025-10-01,European Union (EU),BMW,TTM,Q,1921078,2025Q4,1759276800000
2025-10-01,European Union (EU),BMW,UNITS,Q,169026,2025Q4,1759276800000
2025-10-01,European Union (EU),BMW,YTD,Q,1753942,2025Q4,1759276800000
2025-10-01,European Union (EU),BMW Group,TTM,Q,2266327,2025Q4,1759276800000
2025-10-01,European Union (EU),BMW Group,UNITS,Q,201428,2025Q4,1759276800000
2025-10-01,European Union (EU),BMW Group,YTD,Q,2071632,2025Q4,1759276800000
2025-10-01,European Union (EU),BYD,TTM,Q,326162,2025Q4,1759276800000
2025-10-01,European Union (EU),BYD,UNITS,Q,47516,2025Q4,1759276800000
2025-10-01,European Union (EU),BYD,YTD,Q,307859,2025Q4,1759276800000
2025-10-01,European Union (EU),Citroen,TTM,Q,978809,2025Q4,1759276800000
2025-10-01,European Union (EU),Citroen,UNITS,Q,78523,2025Q4,1759276800000
2025-10-01,European Union (EU),Citroen,YTD,Q,913547,2025Q4,1759276800000
2025-10-01,European Union (EU),Cupra,TTM,Q,735634,2025Q4,1759276800000
2025-10-01,European Union (EU),Cupra,UNITS,Q,62215,2025Q4,1759276800000
2025-10-01,European Union (EU),Cupra,YTD,Q,684380,2025Q4,1759276800000
2025-10-01,European Union (EU),DS,TTM,Q,86699,2025Q4,1759276800000
2025-10-01,European Union (EU),DS,UNITS,Q,5873,2025Q4,1759276800000
2025-10-01,European Union (EU),DS,YTD,Q,78582,2025Q4,1759276800000
2025-10-01,European Union (EU),Dacia,TTM,Q,1705097,2025Q4,1759276800000
2025-10-01,European Union (EU),Dacia,UNITS,Q,137750,2025Q4,1759276800000
2025-10-01,European Union (EU),Dacia,YTD,Q,1552639,2025Q4,1759276800000
2025-10-01,European Union (EU),Fiat,TTM,Q,779682,2025Q4,1759276800000
2025-10-01,European Union (EU),Fiat,UNITS,Q,59080,2025Q4,1759276800000
2025-10-01,European Union (EU),Fiat,YTD,Q,738648,2025Q4,1759276800000
2025-10-01,European Union (EU),Ford,TTM,Q,911588,2025Q4,1759276800000
2025-10-01,European Union (EU),Ford,UNITS,Q,69172,2025Q4,1759276800000
2025-10-01,European Union (EU),Ford,YTD,Q,842521,2025Q4,1759276800000
2025-10-01,European Union (EU),Honda,TTM,Q,140020,2025Q4,1759276800000
2025-10-01,European Union (EU),Honda,UNITS,Q,11671,2025Q4,1759276800000
2025-10-01,European Union (EU),Honda,YTD,Q,130910,2025Q4,1759276800000
2025-10-01,European Union (EU),Hyundai,TTM,Q,1255088,2025Q4,1759276800000
2025-10-01,European Union (EU),Hyundai,UNITS,Q,110088,2025Q4,1759276800000
2025-10-01,European Union (EU),Hyundai,YTD,Q,1148207,2025Q4,1759276800000
2025-10-01,European Union (EU),Hyundai Group,TTM,Q,2421299,2025Q4,1759276800000
2025-10-01,European Union (EU),Hyundai Group,UNITS,Q,198961,2025Q4,1759276800000
2025-10-01,European Union (EU),Hyundai Group,YTD,Q,2223166,2025Q4,1759276800000
2025-10-01,European Union (EU),Jaguar,TTM,Q,4916,2025Q4,1759276800000
2025-10-01,European Union (EU),Jaguar,UNITS,Q,1,2025Q4,1759276800000
2025-10-01,European Union (EU),Jaguar,YTD,Q,3691,2025Q4,1759276800000
2025-10-01,European Union (EU),Jaguar Land Rover Group,TTM,Q,167082,2025Q4,1759276800000
2025-10-01,European Union (EU),Jaguar Land Rover Group,UNITS,Q,11195,2025Q4,1759276800000
2025-10-01,European Union (EU),Jaguar Land Rover Group,YTD,Q,149966,2025Q4,1759276800000
2025-10-01,European Union (EU),Jeep,TTM,Q,351134,2025Q4,1759276800000
2025-10-01,European Union (EU),Jeep,UNITS,Q,23697,2025Q4,1759276800000
2025-10-01,European Union (EU),Jeep,YTD,Q,325556,2025Q4,1759276800000
2025-10-01,European Union (EU),Kia,TTM,Q,1166211,2025Q4,1759276800000
2025-10-01,European Union (EU),Kia,UNITS,Q,88873,2025Q4,1759276800000
2025-10-01,European Union (EU),Kia,YTD,Q,1074959,2025Q4,1759276800000
2025-10-01,European Union (EU),Lancia/Chrysler,TTM,Q,34789,2025Q4,1759276800000
2025-10-01,European Union (EU),Lancia/Chrysler,UNITS,Q,3011,2025Q4,1759276800000
2025-10-01,European Union (EU),Lancia/Chrysler,YTD,Q,32450,2025Q4,1759276800000
2025-10-01,European Union (EU),Land Rover,TTM,Q,162166,2025Q4,1759276800000
2025-10-01,European Union (EU),Land Rover,UNITS,Q,11194,2025Q4,1759276800000
2025-10-01,European Union (EU),Land Rover,YTD,Q,146275,2025Q4,1759276800000
2025-10-01,European Union (EU),Lexus,TTM,Q,209821,2025Q4,1759276800000
2025-10-01,European Union (EU),Lexus,UNITS,Q,13765,2025Q4,1759276800000
2025-10-01,European Union (EU),Lexus,YTD,Q,192234,2025Q4,1759276800000
2025-10-01,European Union (EU),Mazda,TTM,Q,372417,2025Q4,1759276800000
2025-10-01,European Union (EU),Mazda,UNITS,Q,33435,2025Q4,1759276800000
2025-10-01,European Union (EU),Mazda,YTD,Q,336506,2025Q4,1759276800000
2025-10-01,European Union (EU),Mercedes-Benz,TTM,Q,1742308,2025Q4,1759276800000
2025-10-01,European Union (EU),Mercedes-Benz,UNITS,Q,156925,2025Q4,1759276800000
2025-10-01,European Union (EU),Mercedes-Benz,YTD,Q,1577032,2025Q4,1759276800000
2025-10-01,European Union (EU),Mini,TTM,Q,345252,2025Q4,1759276800000
2025-10-01,European Union (EU),Mini,UNITS,Q,32402,2025Q4,1759276800000
2025-10-01,European Union (EU),Mini,YTD,Q,317693,2025Q4,1759276800000
2025-10-01,European Union (EU),Mitsubishi,TTM,Q,135727,2025Q4,1759276800000
2025-10-01,European Union (EU),Mitsubishi,UNITS,Q,10170,2025Q4,1759276800000
2025-10-01,European Union (EU),Mitsubishi,YTD,Q,121369,2025Q4,1759276800000
2025-10-01,European Union (EU),Nissan,TTM,Q,638982,2025Q4,1759276800000
2025-10-01,European Union (EU),Nissan,UNITS,Q,42946,2025Q4,1759276800000
2025-10-01,European Union (EU),Nissan,YTD,Q,590962,2025Q4,1759276800000
2025-10-01,European Union (EU),Opel/Vauxhall,TTM,Q,932144,2025Q4,1759276800000
2025-10-01,European Union (EU),Opel/Vauxhall,UNITS,Q,77921,2025Q4,1759276800000
2025-10-01,European Union (EU),Opel/Vauxhall,YTD,Q,867567,2025Q4,1759276800000
2025-10-01,European Union (EU),Peugeot,TTM,Q,1685969,2025Q4,1759276800000
2025-10-01,European Union (EU),Peugeot,UNITS,Q,122513,2025Q4,1759276800000
2025-10-01,European Union (EU),Peugeot,YTD,Q,1558119,2025Q4,1759276800000
2025-10-01,European Union (EU),Porsche,TTM,Q,206591,2025Q4,1759276800000
2025-10-01,European Union (EU),Porsche,UNITS,Q,14650,2025Q4,1759276800000
2025-10-01,European Union (EU),Porsche,YTD,Q,187811,2025Q4,1759276800000
2025-10-01,European Union (EU),Renault,TTM,Q,2051992,2025Q4,1759276800000
2025-10-01,European Union (EU),Renault,UNITS,Q,184916,2025Q4,1759276800000
2025-10-01,European Union (EU),Renault,YTD,Q,1864188,2025Q4,1759276800000
2025-10-01,European Union (EU),Renault Group,TTM,Q,3780271,2025Q4,1759276800000
2025-10-01,European Union (EU),Renault Group,UNITS,Q,325126,2025Q4,1759276800000
2025-10-01,European Union (EU),Renault Group,YTD,Q,3438639,2025Q4,1759276800000
2025-10-01,European Union (EU),SAIC Motor,TTM,Q,652190,2025Q4,1759276800000
2025-10-01,European Union (EU),SAIC Motor,UNITS,Q,55967,2025Q4,1759276800000
2025-10-01,European Union (EU),SAIC Motor,YTD,Q,599179,2025Q4,1759276800000
2025-10-01,European Union (EU),Seat,TTM,Q,588430,2025Q4,1759276800000
2025-10-01,European Union (EU),Seat,UNITS,Q,47016,2025Q4,1759276800000
2025-10-01,European Union (EU),Seat,YTD,Q,538430,2025Q4,1759276800000
2025-10-01,European Union (EU),Skoda,TTM,Q,2159072,2025Q4,1759276800000
2025-10-01,European Union (EU),Skoda,UNITS,Q,191716,2025Q4,1759276800000
2025-10-01,European Union (EU),Skoda,YTD,Q,1988066,2025Q4,1759276800000
2025-10-01,European Union (EU),Stellantis,TTM,Q,5030166,2025Q4,1759276800000
2025-10-01,European Union (EU),Stellantis,UNITS,Q,383573,2025Q4,1759276800000
2025-10-01,European Union (EU),Stellantis,YTD,Q,4682652,2025Q4,1759276800000
2025-10-01,European Union (EU),Suzuki,TTM,Q,463059,2025Q4,1759276800000
2025-10-01,European Union (EU),Suzuki,UNITS,Q,34541,2025Q4,1759276800000
2025-10-01,European Union (EU),Suzuki,YTD,Q,424416,2025Q4,1759276800000
2025-10-01,European Union (EU),Tesla,TTM,Q,520036,2025Q4,1759276800000
2025-10-01,European Union (EU),Tesla,UNITS,Q,39262,2025Q4,1759276800000
2025-10-01,European Union (EU),Tesla,YTD,Q,438472,2025Q4,1759276800000
2025-10-01,European Union (EU),Toyota,TTM,Q,2465669,2025Q4,1759276800000
2025-10-01,European Union (EU),Toyota,UNITS,Q,186529,2025Q4,1759276800000
2025-10-01,European Union (EU),Toyota,YTD,Q,2258318,2025Q4,1759276800000
2025-10-01,European Union (EU),Toyota Group,TTM,Q,2675490,2025Q4,1759276800000
2025-10-01,European Union (EU),Toyota Group,UNITS,Q,200294,2025Q4,1759276800000
2025-10-01,European Union (EU),Toyota Group,YTD,Q,2450552,2025Q4,1759276800000
2025-10-01,European Union (EU),Volkswagen,TTM,Q,3659229,2025Q4,1759276800000
2025-10-01,European Union (EU),Volkswagen,UNITS,Q,310533,2025Q4,1759276800000
2025-10-01,European Union (EU),Volkswagen,YTD,Q,3364603,2025Q4,1759276800000
2025-10-01,European Union (EU),Volkswagen Group,TTM,Q,8936149,2025Q4,1759276800000
2025-10-01,European Union (EU),Volkswagen Group,UNITS,Q,773640,2025Q4,1759276800000
2025-10-01,European Union (EU),Volkswagen Group,YTD,Q,8226998,2025Q4,1759276800000
2025-10-01,European Union (EU),Volvo Cars,TTM,Q,730848,2025Q4,1759276800000
2025-10-01,European Union (EU),Volvo Cars,UNITS,Q,64237,2025Q4,1759276800000
2025-10-01,European Union (EU),Volvo Cars,YTD,Q,658015,2025Q4,1759276800000
